Pilot,Tail Number,Derived Origin,Start Latitude,Start Longitude,Derived Destination,End Latitude,End Longitude,Start Time,End Time,Total Duration,Total Distance,Initial Attitude Source,Device Model,Device Model Detailed,iOS Version,Battery Level,Battery State,GPS Source,Maximum Vertical Error,Minimum Vertical Error,Average Vertical Error,Maximum Horizontal Error,Minimum Horizontal Error,Average Horizontal Error,Imported From,Route Waypoints
"","N123ND","KBED",42.464190647045584,-71.29209578975224,"KBED",42.4692416,-71.2847168,1759684090999,1759690947450,5021.38990641,111.8920900249048,"None","iPad","iPad16,2","18.6",0.6,"iOS",16.0,2.4,2.8022644796051677,14.0,1.7,2.4925423859522,"iOS","KBED KORH KBED 3000ft"
Timestamp,Latitude,Longitude,Altitude,Course,Speed,Bank,Pitch,Horizontal Error,Vertical Error
1.7596850610004256E9,42.464190647045584,-71.29209578975224,143.02620424686125,316.40625,5.559395037482598,-0.21,2.22,3.5355339059327373,3.0
1.75968506200043E9,42.46421017687997,-71.29211934290015,143.4276986309861,319.21875,5.850971896362054,-0.21,2.22,3.5355339059327373,3.0
1.759685063000436E9,42.46423155073306,-71.29214155494356,143.33298200071624,323.0859375,5.96760245453438,-0.21,2.22,3.5355339059327373,3.0
1.759685064000441E9,42.46425506197146,-71.29216108477794,142.93489180837702,329.0625,5.96760245453438,-0.21,2.22,3.5355339059327373,3.0
1.7596850650004463E9,42.464280081952424,-71.29217675893688,142.7454585478373,335.390625,5.96760245453438,-0.21,2.22,3.5355339059327373,3.0
1.7596850660004516E9,42.46430652685693,-71.29218849360132,142.06502068386914,341.015625,5.987040880896435,-0.21,2.22,3.5355339059327373,3.0
1.759685067000457E9,42.464334103318365,-71.29219679168546,141.63128660106895,345.5859375,6.064794586344652,-0.21,2.22,3.5355339059327373,3.0
1.759685068000462E9,42.46436276942721,-71.29220232374155,141.5537911763027,350.859375,6.064794586344652,-0.21,2.22,3.5355339059327373,3.0
1.7596850690004678E9,42.46439357292137,-71.29220332956993,141.0890188742809,358.2421875,6.3563714452241085,-0.21,2.22,3.5355339059327373,3.0
1.7596850700004735E9,42.46442534033439,-71.29219913861834,140.68952695591227,5.2734375,6.8423325677241085,-0.21,2.22,3.5355339059327373,3.0
1.7596850709998012E9,42.46445756875208,-71.29218975088679,140.32587917458025,11.6015625,7.036716831344652,-0.21,2.22,3.5355339059327373,3.0
1.7596850719998026E9,42.46448962953171,-71.29217558547043,140.69092868194164,17.578125,7.036716831344652,-0.21,2.22,3.5355339059327373,3.0
1.7596850729998143E9,42.46452114548764,-71.29215664236926,140.55215780503465,23.5546875,7.2116631320517826,-0.21,2.22,3.5355339059327373,3.0
1.7596850739998171E9,42.4645524938055,-71.29213174811684,141.04416364134124,30.234375,7.522677953844652,-0.21,2.22,3.5355339059327373,3.0
1.759685074999817E9,42.464583297299654,-71.29210199236059,141.4104146281564,34.453125,8.125269634516979,-0.21,2.22,3.5355339059327373,3.0
1.7596850759998288E9,42.46461401697478,-71.29206930293822,141.48550709401513,37.265625,8.377969640672326,-0.21,2.22,3.5355339059327373,3.0
1.7596850769998353E9,42.46464523956409,-71.29203493713521,141.3513418883475,37.6171875,8.377969640672326,-0.21,2.22,3.5355339059327373,3.0
1.7596850779998393E9,42.46467763561985,-71.29199914640867,141.27184399782502,37.6171875,8.727861315189305,-0.21,2.22,3.5355339059327373,3.0
1.7596850789998522E9,42.46471112132302,-71.29196251749181,141.7826730122402,37.6171875,9.311015032948218,-0.21,2.22,3.5355339059327373,3.0
1.7596850799998572E9,42.46474561285457,-71.2919252180227,142.1168845469556,37.6171875,9.641468744551783,-0.21,2.22,3.5355339059327373,3.0
1.7596850809998574E9,42.464779475743384,-71.29188280559265,142.3778058349928,37.6171875,9.641468744551783,-0.21,2.22,3.5355339059327373,3.0
1.7596850819998698E9,42.4648165237554,-71.29184123135292,142.39863147885765,36.9140625,10.069114124516979,-0.21,2.22,3.5355339059327373,3.0
1.759685082999875E9,42.464855960609825,-71.29180016002738,142.83837295892656,36.9140625,11.079913222241087,-0.21,2.22,3.5355339059327373,3.0
1.7596850839998064E9,42.46489699002585,-71.29175674176895,143.2622949595212,37.96875,11.449243786568761,-0.21,2.22,3.5355339059327373,3.0
1.7596850849997783E9,42.46493894145122,-71.29171181476795,143.13934356208847,37.6171875,11.449243786568761,-0.21,2.22,3.5355339059327373,3.0
1.759685085999792E9,42.46498399418077,-71.29166697158598,143.8081671246705,36.9140625,11.97408176179287,-0.21,2.22,3.5355339059327373,3.0
1.7596850869998045E9,42.46503009464821,-71.29162179312789,143.72906972729925,37.6171875,12.265658620672326,-0.21,2.22,3.5355339059327373,3.0
1.7596850879998178E9,42.46507514737776,-71.29157301045143,143.78033285065882,36.9140625,12.401728068655348,-0.21,2.22,3.5355339059327373,3.0
1.7596850889998298E9,42.465120619202466,-71.29152665852689,143.49177753518558,36.2109375,12.401728068655348,-0.21,2.22,3.5355339059327373,3.0
1.7596850899998412E9,42.46516785122684,-71.29148265353524,143.21643849370346,36.5625,12.343412326120543,-0.21,2.22,3.5355339059327373,3.0
1.7596850909998527E9,42.46521357450864,-71.29143739125811,143.45092723375842,36.2109375,12.18790491522411,-0.21,2.22,3.5355339059327373,3.0
1.7596850919998634E9,42.46525728613368,-71.2913934700855,143.52581945304155,37.6171875,11.954643798879458,-0.21,2.22,3.5355339059327373,3.0
1.7596850929998748E9,42.46530078821114,-71.2913501356461,143.78674074107877,38.3203125,11.954643798879458,-0.21,2.22,3.5355339059327373,3.0
1.759685093999885E9,42.46534437410763,-71.29130981869184,143.64356443950808,37.265625,11.740820645448217,-0.21,2.22,3.5355339059327373,3.0
1.7596850949998956E9,42.46538829528025,-71.29126438877665,144.48019463246249,36.9140625,11.721382682534804,-0.21,2.22,3.5355339059327373,3.0
1.7596850959999049E9,42.465431336353035,-71.29122080288016,145.02406433185553,36.5625,11.449243786568761,-0.21,2.22,3.5355339059327373,3.0
1.7596850969999142E9,42.46547207240245,-71.29117696552657,145.14841745531763,36.2109375,11.449243786568761,-0.21,2.22,3.5355339059327373,3.0
1.7596850979999247E9,42.46551452674201,-71.29113354726815,144.5522833996869,36.5625,11.332613228396434,-0.21,2.22,3.5355339059327373,3.0
1.7596850989999337E9,42.46555664580545,-71.29108987755262,143.72866923414801,39.0234375,11.254859522948218,-0.21,2.22,3.5355339059327373,3.0
1.7596850999999425E9,42.46559788476905,-71.29104587256097,143.7673168232433,39.375,11.079913222241087,-0.21,2.22,3.5355339059327373,3.0
1.7596851009999514E9,42.46563891418508,-71.29100186756932,144.09331824835814,37.6171875,11.079913222241087,-0.21,2.22,3.5355339059327373,3.0
1.7596851019999595E9,42.46567990169159,-71.29095870076799,144.04445808390605,37.265625,11.00215951679287,-0.21,2.22,3.5355339059327373,3.0
1.7596851029999676E9,42.46571942236504,-71.29091930582308,144.19924868686292,36.9140625,10.943844701155347,-0.21,2.22,3.5355339059327373,3.0
1.7596851039999757E9,42.46575827248624,-71.29087915650689,144.28094928971723,36.9140625,10.730021547724109,-0.21,2.22,3.5355339059327373,3.0
1.7596851049999838E9,42.465797374064536,-71.2908387557336,144.29316433083025,36.5625,10.730021547724109,-0.21,2.22,3.5355339059327373,3.0
1.7596851059999921E9,42.46583697855702,-71.29079852259838,144.65040422174232,37.265625,10.652267842275892,-0.21,2.22,3.5355339059327373,3.0
1.759685107E9,42.46587574485919,-71.29076038493895,143.7655146040627,36.9140625,10.613390989551784,-0.21,2.22,3.5355339059327373,3.0
1.7596851080000074E9,42.46591547508022,-71.2907211576321,144.16440578270445,36.9140625,10.321814130672326,-0.21,2.22,3.5355339059327373,3.0
1.759685109000015E9,42.46595273263982,-71.2906817626872,143.75410054925217,37.265625,10.321814130672326,-0.21,2.22,3.5355339059327373,3.0
1.759685110000023E9,42.46599107984683,-71.29064270301842,144.890900359066,37.265625,10.224622462310696,-0.21,2.22,3.5355339059327373,3.0
1.7596851110000303E9,42.46602770876369,-71.29060322425448,145.0332756743342,37.96875,10.107990977241087,-0.21,2.22,3.5355339059327373,3.0
1.759685112000038E9,42.466063667128296,-71.29056550569021,145.16023200327942,38.3203125,9.835853008172327,-0.21,2.22,3.5355339059327373,3.0
1.759685113000045E9,42.466102014335306,-71.29052912823045,144.57431052300547,38.671875,9.933045603431239,-0.21,2.22,3.5355339059327373,3.0
1.7596851140000517E9,42.466138433704586,-71.29048973328554,144.92474203034632,39.0234375,9.89416875070713,-0.21,2.22,3.5355339059327373,3.0
1.7596851150000591E9,42.46617393106452,-71.29045008688354,144.32480328977874,39.375,9.89416875070713,-0.21,2.22,3.5355339059327373,3.0
1.7596851160000663E9,42.46621081143847,-71.29041505052828,144.1916393169892,35.15625,9.660906707465196,-0.21,2.22,3.5355339059327373,3.0
1.7596851170000722E9,42.46624928437403,-71.29038060090625,144.51784098867967,34.453125,9.738661339810696,-0.21,2.22,3.5355339059327373,3.0
1.7596851180000794E9,42.46628587138137,-71.29034589982712,144.83663353707206,35.15625,9.738661339810696,-0.21,2.22,3.5355339059327373,3.0
1.7596851190000858E9,42.46632111728421,-71.29030784598672,144.71648559169805,36.5625,9.758099302724109,-0.21,2.22,3.5355339059327373,3.0
1.7596851200000925E9,42.466357578563006,-71.29027163616502,145.18806627729106,37.265625,9.660906707465196,-0.21,2.22,3.5355339059327373,3.0
1.7596851210000992E9,42.46639383029422,-71.29023408523881,144.88269024946544,36.9140625,9.660906707465196,-0.21,2.22,3.5355339059327373,3.0
1.7596851220001063E9,42.46642836373529,-71.29019703722679,144.84704635900448,37.96875,9.660906707465196,-0.21,2.22,3.5355339059327373,3.0
1.7596851230001125E9,42.466464531647475,-71.29016124650025,144.47238501601316,37.265625,9.622029854741086,-0.21,2.22,3.5355339059327373,3.0
1.7596851240001187E9,42.46649956800273,-71.29012503667855,144.15199049501578,36.9140625,9.660906707465196,-0.21,2.22,3.5355339059327373,3.0
1.7596851250001256E9,42.466534227172346,-71.29008824012362,143.7885429602594,36.9140625,9.660906707465196,-0.21,2.22,3.5355339059327373,3.0
1.759685126000132E9,42.466570353175015,-71.29005018628322,143.87244627544558,37.265625,9.660906707465196,-0.21,2.22,3.5355339059327373,3.0
1.7596851270001388E9,42.466606688725264,-71.29001271917605,143.59890945314407,36.9140625,9.699783560189305,-0.21,2.22,3.5355339059327373,3.0
1.759685128000145E9,42.46664277281842,-71.28997667699241,143.4395131789479,36.5625,9.835853008172327,-0.21,2.22,3.5355339059327373,3.0
1.7596851290001512E9,42.46667927600673,-71.28994180827522,143.52361674070968,36.5625,9.913606713620544,-0.21,2.22,3.5355339059327373,3.0
1.7596851300001578E9,42.46671577919504,-71.2899045088061,144.19183956356483,36.9140625,9.89416875070713,-0.21,2.22,3.5355339059327373,3.0
1.7596851310001636E9,42.4667542521306,-71.28986771225118,144.3542395363954,37.6171875,9.913606713620544,-0.21,2.22,3.5355339059327373,3.0
1.7596851320001698E9,42.466790713409395,-71.28982848494434,144.35203682406353,37.265625,9.874729860896435,-0.21,2.22,3.5355339059327373,3.0
1.7596851330001757E9,42.466825624036105,-71.28978892236137,144.5893290161772,37.6171875,9.89416875070713,-0.21,2.22,3.5355339059327373,3.0
1.7596851340001822E9,42.46686095375797,-71.28974986269259,144.65681211216227,38.3203125,9.89416875070713,-0.21,2.22,3.5355339059327373,3.0
1.7596851350001888E9,42.466897247398705,-71.28970996483349,144.96018567423167,37.96875,9.913606713620544,-0.21,2.22,3.5355339059327373,3.0
1.7596851360001945E9,42.4669329123967,-71.28967216245019,145.74034633286027,37.6171875,9.99136041906876,-0.21,2.22,3.5355339059327373,3.0
1.7596851370002003E9,42.46697125960371,-71.2896333542385,145.34646131860913,37.96875,10.03023727179287,-0.21,2.22,3.5355339059327373,3.0
1.7596851380002065E9,42.46700931344411,-71.28959680914068,145.11437553746165,37.265625,10.010799308879458,-0.21,2.22,3.5355339059327373,3.0
1.7596851390002127E9,42.46704736728451,-71.28955858766221,145.4011286337543,35.5078125,10.010799308879458,-0.21,2.22,3.5355339059327373,3.0
1.7596851400002184E9,42.46708571449152,-71.28952556296372,145.3170250719925,35.859375,9.952483566344652,-0.21,2.22,3.5355339059327373,3.0
1.7596851410002255E9,42.467123265417726,-71.28948943696105,145.79000748361486,37.265625,9.952483566344652,-0.21,2.22,3.5355339059327373,3.0
1.7596851420002315E9,42.46716002006313,-71.2894536462345,145.76057123699823,37.6171875,9.816415045258914,-0.21,2.22,3.5355339059327373,3.0
1.759685143000237E9,42.46719635561338,-71.28941760405087,145.4285624146147,37.265625,9.660906707465196,-0.21,2.22,3.5355339059327373,3.0
1.7596851440002432E9,42.467230511868806,-71.28938156186723,145.5691355107023,36.5625,9.330453922758913,-0.21,2.22,3.5355339059327373,3.0
1.7596851450002494E9,42.467264500486166,-71.28934510058843,145.78400008634617,36.2109375,9.330453922758913,-0.21,2.22,3.5355339059327373,3.0
1.759685146000255E9,42.46729823764643,-71.28931174061381,145.66305115466966,36.5625,9.2332613275,-0.21,2.22,3.5355339059327373,3.0
1.7596851470002613E9,42.46733034033558,-71.2892776262679,145.78199762058995,38.3203125,8.902807615896435,-0.21,2.22,3.5355339059327373,3.0
1.759685148000267E9,42.467363071667464,-71.28924401483619,146.04211792232468,37.96875,8.416846493396434,-0.21,2.22,3.5355339059327373,3.0
1.7596851490002728E9,42.46739404279968,-71.28921358852767,145.82424964804648,36.5625,8.416846493396434,-0.21,2.22,3.5355339059327373,3.0
1.7596851500002785E9,42.46742212217531,-71.28918316221916,145.52488101748955,36.9140625,8.105831671603566,-0.21,2.22,3.5355339059327373,3.0
1.7596851510002847E9,42.46745141692689,-71.28915256827258,145.3494650172435,38.3203125,7.930885370896435,-0.21,2.22,3.5355339059327373,3.0
1.7596851520002904E9,42.46747878384075,-71.28912365070664,145.34065416791606,37.265625,7.386608969310272,-0.21,2.22,3.5355339059327373,3.0
1.7596851530002966E9,42.46750577356896,-71.2890963257023,145.5691355107023,35.859375,7.386608969310272,-0.21,2.22,3.5355339059327373,3.0
1.7596851540003023E9,42.467531925106854,-71.28907034180247,145.63321441490177,36.5625,7.231101558413837,-0.21,2.22,3.5355339059327373,3.0
1.7596851550003083E9,42.467557406092496,-71.28904419026458,145.44678485299644,36.5625,7.036716831344652,-0.21,2.22,3.5355339059327373,3.0
1.7596851560003147E9,42.467583306173296,-71.28901770345055,145.46841148316375,36.9140625,7.056155721155348,-0.21,2.22,3.5355339059327373,3.0
1.7596851570003204E9,42.46761017017296,-71.28899021080815,145.02786901679235,36.9140625,7.3282936902241085,-0.21,2.22,3.5355339059327373,3.0
1.7596851580003262E9,42.46763791427246,-71.28896171233737,144.59133148193345,36.9140625,7.3282936902241085,-0.21,2.22,3.5355339059327373,3.0
1.7596851590003319E9,42.46766670610985,-71.28893170512401,144.31178726236323,36.9140625,7.503239527482598,-0.21,2.22,3.5355339059327373,3.0
1.7596851600003386E9,42.467696839051754,-71.28890035680615,144.4984170708442,36.9140625,8.183585377051783,-0.21,2.22,3.5355339059327373,3.0
1.7596851610003433E9,42.46772806164107,-71.28886791884088,144.32159934456877,37.265625,8.533477051568761,-0.21,2.22,3.5355339059327373,3.0
1.75968516200035E9,42.4677609187015,-71.28883363685691,144.42272386525858,37.6171875,8.533477051568761,-0.21,2.22,3.5355339059327373,3.0
1.7596851630003557E9,42.46779503304741,-71.28879851668262,144.76314304381827,37.6171875,9.05831502679287,-0.21,2.22,3.5355339059327373,3.0
1.759685164000362E9,42.4678301532217,-71.2887630612322,144.07890049491326,36.9140625,9.563715039103565,-0.21,2.22,3.5355339059327373,3.0
1.7596851650003676E9,42.4678687518858,-71.28872970125758,144.43213545431286,36.2109375,9.835853008172327,-0.21,2.22,3.5355339059327373,3.0
1.7596851660003734E9,42.46790517125508,-71.28869441344523,144.6510049614692,36.5625,9.835853008172327,-0.21,2.22,3.5355339059327373,3.0
1.7596851670003793E9,42.467942889819355,-71.28865711397611,144.6520061943473,36.5625,10.049676161603566,-0.21,2.22,3.5355339059327373,3.0
1.7596851680003853E9,42.46798060838363,-71.28862023360216,144.44034556391344,35.5078125,10.010799308879458,-0.21,2.22,3.5355339059327373,3.0
1.759685169000391E9,42.46801706966242,-71.28858377232336,144.3594459473616,36.9140625,10.010799308879458,-0.21,2.22,3.5355339059327373,3.0
1.7596851700003967E9,42.46805344712219,-71.28854337155008,144.6037467696221,39.0234375,9.99136041906876,-0.21,2.22,3.5355339059327373,3.0
1.7596851710004027E9,42.46808680709681,-71.28850196494841,144.7032693177069,39.7265625,9.796976155448217,-0.21,2.22,3.5355339059327373,3.0
1.7596851720004091E9,42.468120250890465,-71.28845837905192,144.24830909789063,42.1875,9.524838186379457,-0.21,2.22,3.5355339059327373,3.0
1.7596851730004148E9,42.46815164111784,-71.28841931938314,144.53305972842705,44.296875,9.524838186379457,-0.21,2.22,3.5355339059327373,3.0
1.7596851740004206E9,42.46818223506442,-71.2883798406192,144.15659616625513,45.703125,9.427645591120543,-0.21,2.22,3.5355339059327373,3.0
1.7596851750004263E9,42.46821224227777,-71.28833759582722,143.96155600159798,48.8671875,9.349891885672326,-0.21,2.22,3.5355339059327373,3.0
1.7596851760004315E9,42.468239525372596,-71.28829560249233,143.99239397424398,50.625,9.174945584965196,-0.21,2.22,3.5355339059327373,3.0
1.759685177000438E9,42.46826400052986,-71.28825050785326,143.72366306975744,53.4375,9.174945584965196,-0.21,2.22,3.5355339059327373,3.0
1.7596851780004435E9,42.46828726031116,-71.28820373683357,144.28175027601972,56.6015625,9.000000211155347,-0.21,2.22,3.5355339059327373,3.0
1.7596851790004497E9,42.4683111487352,-71.2881570496329,144.89670750975907,58.7109375,8.941684468620544,-0.21,2.22,3.5355339059327373,3.0
1.7596851800004554E9,42.468331810126514,-71.28811195499384,145.10916912649546,61.5234375,8.688984462465196,-0.21,2.22,3.5355339059327373,3.0
1.759685181000461E9,42.46834957976124,-71.28806434578382,144.8566581946344,63.28125,8.688984462465196,-0.21,2.22,3.5355339059327373,3.0
1.7596851820004673E9,42.46836596638194,-71.2880153954693,145.15903052382566,67.5,8.611230757016978,-0.21,2.22,3.5355339059327373,3.0
1.759685183000473E9,42.46838080235055,-71.28796661279284,144.79958792058173,66.796875,8.57235390429287,-0.21,2.22,3.5355339059327373,3.0
1.7596851840004792E9,42.46839530304304,-71.28791749484026,144.203453864951,69.2578125,8.30021593522411,-0.21,2.22,3.5355339059327373,3.0
1.7596851850004845E9,42.468408294992955,-71.28786753869736,143.3874490692858,71.3671875,8.30021593522411,-0.21,2.22,3.5355339059327373,3.0
1.759685186000491E9,42.46842015538594,-71.28781741491639,143.0968912880563,73.4765625,8.280777972310696,-0.21,2.22,3.5355339059327373,3.0
1.7596851870004964E9,42.46843046512684,-71.28776720731639,142.44809238303662,76.2890625,8.066954818879458,-0.21,2.22,3.5355339059327373,3.0
1.7596851880005026E9,42.46843867939195,-71.28771691589736,141.0281439152914,78.75,7.930885370896435,-0.21,2.22,3.5355339059327373,3.0
1.7596851890005076E9,42.46844530109546,-71.28766670829737,140.32587917458025,81.2109375,7.969762223620544,-0.21,2.22,3.5355339059327373,3.0
1.759685190000514E9,42.46845012068978,-71.28761624924027,139.39933826917098,83.3203125,7.969762223620544,-0.21,2.22,3.5355339059327373,3.0
1.7596851910005195E9,42.46845355727008,-71.28756528726899,138.9914359946262,85.078125,8.04751592906876,-0.21,2.22,3.5355339059327373,3.0
1.7596851920005257E9,42.468455443198295,-71.28751348710739,138.5432841583811,86.8359375,8.280777972310696,-0.21,2.22,3.5355339059327373,3.0
1.7596851930005317E9,42.46845607184103,-71.28746042966031,138.2559303223616,88.59375,8.43628538320713,-0.21,2.22,3.5355339059327373,3.0
1.759685194000537E9,42.468455652745874,-71.2874059472897,137.83100708888884,90.703125,8.43628538320713,-0.21,2.22,3.5355339059327373,3.0
1.759685195000543E9,42.468453221993954,-71.28734903416716,137.6455787598616,93.1640625,8.863930763172327,-0.21,2.22,3.5355339059327373,3.0
1.7596851960005493E9,42.46844869576624,-71.28729119903528,138.05748596591886,95.625,9.369330775483022,-0.21,2.22,3.5355339059327373,3.0
1.7596851969999044E9,42.46844245124838,-71.28723219043695,138.44296062399383,97.3828125,9.622029854741086,-0.21,2.22,3.5355339059327373,3.0
1.759685197999906E9,42.46843365025005,-71.28717091872477,138.7729669806211,97.3828125,9.622029854741086,-0.21,2.22,3.5355339059327373,3.0
1.7596851989999185E9,42.46842778291783,-71.2871091440984,139.11618961123955,97.03125,9.933045603431239,-0.21,2.22,3.5355339059327373,3.0
1.7596851999999232E9,42.468420951666744,-71.28704451962494,139.20670106342132,97.734375,10.166306719775891,-0.21,2.22,3.5355339059327373,3.0
1.7596852009999275E9,42.46841592252484,-71.28697989515149,138.89611862462948,98.0859375,10.710583584810696,-0.21,2.22,3.5355339059327373,3.0
1.7596852019999394E9,42.4684102647402,-71.28691283992612,138.54088119947363,97.03125,11.041036369516979,-0.21,2.22,3.5355339059327373,3.0
1.7596852029999423E9,42.46840096082768,-71.28684176138722,138.07971333581304,96.328125,11.041036369516979,-0.21,2.22,3.5355339059327373,3.0
1.7596852039999423E9,42.46839408766708,-71.28676942556285,137.42670925270528,96.328125,11.429805823655348,-0.21,2.22,3.5355339059327373,3.0
1.7596852049999526E9,42.46838838797292,-71.28669616772913,137.34180470464096,96.6796875,12.246220657758913,-0.21,2.22,3.5355339059327373,3.0
1.759685205999953E9,42.46838155672184,-71.28661871894383,136.95152412875103,95.9765625,12.654428074810696,-0.21,2.22,3.5355339059327373,3.0
1.7596852069999542E9,42.46837451592317,-71.28653640865468,136.4823464020655,97.03125,12.654428074810696,-0.21,2.22,3.5355339059327373,3.0
1.7596852079999642E9,42.46836764276257,-71.28645384690844,137.4098885403529,97.734375,13.023757712241087,-0.21,2.22,3.5355339059327373,3.0
1.759685208999967E9,42.468360853421004,-71.2863717880764,137.3490135813634,97.03125,13.354211423844653,-0.21,2.22,3.5355339059327373,3.0
1.7596852099999695E9,42.4683523876988,-71.28629023215854,137.04263632065965,96.328125,13.548595687465196,-0.21,2.22,3.5355339059327373,3.0
1.7596852109999795E9,42.468346562276096,-71.28620632930779,137.1587793345212,97.3828125,13.548595687465196,-0.21,2.22,3.5355339059327373,3.0
1.7596852119999895E9,42.468339605296464,-71.28612267791414,137.5222268692776,97.03125,13.626350319810696,-0.21,2.22,3.5355339059327373,3.0
1.7596852129999986E9,42.46833269022635,-71.28603751777791,137.52543081448758,97.03125,13.723541988172327,-0.21,2.22,3.5355339059327373,3.0
1.7596852140000076E9,42.46832405686608,-71.28595311201298,138.01663566449167,98.0859375,13.742980877983022,-0.21,2.22,3.5355339059327373,3.0
1.7596852150000162E9,42.46831634551516,-71.28586677841031,138.51284667888638,97.03125,13.723541988172327,-0.21,2.22,3.5355339059327373,3.0
1.7596852160000248E9,42.46830846652618,-71.28578237264537,138.4169285691628,98.0859375,13.742980877983022,-0.21,2.22,3.5355339059327373,3.0
1.759685217000033E9,42.46830000080398,-71.28569679341399,138.557701911826,97.03125,13.82073458343124,-0.21,2.22,3.5355339059327373,3.0
1.7596852180000415E9,42.46829262472919,-71.28561230383002,138.35465188414392,97.03125,13.82073458343124,-0.21,2.22,3.5355339059327373,3.0
1.7596852190000494E9,42.46828554202101,-71.28552597022735,138.6974740216111,97.03125,13.82073458343124,-0.21,2.22,3.5355339059327373,3.0
1.7596852200000577E9,42.46827745348445,-71.28543745732986,138.0656960755194,97.3828125,13.91792625179287,-0.21,2.22,3.5355339059327373,3.0
1.7596852210000648E9,42.46826869439563,-71.28535070463204,137.95435897947283,97.734375,14.326133668844653,-0.21,2.22,3.5355339059327373,3.0
1.7596852220000727E9,42.46826064776859,-71.28526152118229,137.93653703424235,97.03125,14.442764227016978,-0.21,2.22,3.5355339059327373,3.0
1.7596852230000806E9,42.46825109239897,-71.28517250537061,137.43552010203268,97.03125,14.442764227016978,-0.21,2.22,3.5355339059327373,3.0
1.7596852240000877E9,42.468241243662746,-71.28508189699733,137.1253381563921,97.03125,14.578833675,-0.21,2.22,3.5355339059327373,3.0
1.7596852250000954E9,42.46823298748812,-71.28499179153823,136.8844415259172,97.3828125,14.559394785189305,-0.21,2.22,3.5355339059327373,3.0
1.759685226000103E9,42.468224857042046,-71.28489967442238,136.95012240272166,97.3828125,14.559394785189305,-0.21,2.22,3.5355339059327373,3.0
1.7596852270001104E9,42.46821517594388,-71.28480965278231,136.23604311404878,97.03125,14.481641079741086,-0.21,2.22,3.5355339059327373,3.0
1.7596852280001175E9,42.46820738077393,-71.28472013405644,135.99414525069577,97.3828125,14.481641079741086,-0.21,2.22,3.5355339059327373,3.0
1.7596852290001245E9,42.46819979515156,-71.28463028005444,136.1951928126216,97.03125,14.481641079741086,-0.21,2.22,3.5355339059327373,3.0
1.759685230000132E9,42.46819082651517,-71.28453807911956,136.76329234766507,97.03125,14.481641079741086,-0.21,2.22,3.5355339059327373,3.0
1.759685231000138E9,42.46818202551684,-71.28445015295529,136.96954632055713,97.03125,14.423326264103565,-0.21,2.22,3.5355339059327373,3.0
1.759685232000145E9,42.46817511044672,-71.28436021513426,137.64597925301285,96.6796875,14.384449411379457,-0.21,2.22,3.5355339059327373,3.0
1.7596852330001523E9,42.468166602815,-71.28427111550353,137.59391514335078,96.6796875,14.345572558655348,-0.21,2.22,3.5355339059327373,3.0
1.759685234000159E9,42.4681597296544,-71.28418033949218,137.6738135270245,96.328125,14.345572558655348,-0.21,2.22,3.5355339059327373,3.0
1.7596852350001655E9,42.46815088674656,-71.2840931676992,137.20463580033896,97.3828125,14.30669570593124,-0.21,2.22,3.5355339059327373,3.0
1.759685236000172E9,42.46814137328646,-71.28400264314494,137.36042763617394,98.0859375,14.287256816120543,-0.21,2.22,3.5355339059327373,3.0
1.7596852370001788E9,42.468133703845055,-71.2839148007997,137.6429755543785,97.03125,14.228942000483022,-0.21,2.22,3.5355339059327373,3.0
1.759685238000186E9,42.46812578294656,-71.28382737754963,137.23467278668247,97.03125,14.228942000483022,-0.21,2.22,3.5355339059327373,3.0
1.7596852390001924E9,42.46811773631951,-71.2837403733947,137.32538448543986,97.03125,14.228942000483022,-0.21,2.22,3.5355339059327373,3.0
1.7596852400001981E9,42.46810797140232,-71.28365186049722,137.00338799183749,97.3828125,14.170626257948218,-0.21,2.22,3.5355339059327373,3.0
1.759685241000205E9,42.468099715227694,-71.28356326378069,137.02181067679484,97.03125,14.034556809965196,-0.21,2.22,3.5355339059327373,3.0
1.7596852420002117E9,42.46809187814823,-71.28347575671158,137.6996453352799,97.3828125,14.034556809965196,-0.21,2.22,3.5355339059327373,3.0
1.7596852430002177E9,42.46808458589247,-71.28338959074698,137.82159549983453,97.734375,13.976241994327674,-0.21,2.22,3.5355339059327373,3.0
1.7596852440002244E9,42.46807670690349,-71.28330367623947,137.58830823923333,96.6796875,13.859611436155348,-0.21,2.22,3.5355339059327373,3.0
1.7596852450002306E9,42.46806819927177,-71.2832194381126,137.34440791012406,97.3828125,13.626350319810696,-0.21,2.22,3.5355339059327373,3.0
1.7596852460002365E9,42.46806069746843,-71.28313712782345,137.10311078649792,97.03125,13.626350319810696,-0.21,2.22,3.5355339059327373,3.0
1.759685247000243E9,42.468051645013006,-71.28305389552496,137.02781807406353,97.3828125,13.451404019103565,-0.21,2.22,3.5355339059327373,3.0
1.7596852480002499E9,42.46804540049514,-71.28297208815,137.82540018477138,97.03125,13.43196512929287,-0.21,2.22,3.5355339059327373,3.0
1.759685249000256E9,42.4680381501489,-71.28288919112764,137.7775412531974,97.3828125,13.140389197310697,-0.21,2.22,3.5355339059327373,3.0
1.7596852500002615E9,42.468030606436045,-71.2828045339056,137.9807915274551,97.734375,13.140389197310697,-0.21,2.22,3.5355339059327373,3.0
1.759685251000268E9,42.46802214071384,-71.28272465436838,137.6215491707868,96.6796875,13.101511417689304,-0.21,2.22,3.5355339059327373,3.0
1.7596852520002742E9,42.46801560282937,-71.282644355736,137.56367791043164,96.6796875,12.984880859516979,-0.21,2.22,3.5355339059327373,3.0
1.7596852530002813E9,42.468008059116514,-71.28256414092264,137.91611188352877,96.6796875,12.84881233843124,-0.21,2.22,3.5355339059327373,3.0
1.759685254000287E9,42.46800210796526,-71.28248308791898,138.19465487022086,95.9765625,12.84881233843124,-0.21,2.22,3.5355339059327373,3.0
1.7596852550002928E9,42.467995109076114,-71.28240689641915,138.62398352835734,97.734375,12.829373448620544,-0.21,2.22,3.5355339059327373,3.0
1.7596852560002985E9,42.46798769109181,-71.2823301181861,138.60556084339999,98.0859375,12.732181780258914,-0.21,2.22,3.5355339059327373,3.0
1.7596852570003057E9,42.467983458230705,-71.28225124447725,139.1099819673952,97.3828125,12.654428074810696,-0.21,2.22,3.5355339059327373,3.0
1.7596852580003119E9,42.467975160146565,-71.28217371187291,139.3496771184164,98.0859375,12.654428074810696,-0.21,2.22,3.5355339059327373,3.0
1.7596852590003176E9,42.46796933472386,-71.28209567635439,139.46682136515605,96.6796875,12.557235479551784,-0.21,2.22,3.5355339059327373,3.0
1.7596852600003238E9,42.467962210106165,-71.28201638355038,138.64100448728533,96.6796875,12.498919737016978,-0.21,2.22,3.5355339059327373,3.0
1.7596852610003302E9,42.467955839859755,-71.28193901858411,138.61156824066867,96.328125,12.382289178844653,-0.21,2.22,3.5355339059327373,3.0
1.759685262000336E9,42.46794888288012,-71.28186148597977,138.8500619122361,97.3828125,12.382289178844653,-0.21,2.22,3.5355339059327373,3.0
1.7596852630003424E9,42.467940459067435,-71.28178688704155,138.71669769287095,97.03125,12.304535473396434,-0.21,2.22,3.5355339059327373,3.0
1.759685264000348E9,42.46793107133588,-71.2817096058943,138.01323147270608,97.03125,12.265658620672326,-0.21,2.22,3.5355339059327373,3.0
1.7596852650003543E9,42.46792122259966,-71.28163266002319,137.86204530811045,97.3828125,12.18790491522411,-0.21,2.22,3.5355339059327373,3.0
1.75968526600036E9,42.46791158341101,-71.28155848018012,137.5841030611452,97.734375,12.18790491522411,-0.21,2.22,3.5355339059327373,3.0
1.7596852670003657E9,42.46790420733622,-71.28148119903288,137.55186336246987,97.03125,12.129589172689304,-0.21,2.22,3.5355339059327373,3.0
1.7596852680003724E9,42.46789712462804,-71.28140601336143,137.65278763658404,96.6796875,12.071274357051783,-0.21,2.22,3.5355339059327373,3.0
1.759685269000378E9,42.46788798835358,-71.28133233643256,137.20363456746085,97.734375,12.012958614516979,-0.21,2.22,3.5355339059327373,3.0
1.7596852700003843E9,42.46787977408847,-71.28125639638982,136.92088640268065,97.3828125,12.012958614516979,-0.21,2.22,3.5355339059327373,3.0
1.7596852710003903E9,42.46787315238497,-71.28118204890869,136.73886226543902,95.9765625,11.93520490906876,-0.21,2.22,3.5355339059327373,3.0
1.7596852720003958E9,42.4678645190247,-71.28110870725594,136.79252834770608,97.734375,11.857451203620544,-0.21,2.22,3.5355339059327373,3.0
1.7596852730004025E9,42.46785772968313,-71.28103720962189,137.0728735535788,97.734375,11.799136387983022,-0.21,2.22,3.5355339059327373,3.0
1.7596852740004082E9,42.46785119179866,-71.28096328123591,136.44530078557517,96.6796875,11.857451203620544,-0.21,2.22,3.5355339059327373,3.0
1.7596852750004148E9,42.4678446958237,-71.28088935284994,136.69781171743625,97.3828125,11.799136387983022,-0.21,2.22,3.5355339059327373,3.0
1.759685276000421E9,42.46783589482537,-71.28081584355913,135.8892160450691,97.3828125,11.760259535258914,-0.21,2.22,3.5355339059327373,3.0
1.7596852770004263E9,42.46782960839799,-71.2807449326583,135.74463801746904,97.3828125,11.624190087275892,-0.21,2.22,3.5355339059327373,3.0
1.7596852780004325E9,42.46782164558998,-71.28067192628167,135.31931429084503,96.6796875,11.624190087275892,-0.21,2.22,3.5355339059327373,3.0
1.7596852790004382E9,42.4678143114247,-71.28059900372408,135.60386467480583,97.03125,11.565874344741086,-0.21,2.22,3.5355339059327373,3.0
1.759685280000445E9,42.46780739635459,-71.2805285119184,135.23741344141507,97.3828125,11.507559529103565,-0.21,2.22,3.5355339059327373,3.0
1.7596852810004504E9,42.46780006218931,-71.28045910976014,135.54499218157255,97.734375,11.410366933844653,-0.21,2.22,3.5355339059327373,3.0
1.759685282000456E9,42.46779390149048,-71.28038886941157,135.72841804484355,96.6796875,11.410366933844653,-0.21,2.22,3.5355339059327373,3.0
1.7596852830004623E9,42.46778660923472,-71.28032030544362,135.12127042755353,97.03125,11.332613228396434,-0.21,2.22,3.5355339059327373,3.0
1.7596852840004685E9,42.4677791493409,-71.28025274730406,134.49549987873053,98.0859375,11.293736375672326,-0.21,2.22,3.5355339059327373,3.0
1.759685285000474E9,42.46777223427078,-71.2801854406216,134.12424272752483,97.03125,11.196544707310697,-0.21,2.22,3.5355339059327373,3.0
1.7596852860004804E9,42.46776578020534,-71.28011553554914,134.2361805632983,96.328125,11.21598267022411,-0.21,2.22,3.5355339059327373,3.0
1.7596852870004869E9,42.467759661416025,-71.28004797740958,134.53735141303582,96.328125,11.196544707310697,-0.21,2.22,3.5355339059327373,3.0
1.7596852880004926E9,42.46775425508848,-71.27997539012812,134.06897467265279,95.9765625,11.099352112051783,-0.21,2.22,3.5355339059327373,3.0
1.7596852890004978E9,42.46774847157529,-71.27990481450341,134.78685864626252,98.4375,11.021598406603566,-0.21,2.22,3.5355339059327373,3.0
1.7596852900005045E9,42.46774381961903,-71.27983566380225,134.93003494783324,97.3828125,11.021598406603566,-0.21,2.22,3.5355339059327373,3.0
1.7596852910005107E9,42.46773816183439,-71.27976751892946,135.14810346868705,97.3828125,10.96328266406876,-0.21,2.22,3.5355339059327373,3.0
1.7596852920005157E9,42.46773242023072,-71.27969912259958,135.46088861981076,97.03125,10.924405811344652,-0.21,2.22,3.5355339059327373,3.0
1.7596852930005221E9,42.467725463251085,-71.27963081008873,135.56281412680303,97.3828125,10.788337290258914,-0.21,2.22,3.5355339059327373,3.0
1.7596852940005288E9,42.467719805466444,-71.27956241375885,135.36116582515032,96.328125,10.788337290258914,-0.21,2.22,3.5355339059327373,3.0
1.759685295000534E9,42.46771309994391,-71.27949569380961,135.202370290681,96.6796875,10.788337290258914,-0.21,2.22,3.5355339059327373,3.0
1.7596852960005398E9,42.467705723869116,-71.27942922531746,135.09443738642,97.3828125,10.788337290258914,-0.21,2.22,3.5355339059327373,3.0
1.759685297000546E9,42.46769968889883,-71.27936342737756,135.09724083847874,97.734375,10.943844701155347,-0.21,2.22,3.5355339059327373,3.0
1.7596852980005522E9,42.46769499503306,-71.2792937737622,135.81412357921036,97.03125,11.00215951679287,-0.21,2.22,3.5355339059327373,3.0
1.7596852990005577E9,42.467689546795995,-71.27922604798458,136.14653289474512,97.734375,11.00215951679287,-0.21,2.22,3.5355339059327373,3.0
1.7596853000005634E9,42.46768514629683,-71.27915706492148,135.74383703116655,96.6796875,11.060475259327674,-0.21,2.22,3.5355339059327373,3.0
1.7596853010005696E9,42.46767827313623,-71.27908783040128,135.57222571585734,97.03125,11.254859522948218,-0.21,2.22,3.5355339059327373,3.0
1.7596853020005755E9,42.467672447713525,-71.2790178415098,135.08802949600005,97.03125,11.313175265483022,-0.21,2.22,3.5355339059327373,3.0
1.7596853030005817E9,42.467665867919536,-71.27894575714252,134.62425842685636,97.03125,11.313175265483022,-0.21,2.22,3.5355339059327373,3.0
1.7596853040005872E9,42.46765824038765,-71.27887476242266,135.09824207135685,97.3828125,11.429805823655348,-0.21,2.22,3.5355339059327373,3.0
1.7596853050005937E9,42.46765249878398,-71.27880209132216,135.35375670185226,97.3828125,11.585313234551784,-0.21,2.22,3.5355339059327373,3.0
1.7596853060005994E9,42.46764650572321,-71.27873101278327,135.63089796251498,97.3828125,11.643628050189305,-0.21,2.22,3.5355339059327373,3.0
1.759685307000606E9,42.467638962010355,-71.27866035333953,135.64972114062357,97.3828125,11.643628050189305,-0.21,2.22,3.5355339059327373,3.0
1.7596853080006113E9,42.46763162784508,-71.27858659259162,135.08262283845824,97.03125,11.740820645448217,-0.21,2.22,3.5355339059327373,3.0
1.75968530900062E9,42.46762597006044,-71.27851459204338,135.37698530462455,97.03125,11.585313234551784,-0.21,2.22,3.5355339059327373,3.0
1.759685310000624E9,42.46761939026645,-71.27844208858095,135.47911105819247,97.3828125,11.624190087275892,-0.21,2.22,3.5355339059327373,3.0
1.7596853110006294E9,42.46761314574859,-71.27837126149915,135.62208711318755,97.3828125,11.585313234551784,-0.21,2.22,3.5355339059327373,3.0
1.7596853120006354E9,42.46760623067847,-71.27829892567478,135.32031552372314,97.734375,11.546436381827673,-0.21,2.22,3.5355339059327373,3.0
1.7596853130006418E9,42.467599399427385,-71.27822742804072,135.29628593464835,97.3828125,11.526997492016978,-0.21,2.22,3.5355339059327373,3.0
1.7596853140006473E9,42.4675925681763,-71.27815458930216,135.2754602907835,96.6796875,11.526997492016978,-0.21,2.22,3.5355339059327373,3.0
1.759685315000653E9,42.46758586265376,-71.27808267257295,135.3823919621664,97.734375,11.526997492016978,-0.21,2.22,3.5355339059327373,3.0
1.7596853160006592E9,42.46757810939333,-71.27801209694825,135.18975475641673,97.03125,11.546436381827673,-0.21,2.22,3.5355339059327373,3.0
1.7596853170006657E9,42.4675716972374,-71.27794051549516,134.75461894758715,95.9765625,11.565874344741086,-0.21,2.22,3.5355339059327373,3.0
1.759685318000671E9,42.467563902067454,-71.27786859876595,134.50491146778484,96.328125,11.624190087275892,-0.21,2.22,3.5355339059327373,3.0
1.7596853190006766E9,42.467556400264115,-71.27779718495093,134.36353738539475,97.03125,11.624190087275892,-0.21,2.22,3.5355339059327373,3.0
1.7596853200006828E9,42.46755011383674,-71.27772677696429,134.47667670062194,98.0859375,11.624190087275892,-0.21,2.22,3.5355339059327373,3.0
1.7596853210006895E9,42.46754328258565,-71.27765133983574,134.21435368655534,96.6796875,11.624190087275892,-0.21,2.22,3.5355339059327373,3.0
1.7596853220006948E9,42.46753775052956,-71.27757833345912,134.00970168626827,97.3828125,11.760259535258914,-0.21,2.22,3.5355339059327373,3.0
1.759685323000107E9,42.467530206816704,-71.27750390215895,134.1008138781769,97.734375,11.760259535258914,-0.21,2.22,3.5355339059327373,3.0
1.7596853240001078E9,42.467524129936905,-71.27742997377298,134.46225894717705,96.6796875,11.760259535258914,-0.21,2.22,3.5355339059327373,3.0
1.7596853250001125E9,42.46751817878565,-71.27735612920604,134.89439105737227,97.734375,11.760259535258914,-0.21,2.22,3.5355339059327373,3.0
1.759685326000107E9,42.46751201808682,-71.27728220082007,135.77607672984192,97.3828125,11.779697498172327,-0.21,2.22,3.5355339059327373,3.0
1.759685327000102E9,42.467505522111864,-71.2772096135386,135.63410190772495,97.03125,11.799136387983022,-0.21,2.22,3.5355339059327373,3.0
1.759685328000107E9,42.46749760121337,-71.27713702625714,135.9062370039971,97.3828125,11.779697498172327,-0.21,2.22,3.5355339059327373,3.0
1.759685329000102E9,42.46749076996228,-71.27706334932826,135.91504785332452,97.3828125,11.779697498172327,-0.21,2.22,3.5355339059327373,3.0
1.7596853300001004E9,42.467483058611364,-71.27698950476132,136.14092599062766,97.03125,11.760259535258914,-0.21,2.22,3.5355339059327373,3.0
1.7596853310001054E9,42.4674752215319,-71.27691498964212,136.0400017165135,97.734375,11.799136387983022,-0.21,2.22,3.5355339059327373,3.0
1.7596853320001132E9,42.46746704917631,-71.27684106125615,135.6541265652873,98.4375,11.799136387983022,-0.21,2.22,3.5355339059327373,3.0
1.7596853330000954E9,42.467460595110865,-71.27676889306984,136.23744484007813,98.7890625,11.779697498172327,-0.21,2.22,3.5355339059327373,3.0
1.7596853340000987E9,42.46745368004075,-71.2766982336261,135.59285111314654,98.4375,11.740820645448217,-0.21,2.22,3.5355339059327373,3.0
1.7596853350000925E9,42.46744462758532,-71.27662816091559,134.94465294785374,97.03125,11.721382682534804,-0.21,2.22,3.5355339059327373,3.0
1.7596853360000932E9,42.46743750296763,-71.27655800438605,134.31287500176202,95.9765625,11.196544707310697,-0.21,2.22,3.5355339059327373,3.0
1.7596853370000987E9,42.467434192115874,-71.27648910514198,132.79240275305386,94.21875,11.196544707310697,-0.21,2.22,3.5355339059327373,3.0
1.7596853380001032E9,42.467431551816375,-71.27642188227854,132.0323668752754,93.1640625,10.788337290258914,-0.21,2.22,3.5355339059327373,3.0
1.7596853390001073E9,42.467430336440415,-71.27635750926218,131.4495492169236,92.109375,10.613390989551784,-0.21,2.22,3.5355339059327373,3.0
1.759685340000111E9,42.46743285101137,-71.27629430971227,131.30246810712825,88.9453125,9.44708448093124,-0.21,2.22,3.5355339059327373,3.0
1.7596853410001163E9,42.46743167754492,-71.27623404382847,131.2144597371418,90.703125,9.524838186379457,-0.21,2.22,3.5355339059327373,3.0
1.7596853420001202E9,42.467429623978646,-71.27617469995401,131.95567243681165,93.515625,9.524838186379457,-0.21,2.22,3.5355339059327373,3.0
1.759685343000125E9,42.46742819905511,-71.27611535607956,132.26445265642286,91.7578125,9.524838186379457,-0.21,2.22,3.5355339059327373,3.0
1.7596853440001292E9,42.46743121654025,-71.2760565151193,131.7973775187814,86.484375,9.155507622051783,-0.21,2.22,3.5355339059327373,3.0
1.7596853450001345E9,42.46743779633424,-71.27600069164417,130.77682084611695,80.859375,9.155507622051783,-0.21,2.22,3.5355339059327373,3.0
1.7596853460001392E9,42.467446513513536,-71.27594520344518,130.3315725852184,76.2890625,8.883369652983022,-0.21,2.22,3.5355339059327373,3.0
1.7596853470001438E9,42.467456655616374,-71.27589290036939,129.8573886941423,72.421875,8.747300205,-0.21,2.22,3.5355339059327373,3.0
1.7596853480001488E9,42.46747165922305,-71.27583959146521,128.91683052843936,70.3125,8.727861315189305,-0.21,2.22,3.5355339059327373,3.0
1.7596853490001535E9,42.46748611800602,-71.27578955150328,128.38197192494937,65.7421875,8.727861315189305,-0.21,2.22,3.5355339059327373,3.0
1.7596853500001588E9,42.467503803821714,-71.27574311575971,127.96115374627688,60.1171875,8.708423352275892,-0.21,2.22,3.5355339059327373,3.0
1.759685351000164E9,42.46752454903206,-71.27569885931096,128.3117855001934,55.1953125,8.416846493396434,-0.21,2.22,3.5355339059327373,3.0
1.7596853520001688E9,42.4675460486137,-71.27565653069995,129.02656565188096,55.1953125,8.358531677758913,-0.21,2.22,3.5355339059327373,3.0
1.759685353000174E9,42.467568847390325,-71.27561663284085,129.86720077634783,49.921875,8.358531677758913,-0.21,2.22,3.5355339059327373,3.0
1.7596853540001795E9,42.467595250385315,-71.27558042301915,129.80742717352425,44.6484375,8.319654825034805,-0.21,2.22,3.5355339059327373,3.0
1.7596853550001843E9,42.46762425177029,-71.27554815269194,130.3496949003123,39.375,8.30021593522411,-0.21,2.22,3.5355339059327373,3.0
1.7596853560001898E9,42.467655264812024,-71.27551998949728,130.18899702337455,34.453125,8.203023339965196,-0.21,2.22,3.5355339059327373,3.0
1.759685357000195E9,42.4676874513202,-71.27549584961615,130.04331763960857,29.53125,8.203023339965196,-0.21,2.22,3.5355339059327373,3.0
1.7596853580002003E9,42.467720811294825,-71.27547623596273,130.08777237939697,24.609375,8.125269634516979,-0.21,2.22,3.5355339059327373,3.0
1.759685359000206E9,42.4677550932788,-71.27546098089896,129.77218377621455,20.390625,7.9114474079830215,-0.21,2.22,3.5355339059327373,3.0
1.759685360000211E9,42.46778874662003,-71.27544891095839,129.5515120498776,17.2265625,7.269978411137946,-0.21,2.22,3.5355339059327373,3.0
1.759685361000217E9,42.467820765490146,-71.27543843357942,129.2779752275761,16.5234375,7.269978411137946,-0.21,2.22,3.5355339059327373,3.0
1.7596853620002222E9,42.46785064697495,-71.27542854293368,128.92003447364934,16.171875,6.958963125896435,-0.21,2.22,3.5355339059327373,3.0
1.7596853630002284E9,42.46787801388881,-71.27541965811632,128.80329072006091,15.46875,6.45356357703438,-0.21,2.22,3.5355339059327373,3.0
1.7596853640002337E9,42.467903746331544,-71.27541161148928,128.48489866481978,13.7109375,5.48164133203438,-0.21,2.22,3.5355339059327373,3.0
1.759685365000239E9,42.467928514855416,-71.27540431923352,128.67132822672514,13.0078125,5.48164133203438,-0.21,2.22,3.5355339059327373,3.0
1.7596853660002444E9,42.46795223564139,-71.27539752989195,128.7414145281933,13.0078125,5.3844492002241084,-0.21,2.22,3.5355339059327373,3.0
1.75968536700025E9,42.46797256175658,-71.27539434476874,128.70316743224924,6.6796875,4.9179265040861635,-0.21,2.22,3.5355339059327373,3.0
1.759685368000256E9,42.467989116015346,-71.27539669170163,129.32303070709133,352.265625,3.343412578413837,-0.21,2.22,3.5355339059327373,3.0
1.7596853690002608E9,42.468002066055746,-71.27540524124286,129.6614474198948,331.171875,3.343412578413837,-0.21,2.22,3.5355339059327373,3.0
1.759685370000267E9,42.468010070773275,-71.2754169759073,130.05433120126784,312.5390625,2.799136176827674,-0.21,2.22,3.5355339059327373,3.0
1.7596853710002728E9,42.46801434554389,-71.27542820765755,130.65086575004983,322.3828125,2.0215981954482176,-0.21,2.22,3.5355339059327373,3.0
1.759685372000278E9,42.468016441019685,-71.27543734393201,131.171807216534,322.03125,1.3218142671034592,-0.21,2.22,3.5355339059327373,3.0
1.7596853730002835E9,42.468017363029034,-71.27544438473068,131.45425501145075,322.03125,1.3218142671034592,-0.21,2.22,3.5355339059327373,3.0
1.759685374000289E9,42.468017656395645,-71.27545041970096,131.03343683277828,321.6796875,1.0885529190344865,-0.21,2.22,3.5355339059327373,3.0
1.759685375000295E9,42.468016147653074,-71.27545410773835,130.80345364067483,321.6796875,0.0,-0.21,2.22,3.5355339059327373,3.0
1.7596853760003004E9,42.468015435191305,-71.27545746049962,130.6702896678853,321.328125,0.0,-0.21,2.22,3.5355339059327373,3.0
1.7596853770003061E9,42.468015519010336,-71.27546198672734,130.19330232475048,321.328125,0.0,-0.21,2.22,3.5355339059327373,3.0
1.759685378000312E9,42.4680156866484,-71.27546760260246,129.66365013222668,320.9765625,0.0,-0.21,2.22,3.5355339059327373,3.0
1.759685379000318E9,42.46801577046743,-71.27547313465855,129.5541152553607,320.9765625,0.0,-0.21,2.22,3.5355339059327373,3.0
1.759685380000323E9,42.46801602192453,-71.27547925344787,129.17204478907132,320.625,0.0,-0.21,2.22,3.5355339059327373,3.0
1.7596853810003285E9,42.468016650567264,-71.27548562369428,129.04879302177517,320.625,0.0,-0.21,2.22,3.5355339059327373,3.0
1.759685382000335E9,42.468017446848066,-71.27549224539779,128.87618047358782,320.2734375,0.0,-0.21,2.22,3.5355339059327373,3.0
1.75968538300034E9,42.468018368857415,-71.27549878328226,128.7929780214163,320.2734375,0.0,-0.21,2.22,3.5355339059327373,3.0
1.7596853840003457E9,42.46801945850483,-71.27550540498576,128.66131589794395,319.921875,0.0,-0.21,2.22,3.5355339059327373,3.0
1.759685385000352E9,42.46802033860466,-71.27551194287024,128.3952883222283,319.921875,0.0,-0.21,2.22,3.5355339059327373,3.0
1.7596853860003576E9,42.46802121870449,-71.27551839693568,128.15138799311907,319.5703125,0.0,-0.21,2.22,3.5355339059327373,3.0
1.7596853870003633E9,42.468022098804326,-71.27552493482015,127.92651108869404,319.5703125,0.0,-0.21,2.22,3.5355339059327373,3.0
1.759685388000369E9,42.46802297890416,-71.2755313888856,127.70864281441582,319.21875,0.0,-0.21,2.22,3.5355339059327373,3.0
1.7596853890003746E9,42.46802390091351,-71.27553792677007,127.48706997848858,319.21875,0.0,-0.21,2.22,3.5355339059327373,3.0
1.75968539000038E9,42.46802486483237,-71.27554438083551,127.26559726584914,319.21875,0.0,-0.21,2.22,3.5355339059327373,3.0
1.7596853910003865E9,42.46802582875124,-71.27555075108192,127.03621481347258,318.8671875,0.0,-0.21,2.22,3.5355339059327373,3.0
1.759685392000392E9,42.4680267926701,-71.27555712132833,126.80452952547635,318.8671875,0.0,-0.21,2.22,3.5355339059327373,3.0
1.7596853930003977E9,42.46802771467945,-71.27556340775571,126.56373301828927,318.8671875,0.0,-0.21,2.22,3.5355339059327373,3.0
1.759685394000403E9,42.468028678598316,-71.27556961036406,126.32503910014623,318.515625,0.0,-0.21,2.22,3.5355339059327373,3.0
1.7596853950004096E9,42.46802964251718,-71.27557589679144,126.07403001760234,318.515625,0.0,-0.21,2.22,3.5355339059327373,3.0
1.7596853960004148E9,42.468030606436045,-71.27558201558075,125.82071809943879,318.1640625,0.0,-0.21,2.22,3.5355339059327373,3.0
1.7596853970004206E9,42.46803157035491,-71.2755882181891,125.57331345525613,318.1640625,0.0,-0.21,2.22,3.5355339059327373,3.0
1.7596853980004263E9,42.46803249236426,-71.27559433697841,125.323505852166,318.1640625,0.0,-0.21,2.22,3.5355339059327373,3.0
1.7596853990004325E9,42.46803345628312,-71.2756003719487,125.0706945504415,317.8125,0.0,-0.21,2.22,3.5355339059327373,3.0
1.7596854000004377E9,42.46803442020199,-71.27560632309995,124.83170026243502,317.8125,0.0,-0.21,2.22,3.5355339059327373,3.0
1.759685401000444E9,42.46803534221134,-71.2756122742512,124.57498415248587,317.8125,0.0,-0.21,2.22,3.5355339059327373,3.0
1.7596854020004494E9,42.4680363061302,-71.27561814158342,124.30465127539433,317.8125,0.0,-0.21,2.22,3.5355339059327373,3.0
1.759685403000455E9,42.46803727004907,-71.27562400891564,124.03541975446873,317.4609375,0.0,-0.21,2.22,3.5355339059327373,3.0
1.759685404000461E9,42.46803823396793,-71.27562979242883,123.75557516503508,317.4609375,0.0,-0.21,2.22,3.5355339059327373,3.0
1.7596854050004668E9,42.468039197886796,-71.27563549212299,123.47973550711392,317.4609375,0.0,-0.21,2.22,3.5355339059327373,3.0
1.7596854060004728E9,42.46804016180566,-71.27564119181714,123.18126798614729,317.4609375,0.0,-0.21,2.22,3.5355339059327373,3.0
1.7596854070004787E9,42.468041125724525,-71.2756468915113,122.89261254738622,317.109375,0.0,-0.21,2.22,3.5355339059327373,3.0
1.759685408000484E9,42.46804208964339,-71.27565259120546,122.6069608072595,317.109375,0.0,-0.21,2.22,3.5355339059327373,3.0
1.7596854090004907E9,42.46804309547177,-71.27565820708058,122.30759217670257,317.109375,0.0,-0.21,2.22,3.5355339059327373,3.0
1.7596854100004969E9,42.468044059390635,-71.2756638229557,122.01252884752155,317.109375,0.0,-0.21,2.22,3.5355339059327373,3.0
1.759685411000502E9,42.4680450233095,-71.2756693550118,121.70094517585161,316.7578125,0.0,-0.21,2.22,3.5355339059327373,3.0
1.7596854120005074E9,42.468045987228365,-71.2756748870679,121.3922650795282,316.7578125,0.0,-0.21,2.22,3.5355339059327373,3.0
1.759685413000513E9,42.46804695114723,-71.27568033530495,121.08718942156601,316.7578125,0.0,-0.21,2.22,3.5355339059327373,3.0
1.7596854140005193E9,42.468047915066094,-71.27568578354202,120.77650685948637,316.7578125,0.0,-0.21,2.22,3.5355339059327373,3.0
1.759685415000525E9,42.46804887898496,-71.27569114796005,120.45981690013802,316.40625,0.0,-0.21,2.22,3.5355339059327373,3.0
1.759685416000531E9,42.468049842903824,-71.27569659619711,120.14292669421405,316.40625,0.0,-0.21,2.22,3.5355339059327373,3.0
1.7596854170005364E9,42.46805080682269,-71.27570196061514,119.82213168006544,316.40625,0.0,-0.21,2.22,3.5355339059327373,3.0
1.7596854180005422E9,42.46805172883204,-71.27570732503317,119.49422791248219,316.40625,0.0,-0.21,2.22,3.5355339059327373,3.0
1.759685419000548E9,42.4680526927509,-71.27571260563217,119.1729322818945,316.40625,0.0,-0.21,2.22,3.5355339059327373,3.0
1.7596854200005538E9,42.46805365666977,-71.27571780241213,118.83711877457414,316.0546875,0.0,-0.21,2.22,3.5355339059327373,3.0
1.7596854210005598E9,42.468054578679116,-71.27572308301113,118.50030403437565,316.0546875,0.0,-0.21,2.22,3.5355339059327373,3.0
1.7596854220005655E9,42.46805554259798,-71.2757282797911,118.16869570514336,316.0546875,0.0,-0.21,2.22,3.5355339059327373,3.0
1.7596854230005717E9,42.46805646460733,-71.27573347657106,117.82937788274958,316.0546875,0.0,-0.21,2.22,3.5355339059327373,3.0
1.759685424000577E9,42.468057428526194,-71.27573867335103,117.49366449871701,316.0546875,0.0,-0.21,2.22,3.5355339059327373,3.0
1.7596854250005834E9,42.46805835053554,-71.27574378631196,117.16756295031438,315.703125,0.0,-0.21,2.22,3.5355339059327373,3.0
1.759685426000589E9,42.46805927254489,-71.27574898309193,116.82874574435965,315.703125,0.0,-0.21,2.22,3.5355339059327373,3.0
1.7596854270005944E9,42.46806019455424,-71.27575401223383,116.4794155931847,315.703125,0.0,-0.21,2.22,3.5355339059327373,3.0
1.7596854280006E9,42.46806111656359,-71.27575912519477,116.13499148311253,315.703125,0.0,-0.21,2.22,3.5355339059327373,3.0
1.7596854290006063E9,42.46806203857294,-71.27576415433667,115.78365886618134,315.703125,0.0,-0.21,2.22,3.5355339059327373,3.0
1.7596854300006118E9,42.46806291867277,-71.27576909965954,115.44744486570971,315.703125,0.0,-0.21,2.22,3.5355339059327373,3.0
1.759685431000618E9,42.46806384068212,-71.27577396116338,115.11083037208685,315.3515625,0.0,-0.21,2.22,3.5355339059327373,3.0
1.7596854320006232E9,42.46806472078195,-71.27577890648625,114.75649405652132,315.3515625,0.0,-0.21,2.22,3.5355339059327373,3.0
1.7596854330006294E9,42.468065600881786,-71.27578376799009,114.41156933001008,315.3515625,0.0,-0.21,2.22,3.5355339059327373,3.0
1.7596854340006354E9,42.46806648098162,-71.2757885456749,114.06183868568388,315.3515625,0.0,-0.21,2.22,3.5355339059327373,3.0
1.7596854350006406E9,42.46806736108145,-71.27579332335971,113.71981753451918,315.3515625,0.0,-0.21,2.22,3.5355339059327373,3.0
1.7596854360006466E9,42.468068241181285,-71.27579810104451,113.36347875319741,315.3515625,0.0,-0.21,2.22,3.5355339059327373,3.0
1.759685437000653E9,42.46806912128112,-71.27580279491029,112.99772838282135,315.0,0.0,-0.21,2.22,3.5355339059327373,3.0
1.7596854380006583E9,42.46807000138095,-71.27580748877607,112.65801006727632,315.0,0.0,-0.21,2.22,3.5355339059327373,3.0
1.7596854390006645E9,42.468070881480784,-71.27581218264184,112.308880162677,315.0,0.0,-0.21,2.22,3.5355339059327373,3.0
1.7596854400006704E9,42.46807176158062,-71.27581679268859,111.95634606629207,315.0,0.0,-0.21,2.22,3.5355339059327373,3.0
1.7596854410006757E9,42.46807264168045,-71.2758213189163,111.63755351789969,315.0,0.0,-0.21,2.22,3.5355339059327373,3.0
1.7596854420006819E9,42.4680735636898,-71.27582576132498,111.33548155857184,315.0,0.0,-0.21,2.22,3.5355339059327373,3.0
1.7596854430006866E9,42.468074401880116,-71.27583020373366,111.00237138002238,315.0,0.0,-0.21,2.22,3.5355339059327373,3.0
1.7596854440006928E9,42.46807528197995,-71.27583456232331,110.67476798230257,315.0,0.0,-0.21,2.22,3.5355339059327373,3.0
1.759685445000699E9,42.46807616207978,-71.27583892091296,110.34446125581184,315.0,0.0,-0.21,2.22,3.5355339059327373,3.0
1.7596854460007052E9,42.468077042179615,-71.27584319568358,110.0140544060333,315.0,0.0,-0.21,2.22,3.5355339059327373,3.0
1.759685447000711E9,42.46807792227945,-71.2758474704542,109.6866512548891,315.0,0.0,-0.21,2.22,3.5355339059327373,3.0
1.759685448000717E9,42.468078760469766,-71.27585174522481,109.36966092567732,315.0,0.0,-0.21,2.22,3.5355339059327373,3.0
1.75968544900014E9,42.468079682479114,-71.27585585235737,109.05937885674894,315.0,0.0,-0.21,2.22,3.5355339059327373,3.0
1.7596854500001385E9,42.46808056257895,-71.27585995948992,108.75250097960614,315.0,0.0,-0.21,2.22,3.5355339059327373,3.0
1.7596854510001445E9,42.46808144267878,-71.27586406662247,108.42089265037384,315.3515625,0.0,-0.21,2.22,3.5355339059327373,3.0
1.7596854520001428E9,42.46808236468813,-71.27586817375503,108.11471563624573,315.3515625,0.0,-0.21,2.22,3.5355339059327373,3.0
1.7596854530001402E9,42.46808324478796,-71.27587211324952,107.8092394851323,315.3515625,0.0,-0.21,2.22,3.5355339059327373,3.0
1.7596854540001435E9,42.468084124887795,-71.27587605274401,107.48203658056373,315.3515625,0.0,-0.21,2.22,3.5355339059327373,3.0
1.7596854550001326E9,42.46808500498763,-71.2758799922385,107.17906351164558,315.3515625,0.0,-0.21,2.22,3.5355339059327373,3.0
1.7596854560001297E9,42.46808588508746,-71.27588376409493,106.88139697698146,315.3515625,0.0,-0.21,2.22,3.5355339059327373,3.0
1.759685457000133E9,42.468086765187294,-71.27588761977039,106.57031392175057,315.3515625,0.0,-0.21,2.22,3.5355339059327373,3.0
1.7596854580001316E9,42.46808764528713,-71.27589139162681,106.25802938706595,315.3515625,0.0,-0.21,2.22,3.5355339059327373,3.0
1.759685459000125E9,42.46808852538696,-71.27589524730227,105.93653350990265,315.0,0.0,-0.21,2.22,3.5355339059327373,3.0
1.7596854600001283E9,42.46808940548679,-71.2758990191587,105.60752838615346,315.0,0.0,-0.21,2.22,3.5355339059327373,3.0
1.7596854610001256E9,42.46809032749614,-71.27590279101513,105.27251586513559,315.0,0.0,-0.21,2.22,3.5355339059327373,3.0
1.759685462000122E9,42.468091207595975,-71.27590656287155,104.9580286181191,315.3515625,0.0,-0.21,2.22,3.5355339059327373,3.0
1.759685463000123E9,42.46809208769581,-71.27591025090895,104.64724593275164,315.3515625,0.0,-0.21,2.22,3.5355339059327373,3.0
1.7596854640001225E9,42.46809296779564,-71.27591393894635,104.34717643918003,315.0,0.0,-0.21,2.22,3.5355339059327373,3.0
1.759685465000123E9,42.468093847895474,-71.27591754316471,104.03208845243668,315.3515625,0.0,-0.21,2.22,3.5355339059327373,3.0
1.759685466000122E9,42.46809472799531,-71.2759212312021,103.73672475339222,315.3515625,0.0,-0.21,2.22,3.5355339059327373,3.0
1.759685467000123E9,42.46809560809514,-71.27592475160144,103.46188632834917,315.3515625,0.0,-0.21,2.22,3.5355339059327373,3.0
1.759685468000124E9,42.46809648819497,-71.2759283558198,103.18214186220334,315.3515625,0.0,-0.21,2.22,3.5355339059327373,3.0
1.7596854690001247E9,42.468097368294806,-71.27593187621913,102.91401169744366,315.3515625,0.0,-0.21,2.22,3.5355339059327373,3.0
1.7596854700001264E9,42.468098206485124,-71.27593531279943,102.63667019020531,315.3515625,0.0,-0.21,2.22,3.5355339059327373,3.0
1.7596854710001276E9,42.46809904467544,-71.27593874937973,102.33650057334589,315.3515625,0.0,-0.21,2.22,3.5355339059327373,3.0
1.7596854720001292E9,42.468099924775274,-71.27594226977907,102.04233835375517,315.3515625,0.0,-0.21,2.22,3.5355339059327373,3.0
1.7596854730001316E9,42.46810076296559,-71.27594570635937,101.74897712046695,315.3515625,0.0,-0.21,2.22,3.5355339059327373,3.0
1.7596854740001342E9,42.46810160115591,-71.27594914293967,101.45351329813468,315.3515625,0.0,-0.21,2.22,3.5355339059327373,3.0
1.7596854750001366E9,42.468102439346225,-71.27595257951997,101.16676020184204,315.3515625,0.0,-0.21,2.22,3.5355339059327373,3.0
1.7596854760001392E9,42.46810327753654,-71.27595601610027,100.86558935210451,315.3515625,0.0,-0.21,2.22,3.5355339059327373,3.0
1.7596854770001423E9,42.46810411572686,-71.27595936886154,100.56311689962541,315.3515625,0.0,-0.21,2.22,3.5355339059327373,3.0
1.7596854780001452E9,42.46810491200766,-71.2759627216228,100.27726491292307,315.3515625,0.0,-0.21,2.22,3.5355339059327373,3.0
1.7596854790001483E9,42.46810570828846,-71.27596590674601,99.9920136659476,315.3515625,0.0,-0.21,2.22,3.5355339059327373,3.0
1.7596854800001519E9,42.46810646265975,-71.27596917568825,99.72298239159761,315.3515625,0.0,-0.21,2.22,3.5355339059327373,3.0
1.759685481000155E9,42.46810721703103,-71.27597236081145,99.4476433501155,315.3515625,0.0,-0.21,2.22,3.5355339059327373,3.0
1.7596854820001583E9,42.468108013311834,-71.27597546211562,99.15418199353947,315.3515625,0.0,-0.21,2.22,3.5355339059327373,3.0
1.7596854830001626E9,42.468108809592636,-71.27597864723883,98.86973173286648,315.703125,0.0,-0.21,2.22,3.5355339059327373,3.0
1.759685484000166E9,42.46810956396392,-71.275981748543,98.58838529411565,315.703125,0.0,-0.21,2.22,3.5355339059327373,3.0
1.7596854850001698E9,42.46811036024472,-71.27598484984718,98.32746400607842,315.703125,0.0,-0.21,2.22,3.5355339059327373,3.0
1.759685486000174E9,42.46811111461601,-71.27598795115135,98.05442780021598,315.703125,0.0,-0.21,2.22,3.5355339059327373,3.0
1.759685487000178E9,42.46811186898729,-71.27599096863649,97.78299356695851,315.703125,0.0,-0.21,2.22,3.5355339059327373,3.0
1.7596854880001822E9,42.46811258144906,-71.27599398612163,97.50925649808137,315.703125,0.0,-0.21,2.22,3.5355339059327373,3.0
1.7596854890001867E9,42.46811333582035,-71.27599691978774,97.23712140180923,315.703125,0.0,-0.21,2.22,3.5355339059327373,3.0
1.7596854900001917E9,42.46811404828212,-71.27599993727289,96.96218285347835,315.703125,0.0,-0.21,2.22,3.5355339059327373,3.0
1.7596854910001955E9,42.46811476074389,-71.276002870939,96.68293900377158,315.703125,0.0,-0.21,2.22,3.5355339059327373,3.0
1.7596854920001998E9,42.46811543129614,-71.27600588842414,96.4027940444745,316.0546875,0.0,-0.21,2.22,3.5355339059327373,3.0
1.7596854930002046E9,42.46811614375791,-71.27600882209025,96.12094698928462,316.0546875,0.0,-0.21,2.22,3.5355339059327373,3.0
1.759685494000209E9,42.468116814310164,-71.27601167193733,95.8283867422989,316.0546875,0.0,-0.21,2.22,3.5355339059327373,3.0
1.7596854950002136E9,42.46811748486242,-71.2760145217844,95.51730368706801,316.0546875,0.0,-0.21,2.22,3.5355339059327373,3.0
1.7596854960002193E9,42.46811819732419,-71.27601737163148,95.19811064552437,316.0546875,0.0,-0.21,2.22,3.5355339059327373,3.0
1.7596854970002234E9,42.46811886787644,-71.27602022147856,94.8854256176885,316.0546875,0.0,-0.21,2.22,3.5355339059327373,3.0
1.7596854980002282E9,42.468119538428695,-71.27602298750661,94.57614478163822,316.0546875,0.0,-0.21,2.22,3.5355339059327373,3.0
1.7596854990002337E9,42.46812016707143,-71.27602566971562,94.25905432913864,316.0546875,0.0,-0.21,2.22,3.5355339059327373,3.0
1.759685500000239E9,42.46812083762369,-71.27602843574367,93.93435450676535,316.0546875,0.0,-0.21,2.22,3.5355339059327373,3.0
1.7596855010002437E9,42.468121466266425,-71.27603103413365,93.61426035563142,316.0546875,0.0,-0.21,2.22,3.5355339059327373,3.0
1.759685502000248E9,42.46812209490916,-71.27603371634267,93.2669326702127,316.40625,0.0,-0.21,2.22,3.5355339059327373,3.0
1.7596855030002534E9,42.4681227235519,-71.27603631473265,92.93402273823887,316.40625,0.0,-0.21,2.22,3.5355339059327373,3.0
1.759685504000258E9,42.46812335219464,-71.27603891312263,92.60361588846031,316.40625,0.0,-0.21,2.22,3.5355339059327373,3.0
1.759685505000264E9,42.468123980837376,-71.27604142769358,92.29293332638068,316.40625,0.0,-0.21,2.22,3.5355339059327373,3.0
1.7596855060002685E9,42.46812465138963,-71.27604402608357,91.97574275059327,316.40625,0.0,-0.21,2.22,3.5355339059327373,3.0
1.7596855070002737E9,42.46812528003237,-71.27604654065452,91.66285747618177,316.40625,0.0,-0.21,2.22,3.5355339059327373,3.0
1.759685508000279E9,42.468125908675106,-71.27604905522547,91.34716874971154,316.40625,0.0,-0.21,2.22,3.5355339059327373,3.0
1.7596855090002837E9,42.46812653731784,-71.27605156979642,91.04279395476404,316.40625,0.0,-0.21,2.22,3.5355339059327373,3.0
1.759685510000289E9,42.46812716596058,-71.27605400054834,90.74652914612928,316.40625,0.0,-0.21,2.22,3.5355339059327373,3.0
1.7596855110002947E9,42.4681277526938,-71.27605643130026,90.46267962518317,316.7578125,0.0,-0.21,2.22,3.5355339059327373,3.0
1.7596855120003E9,42.46812838133654,-71.27605877823315,90.17883010423706,316.7578125,0.0,-0.21,2.22,3.5355339059327373,3.0
1.7596855130003054E9,42.46812896806976,-71.27606112516604,89.89528095315438,316.7578125,0.0,-0.21,2.22,3.5355339059327373,3.0
1.75968551400031E9,42.468129554802985,-71.27606347209893,89.59040554176782,316.7578125,0.0,-0.21,2.22,3.5355339059327373,3.0
1.7596855150003164E9,42.46813014153621,-71.27606581903181,89.30144973314331,316.7578125,0.0,-0.21,2.22,3.5355339059327373,3.0
1.759685516000321E9,42.46813068635991,-71.2760681659647,89.00037900669359,316.7578125,0.0,-0.21,2.22,3.5355339059327373,3.0
1.7596855170003262E9,42.46813123118362,-71.27607042907856,88.72123528027463,316.7578125,0.0,-0.21,2.22,3.5355339059327373,3.0
1.7596855180003314E9,42.468131776007326,-71.27607269219241,88.43658477302603,316.7578125,0.0,-0.21,2.22,3.5355339059327373,3.0
1.7596855190003374E9,42.46813232083103,-71.27607495530627,88.15984400551454,316.7578125,0.0,-0.21,2.22,3.5355339059327373,3.0
1.7596855200003426E9,42.46813286565474,-71.27607721842013,87.8843047174568,317.109375,0.0,-0.21,2.22,3.5355339059327373,3.0
1.7596855210003479E9,42.46813345238796,-71.27607939771495,87.60556148418908,317.109375,0.0,-0.21,2.22,3.5355339059327373,3.0
1.759685522000353E9,42.468133997211666,-71.27608166082881,87.34223723724436,317.109375,0.0,-0.21,2.22,3.5355339059327373,3.0
1.7596855230003588E9,42.46813454203537,-71.27608384012363,87.06429499027914,317.109375,0.0,-0.21,2.22,3.5355339059327373,3.0
1.7596855240003638E9,42.46813508685908,-71.27608593559943,86.78334904467957,317.109375,0.0,-0.21,2.22,3.5355339059327373,3.0
1.7596855250003695E9,42.468135631682784,-71.27608811489425,86.49369237304037,317.109375,0.0,-0.21,2.22,3.5355339059327373,3.0
1.759685526000375E9,42.468136134596975,-71.27609029418907,86.22676368773443,317.109375,0.0,-0.21,2.22,3.5355339059327373,3.0
1.75968552700038E9,42.46813667942068,-71.2760924734839,85.98096101615677,317.109375,0.0,-0.21,2.22,3.5355339059327373,3.0
1.7596855280003853E9,42.46813722424439,-71.27609456895969,85.7130310979727,317.109375,0.0,-0.21,2.22,3.5355339059327373,3.0
1.759685529000391E9,42.46813772715858,-71.27609666443549,85.43979464553463,317.109375,0.0,-0.21,2.22,3.5355339059327373,3.0
1.7596855300003972E9,42.46813818816325,-71.27609875991128,85.17917372736083,317.109375,0.0,-0.21,2.22,3.5355339059327373,3.0
1.7596855310004025E9,42.468138649167926,-71.27610085538707,84.91785194617235,317.109375,0.0,-0.21,2.22,3.5355339059327373,3.0
1.759685532000408E9,42.46813915208212,-71.2761027832248,84.59695680873591,317.4609375,0.0,-0.21,2.22,3.5355339059327373,3.0
1.7596855330004134E9,42.46813965499631,-71.27610471106253,84.25854009593243,317.4609375,0.0,-0.21,2.22,3.5355339059327373,3.0
1.7596855340004187E9,42.4681401579105,-71.27610663890026,83.92162523244613,317.4609375,0.0,-0.21,2.22,3.5355339059327373,3.0
1.7596855350004234E9,42.46814061891517,-71.27610848291896,83.58911579362355,317.4609375,0.0,-0.21,2.22,3.5355339059327373,3.0
1.7596855360004292E9,42.468141079919846,-71.27611032693765,83.27102410824584,317.4609375,0.0,-0.21,2.22,3.5355339059327373,3.0
1.759685537000435E9,42.46814154092452,-71.27611217095635,82.98577286127036,317.4609375,0.0,-0.21,2.22,3.5355339059327373,3.0
1.7596855380004406E9,42.468142001929195,-71.27611393115602,82.68069720330818,317.8125,0.0,-0.21,2.22,3.5355339059327373,3.0
1.7596855390004463E9,42.46814242102435,-71.27611569135568,82.38723584673214,317.8125,0.0,-0.21,2.22,3.5355339059327373,3.0
1.7596855400004516E9,42.46814284011951,-71.27611736773632,82.09087091480957,317.8125,0.0,-0.21,2.22,3.5355339059327373,3.0
1.7596855410004568E9,42.46814330112419,-71.27611904411695,81.76857405134378,317.8125,0.0,-0.21,2.22,3.5355339059327373,3.0
1.759685542000462E9,42.46814376212886,-71.27612080431662,81.46459974954752,317.8125,0.0,-0.21,2.22,3.5355339059327373,3.0
1.7596855430004678E9,42.468144223133535,-71.27612248069725,81.17944862585985,317.8125,0.0,-0.21,2.22,3.5355339059327373,3.0
1.759685544000473E9,42.468144642228694,-71.27612407325886,80.87547432406359,317.8125,0.0,-0.21,2.22,3.5355339059327373,3.0
1.7596855450004785E9,42.46814506132385,-71.27612574963949,80.55397844690029,317.8125,0.0,-0.21,2.22,3.5355339059327373,3.0
1.7596855460004845E9,42.46814548041901,-71.2761273422011,80.24910303551373,317.8125,0.0,-0.21,2.22,3.5355339059327373,3.0
1.7596855470004902E9,42.46814589951417,-71.2761289347627,79.94132404878063,317.8125,0.0,-0.21,2.22,3.5355339059327373,3.0
1.7596855480004961E9,42.46814631860933,-71.27613044350527,79.64435837713118,317.8125,0.0,-0.21,2.22,3.5355339059327373,3.0
1.7596855490005007E9,42.46814669579497,-71.27613195224784,79.3684185959222,317.8125,0.0,-0.21,2.22,3.5355339059327373,3.0
1.7596855500005062E9,42.46814711489013,-71.27613346099041,79.07455674619492,317.8125,0.0,-0.21,2.22,3.5355339059327373,3.0
1.7596855510005121E9,42.468147450166256,-71.27613488591395,78.79751560881999,317.8125,0.0,-0.21,2.22,3.5355339059327373,3.0
1.7596855520005178E9,42.468147869261415,-71.27613639465652,78.49854747141431,317.8125,0.0,-0.21,2.22,3.5355339059327373,3.0
1.759685553000523E9,42.46814828835657,-71.27613781958006,78.21059289566793,317.8125,0.0,-0.21,2.22,3.5355339059327373,3.0
1.7596855540005283E9,42.46814870745173,-71.27613932832263,77.92994731993178,317.8125,0.0,-0.21,2.22,3.5355339059327373,3.0
1.7596855550005345E9,42.46814912654689,-71.2761408370652,77.63758731952169,317.8125,0.0,-0.21,2.22,3.5355339059327373,3.0
1.7596855560005398E9,42.46814950373253,-71.27614234580777,77.34082189444787,317.8125,0.0,-0.21,2.22,3.5355339059327373,3.0
1.7596855570005448E9,42.46814992282769,-71.27614385455034,77.04325548307155,317.8125,0.0,-0.21,2.22,3.5355339059327373,3.0
1.7596855580005507E9,42.468150300013335,-71.27614536329291,76.7633107703501,317.8125,0.0,-0.21,2.22,3.5355339059327373,3.0
1.759685559000556E9,42.46815067719898,-71.27614678821645,76.4676467014422,317.8125,0.0,-0.21,2.22,3.5355339059327373,3.0
1.7596855600005622E9,42.468151096294136,-71.27614812932096,76.18199496131548,317.8125,0.0,-0.21,2.22,3.5355339059327373,3.0
1.7596855610005674E9,42.468151515389295,-71.27614947042547,75.8881331115882,317.8125,0.0,-0.21,2.22,3.5355339059327373,3.0
1.7596855620005727E9,42.46815189257494,-71.27615056007288,75.59707471391965,317.8125,0.0,-0.21,2.22,3.5355339059327373,3.0
1.7596855630005789E9,42.46815226976058,-71.27615173353932,75.32473937107189,317.8125,0.0,-0.21,2.22,3.5355339059327373,3.0
1.7596855640005836E9,42.46815264694622,-71.27615282318673,75.06321734330777,317.8125,0.0,-0.21,2.22,3.5355339059327373,3.0
1.7596855650005894E9,42.468153024131865,-71.27615391283415,74.81260875391514,317.8125,0.0,-0.21,2.22,3.5355339059327373,3.0
1.7596855660005953E9,42.468153443227024,-71.27615500248156,74.56220041109813,317.8125,0.0,-0.21,2.22,3.5355339059327373,3.0
1.7596855670006003E9,42.46815382041267,-71.27615609212897,74.3012791230609,317.8125,0.0,-0.21,2.22,3.5355339059327373,3.0
1.759685568000606E9,42.46815419759831,-71.27615709795735,74.03314895830121,317.8125,0.0,-0.21,2.22,3.5355339059327373,3.0
1.7596855690006118E9,42.468154532874436,-71.27615793614767,73.79595688947535,317.8125,0.0,-0.21,2.22,3.5355339059327373,3.0
1.7596855700006168E9,42.46815486815056,-71.27615877433799,73.57248171107967,317.8125,0.0,-0.21,2.22,3.5355339059327373,3.0
1.7596855710006227E9,42.468155161517174,-71.27615952870927,73.33889408061503,317.8125,0.0,-0.21,2.22,3.5355339059327373,3.0
1.7596855720006285E9,42.46815541297427,-71.27616028308056,73.11812223099028,317.8125,0.0,-0.21,2.22,3.5355339059327373,3.0
1.759685573000634E9,42.468155664431364,-71.27616103745184,72.91937750468409,317.8125,0.0,-0.21,2.22,3.5355339059327373,3.0
1.759685574000639E9,42.46815591588846,-71.2761617080041,72.71732870988012,317.8125,0.0,-0.21,2.22,3.5355339059327373,3.0
1.7596855750000243E9,42.468156167345555,-71.27616246237538,72.56383970966482,317.8125,0.0,-0.21,2.22,3.5355339059327373,3.0
1.7596855760000248E9,42.46815633498362,-71.2761630491086,72.45250261361822,317.8125,0.0,-0.21,2.22,3.5355339059327373,3.0
1.7596855770000339E9,42.468156460712166,-71.27616371966086,72.33475762715169,317.8125,0.0,-0.21,2.22,3.5355339059327373,3.0
1.7596855780000346E9,42.46815658644071,-71.27616422257505,72.23913988729154,317.8125,0.0,-0.21,2.22,3.5355339059327373,3.0
1.7596855790000286E9,42.46815671216926,-71.27616472548924,72.1778644351508,317.8125,0.0,-0.21,2.22,3.5355339059327373,3.0
1.7596855800000353E9,42.46815679598829,-71.27616522840343,72.11428614739037,317.8125,0.0,-0.21,2.22,3.5355339059327373,3.0
1.759685581000031E9,42.46815683789781,-71.27616556367956,72.05971895553301,317.8125,0.0,-0.21,2.22,3.5355339059327373,3.0
1.75968558200003E9,42.46815692171684,-71.27616589895568,72.00254855819254,317.8125,0.0,-0.21,2.22,3.5355339059327373,3.0
1.7596855830000367E9,42.468156963626356,-71.27616615041278,71.9422743389299,317.8125,0.0,-0.21,2.22,3.5355339059327373,3.0
1.7596855840000343E9,42.46815704744539,-71.27616640186987,71.90853279093737,317.8125,0.0,-0.21,2.22,3.5355339059327373,3.0
1.7596855850000288E9,42.46815713126442,-71.27616656950794,71.89281343475093,317.8125,0.0,-0.21,2.22,3.5355339059327373,3.0
1.759685586000037E9,42.46815721508345,-71.276166737146,71.88430295528694,317.8125,0.0,-0.21,2.22,3.5355339059327373,3.0
1.7596855870000305E9,42.46815729890248,-71.27616690478406,71.87008544841768,317.8125,0.0,-0.21,2.22,3.5355339059327373,3.0
1.759685588000028E9,42.468157340812,-71.27616715624116,71.84074932508886,317.8125,0.0,-0.21,2.22,3.5355339059327373,3.0
1.759685589000032E9,42.468157382721515,-71.27616740769825,71.79839717434453,317.8125,0.0,-0.21,2.22,3.5355339059327373,3.0
1.7596855900000348E9,42.468157382721515,-71.27616757533632,71.77356659896724,317.8125,0.0,-0.21,2.22,3.5355339059327373,3.0
1.7596855910000367E9,42.468157382721515,-71.27616774297438,71.74943688660461,317.8125,0.0,-0.21,2.22,3.5355339059327373,3.0
1.7596855920000396E9,42.468157382721515,-71.27616782679341,71.72660877698355,317.8125,0.0,-0.21,2.22,3.5355339059327373,3.0
1.7596855930000424E9,42.46815742463103,-71.27616791061244,71.71669657149019,317.8125,0.0,-0.21,2.22,3.5355339059327373,3.0
1.7596855940000455E9,42.46815742463103,-71.27616799443147,71.70948769476776,317.8125,0.0,-0.21,2.22,3.5355339059327373,3.0
1.7596855950000482E9,42.468157382721515,-71.27616799443147,71.7261081605445,317.8125,0.0,-0.21,2.22,3.5355339059327373,3.0
1.759685596000052E9,42.468157340812,-71.2761680782505,71.74032566741376,317.8125,0.0,-0.21,2.22,3.5355339059327373,3.0
1.7596855970000548E9,42.468157340812,-71.27616816206954,71.72250372218328,317.8125,0.0,-0.21,2.22,3.5355339059327373,3.0
1.7596855980000582E9,42.46815729890248,-71.27616816206954,71.70848646188963,317.8125,0.0,-0.21,2.22,3.5355339059327373,3.0
1.7596855990000618E9,42.46815725699297,-71.27616824588857,71.69396858515694,317.8125,0.0,-0.21,2.22,3.5355339059327373,3.0
1.7596856000000658E9,42.46815725699297,-71.2761683297076,71.66583394128186,317.8125,0.0,-0.21,2.22,3.5355339059327373,3.0
1.7596856010000696E9,42.46815721508345,-71.27616841352663,71.6421047220705,317.8125,0.0,-0.21,2.22,3.5355339059327373,3.0
1.7596856020000741E9,42.468157173173935,-71.27616841352663,71.62718635218656,317.8125,0.0,-0.21,2.22,3.5355339059327373,3.0
1.7596856030000775E9,42.46815713126442,-71.27616849734567,71.63029017410871,317.8125,0.0,-0.21,2.22,3.5355339059327373,3.0
1.759685604000082E9,42.468157089354904,-71.2761685811647,71.64400706453891,317.8125,0.0,-0.21,2.22,3.5355339059327373,3.0
1.759685605000086E9,42.46815704744539,-71.2761685811647,71.6533185303054,317.8125,0.0,-0.21,2.22,3.5355339059327373,3.0
1.7596856060000906E9,42.46815700553587,-71.2761685811647,71.65582161250069,317.8125,0.0,-0.21,2.22,3.5355339059327373,3.0
1.759685607000095E9,42.468156963626356,-71.27616866498373,71.6602270371644,317.8125,0.0,-0.21,2.22,3.5355339059327373,3.0
1.7596856080000987E9,42.46815692171684,-71.27616866498373,71.66623443443311,317.8125,0.0,-0.21,2.22,3.5355339059327373,3.0
1.7596856090001035E9,42.46815692171684,-71.27616866498373,71.66513307826717,317.8125,0.0,-0.21,2.22,3.5355339059327373,3.0
1.7596856100001078E9,42.468156879807324,-71.27616874880276,71.64681051659764,317.8125,0.0,-0.21,2.22,3.5355339059327373,3.0
1.7596856110001125E9,42.46815683789781,-71.27616874880276,71.65622210565193,317.8125,0.0,-0.21,2.22,3.5355339059327373,3.0
1.7596856120001168E9,42.46815679598829,-71.27616874880276,71.65181668098823,317.8125,0.0,-0.21,2.22,3.5355339059327373,3.0
1.759685613000122E9,42.46815675407878,-71.27616874880276,71.6773481193802,317.8125,0.0,-0.21,2.22,3.5355339059327373,3.0
1.7596856140001264E9,42.468156670259745,-71.27616874880276,71.6919661194007,317.8125,0.0,-0.21,2.22,3.5355339059327373,3.0
1.759685615000131E9,42.46815662835023,-71.27616874880276,71.71569533861208,317.8125,0.0,-0.21,2.22,3.5355339059327373,3.0
1.7596856160001366E9,42.4681565445312,-71.27616866498373,71.71008843449462,317.8125,0.0,-0.21,2.22,3.5355339059327373,3.0
1.7596856170001411E9,42.46815650262168,-71.27616866498373,71.70578313311871,317.8125,0.0,-0.21,2.22,3.5355339059327373,3.0
1.759685618000146E9,42.46815641880265,-71.2761685811647,71.70428128380155,317.8125,0.0,-0.21,2.22,3.5355339059327373,3.0
1.7596856190001507E9,42.468156376893134,-71.27616849734567,71.7047819002406,317.8125,0.0,-0.21,2.22,3.5355339059327373,3.0
1.7596856200001554E9,42.46815633498362,-71.27616849734567,71.711490160524,317.8125,0.0,-0.21,2.22,3.5355339059327373,3.0
1.7596856210001607E9,42.4681562930741,-71.27616841352663,71.71469410573395,317.8125,0.0,-0.21,2.22,3.5355339059327373,3.0
1.759685622000166E9,42.4681562930741,-71.2761683297076,71.71689681806582,317.8125,0.0,-0.21,2.22,3.5355339059327373,3.0
1.7596856230001707E9,42.46815625116459,-71.2761683297076,71.72160261259296,317.8125,0.0,-0.21,2.22,3.5355339059327373,3.0
1.759685624000176E9,42.46815625116459,-71.27616824588857,71.72801050301291,317.8125,0.0,-0.21,2.22,3.5355339059327373,3.0
1.759685625000181E9,42.46815620925507,-71.27616824588857,71.73451851672067,317.8125,0.0,-0.21,2.22,3.5355339059327373,3.0
1.7596856260001855E9,42.468156167345555,-71.27616816206954,71.72630840712011,317.8125,0.0,-0.21,2.22,3.5355339059327373,3.0
1.7596856270001912E9,42.468156167345555,-71.2761680782505,71.74232813316999,317.8125,0.0,-0.21,2.22,3.5355339059327373,3.0
1.759685628000196E9,42.46815612543604,-71.27616799443147,71.75534416058551,317.8125,0.0,-0.21,2.22,3.5355339059327373,3.0
1.7596856290002017E9,42.46815608352652,-71.27616791061244,71.76545661265449,317.8125,0.0,-0.21,2.22,3.5355339059327373,3.0
1.7596856300002065E9,42.46815608352652,-71.27616782679341,71.77566918801128,317.8125,0.0,-0.21,2.22,3.5355339059327373,3.0
1.7596856310002122E9,42.46815604161701,-71.27616782679341,71.7801747359628,317.8125,0.0,-0.21,2.22,3.5355339059327373,3.0
1.7596856320002174E9,42.46815599970749,-71.27616774297438,71.795493598998,317.8125,0.0,-0.21,2.22,3.5355339059327373,3.0
1.7596856330002217E9,42.468155957797975,-71.27616765915535,71.80080013325201,317.8125,0.0,-0.21,2.22,3.5355339059327373,3.0
1.7596856340002272E9,42.468155957797975,-71.27616757533632,71.80961098257943,317.8125,0.0,-0.21,2.22,3.5355339059327373,3.0
1.7596856350002332E9,42.46815591588846,-71.27616757533632,71.8025022291448,317.8125,0.0,-0.21,2.22,3.5355339059327373,3.0
1.7596856360002377E9,42.468155873978944,-71.27616749151728,71.81441690039439,317.8125,0.0,-0.21,2.22,3.5355339059327373,3.0
1.7596856370002432E9,42.46815583206943,-71.27616740769825,71.83313995521517,317.8125,0.0,-0.21,2.22,3.5355339059327373,3.0
1.759685638000249E9,42.46815579015991,-71.27616724006019,71.84525487304039,317.8125,0.0,-0.21,2.22,3.5355339059327373,3.0
1.7596856390002542E9,42.46815570634088,-71.27616715624116,71.85456633880688,317.8125,0.0,-0.21,2.22,3.5355339059327373,3.0
1.759685640000259E9,42.468155664431364,-71.2761669886031,71.8599729963487,317.8125,0.0,-0.21,2.22,3.5355339059327373,3.0
1.7596856410002644E9,42.46815562252185,-71.27616690478406,71.8632770648465,317.8125,0.0,-0.21,2.22,3.5355339059327373,3.0
1.75968564200027E9,42.46815558061233,-71.276166737146,71.87669358541326,317.8125,0.0,-0.21,2.22,3.5355339059327373,3.0
1.7596856430002747E9,42.46815553870282,-71.27616665332697,71.90753155805926,317.8125,0.0,-0.21,2.22,3.5355339059327373,3.0
1.7596856440002809E9,42.4681554967933,-71.2761664856889,71.94267483208115,317.8125,0.0,-0.21,2.22,3.5355339059327373,3.0
1.759685645000286E9,42.468155454883785,-71.27616631805084,71.94427680468614,317.8125,0.0,-0.21,2.22,3.5355339059327373,3.0
1.7596856460002909E9,42.46815537106475,-71.27616615041278,71.96820627047313,317.8125,0.0,-0.21,2.22,3.5355339059327373,3.0
1.7596856470002966E9,42.46815532915524,-71.27616606659375,71.98282427049364,317.8125,0.0,-0.21,2.22,3.5355339059327373,3.0
1.7596856480003014E9,42.46815528724572,-71.27616589895568,72.00364991435846,317.8125,0.0,-0.21,2.22,3.5355339059327373,3.0
1.759685649000307E9,42.46815520342669,-71.27616573131762,72.01866840753021,317.8125,0.0,-0.21,2.22,3.5355339059327373,3.0
1.7596856500003119E9,42.468155161517174,-71.27616564749859,72.03919368153161,317.8125,0.0,-0.21,2.22,3.5355339059327373,3.0
1.7596856510003176E9,42.46815511960766,-71.27616547986052,72.04490070893688,317.8125,0.0,-0.21,2.22,3.5355339059327373,3.0
1.7596856520003228E9,42.46815507769814,-71.27616531222246,72.05230983223494,317.8125,0.0,-0.21,2.22,3.5355339059327373,3.0
1.759685653000328E9,42.46815499387911,-71.27616506076536,72.08124546241253,317.8125,0.0,-0.21,2.22,3.5355339059327373,3.0
1.7596856540003333E9,42.46815491006008,-71.2761648931273,72.09976827065768,317.8125,0.0,-0.21,2.22,3.5355339059327373,3.0
1.759685655000339E9,42.46815486815056,-71.27616472548924,72.12690168165464,317.8125,0.0,-0.21,2.22,3.5355339059327373,3.0
1.7596856560003438E9,42.46815478433153,-71.27616455785117,72.14161980496296,317.8125,0.0,-0.21,2.22,3.5355339059327373,3.0
1.75968565700035E9,42.468154742422016,-71.27616439021311,72.15673842142253,317.8125,0.0,-0.21,2.22,3.5355339059327373,3.0
1.759685658000355E9,42.4681547005125,-71.27616422257505,72.1813687502242,317.8125,0.0,-0.21,2.22,3.5355339059327373,3.0
1.7596856590003607E9,42.46815461669347,-71.27616405493698,72.19899044887906,317.8125,0.0,-0.21,2.22,3.5355339059327373,3.0
1.7596856600003657E9,42.46815457478395,-71.27616380347989,72.22622398316383,317.8125,0.0,-0.21,2.22,3.5355339059327373,3.0
1.759685661000371E9,42.46815449096492,-71.27616363584183,72.24584814757492,317.8125,0.0,-0.21,2.22,3.5355339059327373,3.0
1.7596856620003765E9,42.46815440714589,-71.27616338438473,72.2619679969126,317.8125,0.0,-0.21,2.22,3.5355339059327373,3.0
1.759685663000382E9,42.46815436523637,-71.27616313292764,72.26937712021066,317.8125,0.0,-0.21,2.22,3.5355339059327373,3.0
1.7596856640003877E9,42.46815428141734,-71.27616296528957,72.28439561338242,317.8125,0.0,-0.21,2.22,3.5355339059327373,3.0
1.759685665000393E9,42.468154239507825,-71.27616271383248,72.291003750378,317.8125,0.0,-0.21,2.22,3.5355339059327373,3.0
1.7596856660003986E9,42.468154155688794,-71.27616246237538,72.31723605178465,317.8125,0.0,-0.21,2.22,3.5355339059327373,3.0
1.759685667000404E9,42.46815411377928,-71.27616229473732,72.33475762715169,317.8125,0.0,-0.21,2.22,3.5355339059327373,3.0
1.7596856680004091E9,42.468154029960246,-71.27616212709925,72.36169079157304,317.8125,0.0,-0.21,2.22,3.5355339059327373,3.0
1.7596856690004144E9,42.468153946141214,-71.27616187564216,72.35037686005032,317.8125,0.0,-0.21,2.22,3.5355339059327373,3.0
1.7596856700004199E9,42.4681539042317,-71.27616162418506,72.36499486007082,317.8125,0.0,-0.21,2.22,3.5355339059327373,3.0
1.7596856710004256E9,42.46815382041267,-71.276161456547,72.39443110668745,317.8125,0.0,-0.21,2.22,3.5355339059327373,3.0
1.75968567200043E9,42.46815377850315,-71.2761612050899,72.41015046287389,317.8125,0.0,-0.21,2.22,3.5355339059327373,3.0
1.759685673000436E9,42.46815369468412,-71.27616095363281,72.41295391493261,317.8125,0.0,-0.21,2.22,3.5355339059327373,3.0
1.7596856740004416E9,42.46815361086509,-71.27616078599475,72.42476846289439,317.8125,0.0,-0.21,2.22,3.5355339059327373,3.0
1.7596856750004468E9,42.46815356895557,-71.27616061835668,72.43668313414398,317.8125,0.0,-0.21,2.22,3.5355339059327373,3.0
1.759685676000452E9,42.46815348513654,-71.27616036689959,72.44419238072986,317.8125,0.0,-0.21,2.22,3.5355339059327373,3.0
1.7596856770004573E9,42.468153443227024,-71.27616019926153,72.45530606567695,317.8125,0.0,-0.21,2.22,3.5355339059327373,3.0
1.759685678000463E9,42.46815335940799,-71.27616003162346,72.47983627119082,317.8125,0.0,-0.21,2.22,3.5355339059327373,3.0
1.7596856790004683E9,42.46815327558896,-71.27615978016637,72.50276450409969,317.8125,0.0,-0.21,2.22,3.5355339059327373,3.0
1.7596856800004735E9,42.468153233679445,-71.2761596125283,72.52399064111577,317.8125,0.0,-0.21,2.22,3.5355339059327373,3.0
1.7596856810004795E9,42.46815319176993,-71.27615944489024,72.5465183808734,317.8125,0.0,-0.21,2.22,3.5355339059327373,3.0
1.7596856820004845E9,42.4681531079509,-71.27615927725218,72.56954673707008,317.8125,0.0,-0.21,2.22,3.5355339059327373,3.0
1.7596856830004897E9,42.468153024131865,-71.27615910961411,72.59137361381303,317.8125,0.0,-0.21,2.22,3.5355339059327373,3.0
1.759685684000495E9,42.46815298222235,-71.27615894197605,72.62411392892744,317.8125,0.0,-0.21,2.22,3.5355339059327373,3.0
1.7596856850005014E9,42.46815289840332,-71.27615877433799,72.65164783307566,317.8125,0.0,-0.21,2.22,3.5355339059327373,3.0
1.7596856860005069E9,42.468152814584286,-71.27615860669992,72.70130898383026,317.8125,0.0,-0.21,2.22,3.5355339059327373,3.0
1.7596856870005116E9,42.46815277267477,-71.27615843906186,72.74085768251587,317.8125,0.0,-0.21,2.22,3.5355339059327373,3.0
1.7596856880005178E9,42.46815268885574,-71.2761582714238,72.78290946339678,317.8125,0.0,-0.21,2.22,3.5355339059327373,3.0
1.7596856890005226E9,42.46815264694622,-71.27615810378573,72.81334694289153,317.8125,0.0,-0.21,2.22,3.5355339059327373,3.0
1.759685690000528E9,42.46815256312719,-71.27615785232864,72.86641228543171,317.8125,0.0,-0.21,2.22,3.5355339059327373,3.0
1.7596856910005333E9,42.46815247930816,-71.27615768469057,72.89785099780458,317.8125,0.0,-0.21,2.22,3.5355339059327373,3.0
1.7596856920005393E9,42.46815239548913,-71.27615751705251,72.94320684718328,317.8125,0.0,-0.21,2.22,3.5355339059327373,3.0
1.7596856930005445E9,42.468152311670096,-71.27615726559542,72.98155406641514,317.8125,0.0,-0.21,2.22,3.5355339059327373,3.0
1.7596856940005493E9,42.46815218594155,-71.27615709795735,73.01489512125643,317.8125,0.0,-0.21,2.22,3.5355339059327373,3.0
1.7596856950005555E9,42.46815214403203,-71.27615684650026,73.06936218982598,317.8125,0.0,-0.21,2.22,3.5355339059327373,3.0
1.7596856960005608E9,42.468152060213,-71.2761566788622,73.10230275151604,317.8125,0.0,-0.21,2.22,3.5355339059327373,3.0
1.7596856970005655E9,42.46815197639397,-71.2761564274051,73.13253998443516,317.8125,0.0,-0.21,2.22,3.5355339059327373,3.0
1.759685698000571E9,42.46815193448445,-71.27615625976703,73.17389090230138,317.8125,0.0,-0.21,2.22,3.5355339059327373,3.0
1.7596856990005763E9,42.46815185066542,-71.27615600830994,73.21564231331885,317.8125,0.0,-0.21,2.22,3.5355339059327373,3.0
1.7596857000005817E9,42.46815004855624,-71.27614276490293,68.09103207325364,320.625,1.6328293206206494,-0.21,2.22,3.5355339059327373,3.0
1.7596857009998932E9,42.46814900081834,-71.27611057839475,63.901373094773916,320.625,0.0,-0.21,2.22,3.5355339059327373,3.0
1.7596857019998894E9,42.4681486236327,-71.27608677378974,63.56666094361947,320.625,0.0,-0.21,2.22,3.5355339059327373,3.0
1.7596857029998994E9,42.46814870745173,-71.27607109963081,63.689712464340026,320.625,0.0,-0.21,2.22,3.5355339059327373,3.0
1.759685703999896E9,42.468148665542216,-71.27605961642347,63.90117284819829,320.625,0.0,-0.21,2.22,3.5355339059327373,3.0
1.7596857049998975E9,42.46814833026609,-71.27604980959676,63.994287505863156,320.625,0.0,-0.21,2.22,3.5355339059327373,3.0
1.759685705999908E9,42.468147659713836,-71.27604134387455,63.76820912198438,320.625,0.0,-0.21,2.22,3.5355339059327373,3.0
1.759685706999908E9,42.46814698916158,-71.27603488980911,63.7169459986248,320.625,0.0,-0.21,2.22,3.5355339059327373,3.0
1.759685707999905E9,42.46814602524272,-71.27602994448624,63.7263575876791,320.625,0.0,-0.21,2.22,3.5355339059327373,3.0
1.7596857089999156E9,42.46814501941434,-71.27602608881078,63.90738049204261,320.625,0.0,-0.21,2.22,3.5355339059327373,3.0
1.759685709999914E9,42.46814409740499,-71.2760232389637,64.1584896978743,320.625,0.0,-0.21,2.22,3.5355339059327373,3.0
1.7596857109999084E9,42.46814338494322,-71.27602080821178,64.4301241777074,320.625,0.0,-0.21,2.22,3.5355339059327373,3.0
1.7596857119999177E9,42.468142798209996,-71.2760182098218,64.36754712282509,320.625,0.0,-0.21,2.22,3.5355339059327373,3.0
1.7596857129999223E9,42.46814237911484,-71.27601577906988,64.38767190367524,320.625,0.0,-0.21,2.22,3.5355339059327373,3.0
1.7596857139999185E9,42.46814208574823,-71.27601368359409,64.48519198600381,320.625,0.0,-0.21,2.22,3.5355339059327373,3.0
1.759685714999929E9,42.468141792381616,-71.2760115881183,64.59442649300637,320.625,0.0,-0.21,2.22,3.5355339059327373,3.0
1.7596857159999385E9,42.468141499015005,-71.2760094926425,64.77234557544772,320.625,0.0,-0.21,2.22,3.5355339059327373,3.0
1.7596857169999475E9,42.46814116373888,-71.27600731334768,64.96708537024143,320.625,0.0,-0.21,2.22,3.5355339059327373,3.0
1.759685717999957E9,42.468140786553235,-71.27600530169092,65.14009841158001,320.625,0.0,-0.21,2.22,3.5355339059327373,3.0
1.7596857189999669E9,42.46814045127711,-71.27600354149125,65.2394207130892,320.625,0.0,-0.21,2.22,3.5355339059327373,3.0
1.7596857199999752E9,42.468140074091465,-71.27600186511062,65.3963139050901,320.625,0.0,-0.21,2.22,3.5355339059327373,3.0
1.759685720999984E9,42.46813973881534,-71.27600052400611,65.46850279560232,320.625,0.0,-0.21,2.22,3.5355339059327373,3.0
1.7596857219999924E9,42.468139361629696,-71.2759989314445,65.59445789166942,320.625,0.0,-0.21,2.22,3.5355339059327373,3.0
1.7596857230000002E9,42.46813894253454,-71.27599725506387,65.82103689198725,320.625,0.0,-0.21,2.22,3.5355339059327373,3.0
1.7596857240000088E9,42.46813848152986,-71.27599532722614,66.08366027591728,320.625,0.0,-0.21,2.22,3.5355339059327373,3.0
1.7596857250000167E9,42.46813802052519,-71.27599339938841,66.29692287895617,320.625,0.0,-0.21,2.22,3.5355339059327373,3.0
1.7596857260000248E9,42.46813760143003,-71.27599172300778,66.51519164638562,320.625,0.0,-0.21,2.22,3.5355339059327373,3.0
1.759685727000033E9,42.468137140425355,-71.27599029808424,66.67298594797683,320.625,0.0,-0.21,2.22,3.5355339059327373,3.0
1.759685728000041E9,42.4681367213302,-71.27598895697973,66.82247001667967,320.625,0.0,-0.21,2.22,3.5355339059327373,3.0
1.7596857290000477E9,42.46813630223504,-71.27598761587522,66.91258097571018,320.625,0.0,-0.21,2.22,3.5355339059327373,3.0
1.7596857300000548E9,42.46813600886843,-71.27598652622781,66.99778589363792,320.625,0.0,-0.21,2.22,3.5355339059327373,3.0
1.7596857310000622E9,42.468135715501816,-71.27598552039943,67.08008723621911,320.625,0.0,-0.21,2.22,3.5355339059327373,3.0
1.7596857320000694E9,42.46813546404472,-71.27598451457105,67.17740707197207,320.625,0.0,-0.21,2.22,3.5355339059327373,3.0
1.7596857330000763E9,42.46813517067811,-71.27598342492364,67.2771298666325,320.625,0.0,-0.21,2.22,3.5355339059327373,3.0
1.7596857340000834E9,42.4681348773115,-71.27598241909526,67.36974390785831,320.625,0.0,-0.21,2.22,3.5355339059327373,3.0
1.7596857350000901E9,42.468134625854404,-71.27598116180978,67.49079296282262,320.625,0.0,-0.21,2.22,3.5355339059327373,3.0
1.7596857360000975E9,42.46813424866876,-71.2759799045243,67.66250440141967,320.625,0.0,-0.21,2.22,3.5355339059327373,3.0
1.7596857370001035E9,42.46813378766409,-71.27597847960077,67.87877070309288,320.625,0.0,-0.21,2.22,3.5355339059327373,3.0
1.7596857380001109E9,42.4681332847499,-71.2759769708582,68.063197799242,320.625,0.0,-0.21,2.22,3.5355339059327373,3.0
1.759685739000117E9,42.46813286565474,-71.27597562975369,68.21678692274511,320.625,0.0,-0.21,2.22,3.5355339059327373,3.0
1.7596857400001235E9,42.46813240465006,-71.27597420483015,68.41593214220255,320.625,0.0,-0.21,2.22,3.5355339059327373,3.0
1.7596857410001302E9,42.468131985554905,-71.27597277990661,68.60166084109322,320.625,0.0,-0.21,2.22,3.5355339059327373,3.0
1.7596857420001364E9,42.468131566459746,-71.2759714388021,68.83414711539194,320.625,0.0,-0.21,2.22,3.5355339059327373,3.0
1.7596857430001426E9,42.468131189274104,-71.27597001387856,69.03669652663497,320.625,0.0,-0.21,2.22,3.5355339059327373,3.0
1.7596857440001488E9,42.46813081208846,-71.27596875659309,69.23744371869738,320.625,0.0,-0.21,2.22,3.5355339059327373,3.0
1.759685745000155E9,42.46813043490282,-71.27596749930761,69.42917981485675,320.625,0.0,-0.21,2.22,3.5355339059327373,3.0
1.7596857460001616E9,42.46813009962669,-71.27596632584117,69.58407054110141,320.625,0.0,-0.21,2.22,3.5355339059327373,3.0
1.7596857470001678E9,42.468129764350564,-71.27596506855569,69.73725917145329,320.625,0.0,-0.21,2.22,3.5355339059327373,3.0
1.759685748000174E9,42.46812947098395,-71.27596381127022,69.90096074702538,320.625,0.0,-0.21,2.22,3.5355339059327373,3.0
1.75968574900018E9,42.46812913570783,-71.27596247016571,70.08248426782797,320.625,0.0,-0.21,2.22,3.5355339059327373,3.0
1.7596857500001857E9,42.46812871661267,-71.27596096142314,70.36933748740842,320.625,0.0,-0.21,2.22,3.5355339059327373,3.0
1.7596857510001926E9,42.46812825560799,-71.2759592850425,70.68302374812241,320.625,0.0,-0.21,2.22,3.5355339059327373,3.0
1.7596857520001984E9,42.46812779460332,-71.27595760866187,70.89498474841974,320.625,0.0,-0.21,2.22,3.5355339059327373,3.0
1.7596857530002046E9,42.46812729168913,-71.27595593228124,71.08441800895943,320.625,0.0,-0.21,2.22,3.5355339059327373,3.0
1.7596857540002103E9,42.468126830684454,-71.2759542559006,71.27685496813349,320.625,0.0,-0.21,2.22,3.5355339059327373,3.0
1.7596857550002165E9,42.468126327770264,-71.275952663339,71.48461079034273,320.625,0.0,-0.21,2.22,3.5355339059327373,3.0
1.7596857560002217E9,42.46812578294656,-71.27595090313933,71.81131307847224,320.625,0.0,-0.21,2.22,3.5355339059327373,3.0
1.7596857570002284E9,42.46812528003237,-71.27594914293967,72.10417369532139,320.625,0.0,-0.21,2.22,3.5355339059327373,3.0
1.7596857580002341E9,42.46812473520866,-71.27594729892097,72.40093912039521,320.625,0.0,-0.21,2.22,3.5355339059327373,3.0
1.7596857590002394E9,42.468124190384955,-71.2759455387213,72.68188506599479,320.625,0.0,-0.21,2.22,3.5355339059327373,3.0
1.7596857600002456E9,42.46812360365173,-71.27594377852164,72.93449612114365,320.625,0.0,-0.21,2.22,3.5355339059327373,3.0
1.7596857610002518E9,42.46812305882803,-71.275942102141,73.14445465568474,320.625,0.0,-0.21,2.22,3.5355339059327373,3.0
1.759685762000257E9,42.46812259782335,-71.27594067721746,73.33639099841973,320.625,0.0,-0.21,2.22,3.5355339059327373,3.0
1.7596857630002637E9,42.468122178728194,-71.27593925229392,73.51390958770985,320.625,0.0,-0.21,2.22,3.5355339059327373,3.0
1.759685764000269E9,42.468121759633036,-71.27593782737038,73.72366787567532,320.625,0.0,-0.21,2.22,3.5355339059327373,3.0
1.7596857650002751E9,42.46812138244739,-71.27593631862781,73.87315194437815,320.625,0.0,-0.21,2.22,3.5355339059327373,3.0
1.759685766000281E9,42.468120963352234,-71.27593472606621,74.01983256102226,320.625,0.0,-0.21,2.22,3.5355339059327373,3.0
1.759685767000286E9,42.46812058616659,-71.27593321732364,74.17632525987192,320.625,0.0,-0.21,2.22,3.5355339059327373,3.0
1.7596857680002923E9,42.46812016707143,-71.27593162476204,74.36495753410912,320.625,0.0,-0.21,2.22,3.5355339059327373,3.0
1.759685769000298E9,42.468119747976274,-71.27593036747656,74.46988673973576,320.625,0.0,-0.21,2.22,3.5355339059327373,3.0
1.7596857700003037E9,42.46811941270015,-71.27592919401012,74.57751927413332,320.625,0.0,-0.21,2.22,3.5355339059327373,3.0
1.75968577100031E9,42.46811907742402,-71.27592802054367,74.66152271260732,320.625,0.0,-0.21,2.22,3.5355339059327373,3.0
1.7596857720003147E9,42.46811870023838,-71.2759267632582,74.83243316490186,320.625,0.0,-0.21,2.22,3.5355339059327373,3.0
1.7596857730003207E9,42.46811828114322,-71.27592542215369,74.99333128841522,320.625,0.0,-0.21,2.22,3.5355339059327373,3.0
1.7596857740003264E9,42.46811786204806,-71.27592416486821,75.13590685025906,320.625,0.0,-0.21,2.22,3.5355339059327373,3.0
1.7596857750003324E9,42.46811748486242,-71.27592290758274,75.28519067238626,320.625,0.0,-0.21,2.22,3.5355339059327373,3.0
1.7596857760003376E9,42.468117107676775,-71.27592156647823,75.44208386438717,320.625,0.0,-0.21,2.22,3.5355339059327373,3.0
1.7596857770003433E9,42.46811673049113,-71.27592030919276,75.59617360432935,320.625,0.0,-0.21,2.22,3.5355339059327373,3.0
1.7596857780003493E9,42.46811635330549,-71.27591905190728,75.72593338533328,320.625,0.0,-0.21,2.22,3.5355339059327373,3.0
1.759685779000355E9,42.46811593421033,-71.27591771080277,75.89253853625192,320.625,0.0,-0.21,2.22,3.5355339059327373,3.0
1.7596857800003614E9,42.46811564084372,-71.27591628587923,75.9661291527935,320.625,0.0,-0.21,2.22,3.5355339059327373,3.0
1.7596857810003672E9,42.468115389386625,-71.27591494477473,76.00487686517663,320.625,0.0,-0.21,2.22,3.5355339059327373,3.0
1.759685782000372E9,42.468115179839046,-71.27591351985119,76.08247241323068,320.625,0.0,-0.21,2.22,3.5355339059327373,3.0
1.7596857830003784E9,42.46811232999197,-71.27590094699643,70.37934981618959,320.625,0.0,-0.21,2.22,3.5355339059327373,3.0
1.7596857840003839E9,42.46811157562068,-71.27588904469393,68.97071527996707,295.6640625,0.9913606713620544,-0.21,2.22,3.5355339059327373,3.0
1.7596857850003896E9,42.468112749087126,-71.27588284208558,68.09073170339022,295.6640625,1.4190065147758912,-0.21,2.22,3.5355339059327373,3.0
1.7596857860003946E9,42.46811605993888,-71.27588284208558,67.21955897614079,296.015625,1.4190065147758912,-0.21,2.22,3.5355339059327373,3.0
1.7596857870004005E9,42.46812205299965,-71.27588393173299,66.92289367435478,312.1875,1.7105831419310271,-0.21,2.22,3.5355339059327373,3.0
1.7596857880004067E9,42.46813206937394,-71.27588510519944,67.33670322288046,323.0859375,3.3045357256897283,-0.21,2.22,3.5355339059327373,3.0
1.7596857890004115E9,42.46814497750482,-71.27588309354267,65.94208594695156,336.09375,3.829373700913837,-0.21,2.22,3.5355339059327373,3.0
1.7596857900004177E9,42.468161741311164,-71.27587513073466,65.38900490507984,349.453125,3.829373700913837,-0.21,2.22,3.5355339059327373,3.0
1.7596857910004237E9,42.468179133760245,-71.27586037858508,66.04431182380729,2.8125,4.101511669982598,-0.21,2.22,3.5355339059327373,3.0
1.759685792000429E9,42.468195227014334,-71.27584051347456,66.51078622172192,11.25,3.9654426854482177,-0.21,2.22,3.5355339059327373,3.0
1.7596857930004349E9,42.46821102690181,-71.27581872052632,67.09951115405458,14.4140625,4.02375796453438,-0.21,2.22,3.5355339059327373,3.0
1.7596857940004406E9,42.468227287793965,-71.2757972628542,68.13638792263234,11.6015625,4.02375796453438,-0.21,2.22,3.5355339059327373,3.0
1.7596857950004454E9,42.468244177328856,-71.27577655955336,69.38722815726365,8.7890625,4.179265838879457,-0.21,2.22,3.5355339059327373,3.0
1.759685796000452E9,42.468262198420675,-71.27575694589994,71.22248802285175,7.03125,4.684665387741511,-0.21,2.22,3.5355339059327373,3.0
1.7596857970004573E9,42.46828168634555,-71.27573749988458,73.08117673778777,6.328125,4.976241783172326,-0.21,2.22,3.5355339059327373,3.0
1.759685798000463E9,42.468302263917835,-71.27571755095504,75.01866248023158,5.9765625,4.976241783172326,-0.21,2.22,3.5355339059327373,3.0
1.7596857990004687E9,42.468323721589954,-71.27569743438742,78.27597340260895,6.328125,5.248380215689728,-0.21,2.22,3.5355339059327373,3.0
1.759685800000474E9,42.46834643654755,-71.27567606053434,80.68544032379702,7.03125,5.948164028172326,-0.21,2.22,3.5355339059327373,3.0
1.7596858010004795E9,42.46837032497159,-71.2756537646719,82.83468681996254,9.140625,6.2397408870517825,-0.21,2.22,3.5355339059327373,3.0
1.7596858020004852E9,42.46839417148611,-71.2756297086098,85.83658323513232,11.953125,6.084233476155348,-0.21,2.22,3.5355339059327373,3.0
1.7596858030004916E9,42.4684144976013,-71.27560389234803,88.18637667678463,16.875,6.084233476155348,-0.21,2.22,3.5355339059327373,3.0
1.7596858040004969E9,42.468428621108146,-71.27557841136239,90.89731481757367,20.7421875,3.654427631931027,-0.21,2.22,3.5355339059327373,3.0
1.7596858050005026E9,42.468436709644706,-71.2755556964048,93.50632745137042,23.203125,3.654427631931027,-0.21,2.22,3.5355339059327373,3.0
1.759685806000508E9,42.46844018813452,-71.27553708857975,95.160564412595,21.796875,2.2742979698792447,-0.21,2.22,3.5355339059327373,3.0
1.7596858070005138E9,42.468438637482436,-71.27552258788727,97.71120516959753,21.796875,0.0,-0.21,2.22,3.5355339059327373,3.0
1.7596858080005193E9,42.46842836965105,-71.27549417323551,99.54896811738091,21.796875,0.0,-0.21,2.22,3.5355339059327373,3.0
1.7596858090005252E9,42.46842233468077,-71.27547858289562,101.40895843505848,21.796875,0.0,-0.21,2.22,3.5355339059327373,3.0
1.7596858100005307E9,42.46841877237192,-71.27546936280213,103.17843730055431,21.796875,0.0,-0.21,2.22,3.5355339059327373,3.0
1.7596858110005364E9,42.468416802624674,-71.27546391456507,104.42977815162467,21.796875,0.0,-0.21,2.22,3.5355339059327373,3.0
1.7596858120005417E9,42.468415587248714,-71.2754605618038,105.69002997531028,21.796875,0.0,-0.21,2.22,3.5355339059327373,3.0
1.759685813000547E9,42.46841462332985,-71.27545829868994,106.1890444417637,21.796875,0.0,-0.21,2.22,3.5355339059327373,3.0
1.7596858140005534E9,42.46841407850614,-71.27545678994737,106.2644372774859,21.796875,0.0,-0.21,2.22,3.5355339059327373,3.0
1.7596858150005589E9,42.46841382704905,-71.27545561648093,106.49021529150123,21.796875,0.0,-0.21,2.22,3.5355339059327373,3.0
1.7596858160005639E9,42.46841382704905,-71.27545419155739,107.16614760751789,21.796875,0.0,-0.21,2.22,3.5355339059327373,3.0
1.7596858170005696E9,42.468413743230016,-71.27545335336707,107.30121392277583,21.796875,0.0,-0.21,2.22,3.5355339059327373,3.0
1.7596858180005755E9,42.468413743230016,-71.27545276663385,107.35788370367725,21.796875,0.0,-0.21,2.22,3.5355339059327373,3.0
1.759685819360291E9,42.4684032,-71.2754496,144.74409448818884,-1.0,0.0,-0.21,2.22,2.2,2.9
1.759685820149343E9,42.4683968,-71.2754496,138.1824146981626,-1.0,0.0,-0.21,2.22,2.2,2.9
1.759685820749059E9,42.4684032,-71.2754496,138.1824146981626,-1.0,0.0,-0.21,2.22,2.2,2.9
1.759685822149259E9,42.4684128,-71.2754496,139.82283464566916,-1.0,0.0,-0.21,2.22,2.2,2.9
1.759685822749258E9,42.4684128,-71.2754496,133.2611548556429,-1.0,0.0,-0.21,2.22,2.2,2.9
1.759685823562588E9,42.4684224,-71.2754496,131.62073490813634,-1.0,0.0,-0.21,2.22,2.2,2.9
1.7596858249938169E9,42.4684224,-71.2754432,136.54199475065604,-1.0,0.0,-0.21,2.22,2.2,2.9
1.759685825559877E9,42.4684128,-71.2754368,126.69947506561667,-1.0,0.0,-0.21,2.22,2.2,2.9
1.759685826377687E9,42.4684128,-71.2754368,133.2611548556429,-1.0,0.0,-0.21,2.22,2.2,2.9
1.759685826990882E9,42.4684096,-71.2754432,134.90157480314946,-1.0,0.0,-0.21,2.22,2.2,2.9
1.759685828349187E9,42.4684224,-71.2754432,143.10367454068228,-1.0,0.0,-0.21,2.22,2.2,2.9
1.759685828988103E9,42.4684128,-71.2754432,136.54199475065604,-1.0,0.0,-0.21,2.22,2.2,2.9
1.759685830371412E9,42.4684448,-71.2754432,136.54199475065604,-1.0,0.0,-0.21,2.22,2.2,2.9
1.7596858309852638E9,42.4684384,-71.2754432,141.46325459317572,-1.0,0.0,-0.21,2.22,2.2,2.9
1.759685831598722E9,42.4684384,-71.2754432,141.46325459317572,-1.0,0.0,-0.21,2.22,2.2,2.9
1.7596858329818912E9,42.4684288,-71.2754496,148.02493438320195,-1.0,0.0,-0.21,2.22,2.2,2.9
1.759685833595326E9,42.4684192,-71.2754496,151.30577427821507,-1.0,0.0,-0.21,2.22,2.2,2.9
1.759685834979433E9,42.4684192,-71.2754496,151.30577427821507,-1.0,0.0,-0.21,2.22,2.2,2.9
1.759685835592036E9,42.4684128,-71.2754496,143.10367454068228,-1.0,0.0,-0.21,2.22,2.2,2.9
1.7596858363629231E9,42.4684128,-71.2754624,149.6653543307085,-1.0,0.0,-0.21,2.22,2.2,2.9
1.7596858375893312E9,42.4684032,-71.2754688,148.02493438320195,-1.0,0.0,-0.21,2.22,2.2,2.9
1.7596858383592849E9,42.4684032,-71.2754688,151.30577427821507,-1.0,0.0,-0.21,2.22,2.2,2.9
1.759685839586411E9,42.4684096,-71.2754688,152.94619422572163,-1.0,0.0,-0.21,2.22,2.2,2.9
1.759685840357895E9,42.4684096,-71.2754688,146.3845144356954,-1.0,0.0,-0.21,2.22,2.2,2.9
1.759685841583597E9,42.4684096,-71.2754496,139.82283464566916,-1.0,0.0,-0.21,2.22,2.2,2.9
1.759685842354518E9,42.4684128,-71.2754432,143.10367454068228,-1.0,0.0,-0.21,2.22,2.2,2.9
1.759685843784627E9,42.4684032,-71.2754368,139.82283464566916,-1.0,0.0,-0.21,2.22,2.2,2.9
1.759685844555502E9,42.4684032,-71.2754368,139.82283464566916,-1.0,0.0,-0.21,2.22,2.2,2.9
1.7596858453732119E9,42.468384,-71.2754304,134.90157480314946,-1.0,0.0,-0.21,2.22,2.2,2.9
1.759685845987262E9,42.468384,-71.2754304,141.46325459317572,-1.0,0.0,-0.21,2.22,2.2,2.9
1.759685846600161E9,42.4683872,-71.2754304,136.54199475065604,-1.0,0.0,-0.21,2.22,2.2,2.9
1.759685847983485E9,42.4684032,-71.2754304,141.46325459317572,-1.0,0.9100846571422334,-0.21,2.22,2.2,2.9
1.759685848597172E9,42.4684096,-71.2754304,139.82283464566916,-1.0,1.4077782921978916,-0.21,2.22,2.2,2.9
1.759685849980754E9,42.4684288,-71.2754368,141.46325459317572,14.722975061750224,2.753474760500846,-0.21,2.22,2.2,2.9
1.759685850551702E9,42.4684288,-71.2754304,134.90157480314946,13.958290074511394,3.465172014065365,-0.21,2.22,2.2,2.9
1.75968585197736E9,42.4684576,-71.275424,134.89829396325445,12.862751018958216,5.064451712875464,-0.21,2.22,2.2,2.9
1.759685852590561E9,42.46848,-71.2754112,139.81955380577412,11.53850484993143,5.733583425539345,-0.21,2.22,2.2,2.9
1.759685853974856E9,42.4685184,-71.2753984,133.2578740157479,10.954062643398334,7.36529833898343,-0.21,2.22,2.2,2.9
1.759685854587817E9,42.4685408,-71.2753984,134.89829396325445,10.980650010173543,7.959989784049712,-0.21,2.22,2.2,2.9
1.759685855971709E9,42.468592,-71.275392,133.2578740157479,11.100570021505305,9.389493272850812,-0.21,2.22,2.2,2.9
1.7596858565853748E9,42.4686272,-71.275392,139.81955380577412,11.84748460901987,9.752018090600748,-0.21,2.22,2.2,2.9
1.759685857968945E9,42.4686752,-71.27536,134.89829396325445,15.483463344042642,10.266774940410391,-0.21,2.22,2.2,2.9
1.75968585858144E9,42.4687104,-71.2753472,139.81955380577412,18.69898280418112,10.671263653378645,-0.21,2.22,2.2,2.9
1.7596858593498E9,42.4687584,-71.2753344,141.45997375328068,22.541280743424316,10.90198731309375,-0.21,2.22,2.2,2.9
1.759685860549183E9,42.4688096,-71.2752896,136.538713910761,22.516229284165057,11.573369972741823,-0.21,2.22,2.2,2.9
1.759685861350358E9,42.4688448,-71.2752704,133.2578740157479,21.818380984526396,12.186106685978249,-0.21,2.22,2.2,2.9
1.75968586254912E9,42.4689152,-71.2752384,136.538713910761,19.340735483032653,12.443034304373128,-0.21,2.22,2.2,2.9
1.759685863350737E9,42.4689632,-71.2752128,141.45997375328068,16.080875780548983,12.42122713115413,-0.21,2.22,2.2,2.9
1.759685864549035E9,42.4690208,-71.2752,129.97703412073477,9.873747595727464,12.015993855989757,-0.21,2.22,2.2,2.9
1.759685865948966E9,42.4691072,-71.2751936,143.09711286089222,2.0554100795303882,11.923438159082275,-0.21,2.22,2.2,2.9
1.759685866549068E9,42.469136,-71.2751872,143.09711286089222,359.4419418732284,11.974650051435386,-0.21,2.22,2.2,2.9
1.7596858679490871E9,42.4692128,-71.2752,139.8162729658791,352.8749836510982,12.067266981762257,-0.21,2.22,2.2,2.9
1.7596858693490582E9,42.4692928,-71.2752064,136.535433070866,343.8724241740402,11.75640297295797,-0.21,2.22,2.2,2.9
1.7596858699490972E9,42.4693248,-71.275232,143.09711286089222,338.4121141693027,11.623084801791641,-0.21,2.22,2.2,2.9
1.7596858713491678E9,42.4693792,-71.2752768,136.535433070866,323.34947252295956,11.169412306689777,-0.11,2.13,2.2,2.9
1.759685871949039E9,42.4694048,-71.2753088,138.17585301837255,316.5791828912959,10.97272235972873,-0.63,2.38,2.2,2.9
1.759685873348991E9,42.4694592,-71.2753856,139.8162729658791,305.42244106177316,11.235118473375385,-1.16,2.11,2.2,2.9
1.759685876763766E9,42.4695296,-71.275648,131.61417322834632,284.1687700924458,18.34422842902136,-1.55,1.9000000000000001,2.2,2.9
1.759685878360118E9,42.4695616,-71.2758592,134.89501312335943,278.2094410242124,23.82295425334406,-1.56,2.39,2.2,2.9
1.759685879749044E9,42.4695904,-71.2760896,143.09711286089222,277.14918158555963,28.582909648872498,-1.71,2.12,2.2,2.9
1.759685880360008E9,42.4695968,-71.2761984,134.89501312335943,277.40006283533523,30.6374682038627,-1.77,1.95,2.2,2.9
1.759685881750428E9,42.4696288,-71.2764864,141.45669291338567,276.9605987393021,35.288161187940865,-1.8900000000000001,2.0100000000000002,2.2,2.9
1.7596858823599648E9,42.4696384,-71.2766272,139.8162729658791,277.37725562356434,37.241321089599396,-1.61,1.92,2.2,2.9
1.75968588374896E9,42.46968,-71.2769728,141.45997375328068,277.337001153903,41.70649609430642,-0.85,1.78,2.2,2.9
1.7596858843599749E9,42.4696928,-71.2771392,141.45997375328068,277.42367738667804,43.47891745965367,-0.9500000000000001,2.97,2.2,2.9
1.7596858857489328E9,42.4697344,-71.277536,138.17913385826756,277.65653956026176,47.56226805461919,-0.81,3.6,2.2,2.9
1.7596858863599691E9,42.4697536,-71.2777152,143.10039370078724,277.3827251671375,49.3159591587692,-0.3,3.18,2.2,2.9
1.759685887154969E9,42.4697824,-71.2779712,138.17913385826756,277.2750049578892,51.5771947620497,-0.46,3.18,2.2,2.9
1.759685888748969E9,42.4698304,-71.2785088,138.17913385826756,277.2287681859846,55.921808043455705,-0.24,3.1,2.2,2.9
1.75968588935992E9,42.4698464,-71.2787264,136.538713910761,276.95436493870415,57.474682564507546,-0.32,3.2,2.2,2.9
1.759685890749051E9,42.4698976,-71.2792448,141.46325459317572,276.63419956211595,61.07635482864159,-1.42,3.42,2.2,2.9
1.75968589135995E9,42.4699104,-71.2794752,138.1824146981626,276.5846732854985,62.381261836178176,-1.8900000000000001,5.03,2.2,2.9
1.759685892748944E9,42.4699584,-71.280032,143.10367454068228,277.0890889347872,65.36578210996157,0.04,6.51,2.2,2.9
1.759685893359922E9,42.4699744,-71.2802816,138.1824146981626,277.6112489151683,66.48206477483112,-0.62,6.8,2.2,2.9
1.759685894748932E9,42.470048,-71.2808768,151.30577427821507,278.2084570838251,68.34598138120359,-1.87,7.47,2.2,2.9
1.759685895359765E9,42.4700768,-71.2811264,157.8674540682413,278.17115170357397,69.06617614209841,-2.97,7.0600000000000005,2.2,2.9
1.759685896948942E9,42.4701472,-71.2818176,164.43241469816255,277.85815897526714,70.66138084443077,-1.76,6.69,2.2,2.9
1.759685897549202E9,42.4701664,-71.28208,161.15157480314943,277.8484929496151,71.03255943065524,-3.22,7.2,2.2,2.9
1.759685898948801E9,42.4702336,-71.2827008,174.27493438320192,277.4240781628198,72.05980444346565,-2.56,5.68,2.2,2.9
1.7596858995489712E9,42.4702688,-71.2829696,184.11745406824127,277.1670556673079,72.29271340174034,-2.5,7.640000000000001,2.2,2.9
1.759685900348823E9,42.470304,-71.2833408,189.03871391076095,277.2983392673103,72.52930794917548,-0.13,7.79,2.2,2.9
1.759685901549274E9,42.4703392,-71.283872,200.52165354330688,277.7071428972296,72.61711053392749,0.29,8.23,2.2,2.9
1.759685902348798E9,42.4703776,-71.2842432,213.6482939632544,277.80994502154056,72.81144843785883,-1.74,8.24,2.2,2.9
1.759685903148641E9,42.4704128,-71.2846016,216.9291338582675,277.86845986138724,72.84131033359445,-0.93,8.75,2.2,2.9
1.759685904548794E9,42.4704832,-71.2852416,234.97375328083967,278.2764404151164,73.18991399861974,0.58,7.62,2.2,2.9
1.759685905348834E9,42.470528,-71.2856064,243.17585301837246,277.99933434870496,73.47301479746544,-2.79,6.86,2.2,2.9
1.759685906548706E9,42.4705824,-71.2861504,257.9396325459315,278.5014924786229,73.36990236055432,2.44,9.24,2.2,2.9
1.759685907348789E9,42.4706304,-71.2865088,266.1417322834643,278.9655215814426,73.34316912162113,1.24,8.63,2.2,2.9
1.759685908548671E9,42.4707008,-71.2870656,284.18963254593143,279.0992390953206,73.62630418144722,-0.88,7.61,2.2,2.9
1.759685909348744E9,42.4707328,-71.287424,285.830052493438,278.99850936250175,73.82217993284942,-0.86,7.09,2.2,2.9
1.7596859105498052E9,42.4708064,-71.2879744,303.8746719160102,279.1604296446277,73.99335395736934,0.73,7.75,2.2,2.9
1.759685911348686E9,42.4708448,-71.28832,305.5150918635167,279.2841242458816,73.97990199722041,0.18,7.82,2.2,2.9
1.7596859220004091E9,42.47142795942954,-71.29323472275519,431.25331558267544,277.734375,74.3909295221214,1.12,7.01,3.5355339059327373,3.0
1.7596859230004144E9,42.471477286929705,-71.29369463778221,442.7925245029715,278.0859375,74.3909295221214,1.12,7.01,3.5355339059327373,3.0
1.759685924000421E9,42.47152753643922,-71.294156564466,453.0481528735219,278.4375,74.3909295221214,1.12,7.01,3.5355339059327373,3.0
1.7596859250004268E9,42.47157799549631,-71.29461647949302,464.55892678007945,278.4375,74.77969990315704,1.12,7.01,3.5355339059327373,3.0
1.7596859260004334E9,42.47163059193871,-71.29507916054808,477.4604131543412,278.7890625,74.97408138608574,1.12,7.01,3.5355339059327373,3.0
1.7596859270004396E9,42.47168230828128,-71.29554041667961,490.2665821586063,278.4375,74.97408138608574,1.12,7.01,3.5355339059327373,3.0
1.7596859280004451E9,42.47173176150999,-71.2960023433634,501.8228120378304,278.0859375,74.77969990315704,1.12,7.01,3.5355339059327373,3.0
1.759685929000451E9,42.47178062800548,-71.29647089175069,511.5447832843445,277.734375,74.77969990315704,1.12,7.01,3.5355339059327373,3.0
1.7596859300004575E9,42.47182790193937,-71.29693508154833,521.534484202467,277.734375,74.99352398348557,1.12,7.01,3.5355339059327373,3.0
1.7596859310004635E9,42.47187417004488,-71.2973991037079,530.2179767077984,277.734375,75.14902768679288,1.12,7.01,3.5355339059327373,3.0
1.7596859320004697E9,42.47192219835005,-71.29786564043843,538.4667338974514,277.734375,75.14902768679288,1.12,7.01,3.5355339059327373,3.0
1.759685933000476E9,42.47197777036808,-71.29833418882572,545.9795849216886,279.4921875,75.3628517671214,1.12,7.01,3.5355339059327373,3.0
1.7596859340004816E9,42.472037281880596,-71.29880583851718,554.1115983577532,280.1953125,77.20950551565704,1.12,7.01,3.5355339059327373,3.0
1.7596859350004888E9,42.472100104244866,-71.29928352317893,563.0343855209545,280.546875,78.02591664217148,1.12,7.01,3.5355339059327373,3.0
1.759685936000495E9,42.472158609929004,-71.2997678295442,574.0771831802803,278.7890625,78.02591664217148,1.12,7.01,3.5355339059327373,3.0
1.7596859370005002E9,42.47221380476139,-71.30025129771913,582.3603827809405,278.0859375,78.51187776467148,1.12,7.01,3.5355339059327373,3.0
1.7596859380005074E9,42.47226740703217,-71.30073761574114,594.4710954280657,278.4375,78.53132036207131,1.12,7.01,3.5355339059327373,3.0
1.7596859390005126E9,42.472321889402785,-71.30122276029671,607.0912353635766,278.4375,78.53132036207131,1.12,7.01,3.5355339059327373,3.0
1.759685940000519E9,42.47237498875938,-71.30170773721422,621.5854830003467,278.4375,78.18142776065704,1.12,7.01,3.5355339059327373,3.0
1.7596859410005252E9,42.47242825575403,-71.30218969664658,635.8848907190351,278.4375,77.63714626113583,1.12,7.01,3.5355339059327373,3.0
1.759685942000531E9,42.47248412113867,-71.30266922532702,649.3682936420583,279.140625,77.09287217679287,1.12,7.01,3.5355339059327373,3.0
1.7596859430005374E9,42.47254136953733,-71.30314297049428,663.0853843188341,279.4921875,77.09287217679287,1.12,7.01,3.5355339059327373,3.0
1.759685944000543E9,42.47259933039776,-71.30361998460377,673.2669214564038,279.140625,77.09287217679287,1.12,7.01,3.5355339059327373,3.0
1.7596859450005498E9,42.47265569869659,-71.30409733398939,680.6309892749529,279.140625,77.11230735901444,1.12,7.01,3.5355339059327373,3.0
1.7596859460005555E9,42.47271378528557,-71.30457770086015,686.3704566254696,279.84375,77.88984812108573,1.12,7.01,3.5355339059327373,3.0
1.7596859470005615E9,42.47277296152196,-71.30505823536897,692.498802825847,279.84375,78.49244258244991,1.12,7.01,3.5355339059327373,3.0
1.7596859480005674E9,42.47283188630126,-71.30554438575292,697.4404878190802,279.4921875,78.49244258244991,1.12,7.01,3.5355339059327373,3.0
1.7596859490005734E9,42.4728901405283,-71.30603724165941,702.624871661969,278.7890625,79.19222778527843,1.12,7.01,3.5355339059327373,3.0
1.7596859500005803E9,42.47294789184115,-71.30653261213685,712.3728749633141,278.7890625,79.83369261108574,1.12,7.01,3.5355339059327373,3.0
1.7596859510005865E9,42.47300094928823,-71.30702630623365,725.7275193382116,278.0859375,80.00863891179287,1.12,7.01,3.5355339059327373,3.0
1.7596859520005927E9,42.47305283326886,-71.30752335309172,739.1095974939694,278.0859375,80.00863891179287,1.12,7.01,3.5355339059327373,3.0
1.7596859529996717E9,42.473103962878206,-71.30802475853945,751.7311391555097,278.0859375,80.55291299613583,1.12,7.01,3.5355339059327373,3.0
1.7596859539996755E9,42.473159618715265,-71.30852666690136,765.3453030924151,278.7890625,81.29157597858574,1.12,7.01,3.5355339059327373,3.0
1.7596859549996865E9,42.47322256680808,-71.30902983254875,783.5379047343729,279.84375,81.52483524113583,1.12,7.01,3.5355339059327373,3.0
1.759685955999696E9,42.47328144967786,-71.30953266292,801.5949394446337,278.7890625,81.52483524113583,1.12,7.01,3.5355339059327373,3.0
1.7596859569996896E9,42.473335471043804,-71.31003960042382,817.2998778776225,278.0859375,81.52483524113583,1.12,7.01,3.5355339059327373,3.0
1.7596859579997032E9,42.473395862656155,-71.31054268225218,836.5453760142079,279.4921875,81.60259080037861,1.12,7.01,3.5355339059327373,3.0
1.7596859589997056E9,42.4734580982872,-71.31104676990891,854.4259934913446,279.84375,81.33045375820713,1.12,7.01,3.5355339059327373,3.0
1.7596859599997132E9,42.473525069693544,-71.3115430623957,875.8808120967826,280.546875,81.33045375820713,1.12,7.01,3.5355339059327373,3.0
1.7596859609997287E9,42.47359459758035,-71.31203843287314,892.8757389699371,280.546875,80.68898151722156,1.12,7.01,3.5355339059327373,3.0
1.7596859619997334E9,42.47366110798202,-71.31253858103538,905.625638686452,280.546875,80.68898151722156,1.12,7.01,3.5355339059327373,3.0
1.7596859629997358E9,42.4737353297346,-71.31304426125372,914.2362414382565,280.8984375,82.613390825,1.12,7.01,3.5355339059327373,3.0
1.7596859639997542E9,42.4738103896775,-71.31355782046104,920.6395261869646,280.8984375,83.6241908496214,1.12,7.01,3.5355339059327373,3.0
1.7596859649997597E9,42.473880797664144,-71.31407431333447,926.7073979215037,280.1953125,83.6241908496214,1.12,7.01,3.5355339059327373,3.0
1.7596859659997633E9,42.47394144073359,-71.31459742791141,934.7452954670252,278.0859375,84.47947975575723,1.12,7.01,3.5355339059327373,3.0
1.7596859669997802E9,42.473985697182336,-71.31512230268802,945.0756158102831,274.5703125,84.49892235315704,1.12,7.01,3.5355339059327373,3.0
1.759685967999796E9,42.47400254480771,-71.31564298651304,955.3470636603078,270.703125,84.49892235315704,1.12,7.01,3.5355339059327373,3.0
1.7596859689998112E9,42.4739885051199,-71.31616559817579,965.6982096474304,265.78125,83.79913715032852,1.12,7.01,3.5355339059327373,3.0
1.759685969999826E9,42.47394194364778,-71.31668251014437,974.7012956874566,261.2109375,83.1382297271214,1.12,7.01,3.5355339059327373,3.0
1.7596859709998403E9,42.47386457868151,-71.31718542433467,983.327918165311,256.2890625,82.1663074821214,1.12,7.01,3.5355339059327373,3.0
1.7596859719998534E9,42.47376030780605,-71.3176773582318,990.0576048322853,251.71875,82.1663074821214,-2.24,6.58,3.5355339059327373,3.0
1.7596859729998674E9,42.473636465186694,-71.31815839565482,996.6419124853569,248.90625,82.1274297025,-2.24,6.58,3.5355339059327373,3.0
1.7596859739998803E9,42.473506755235114,-71.31863675086882,1002.3571500002232,248.5546875,81.99136118141426,-2.24,6.58,3.5355339059327373,3.0
1.7596859749998922E9,42.47337092649422,-71.31911309442606,1009.4040272429849,248.90625,81.79697969848557,-2.24,6.58,3.5355339059327373,3.0
1.7596859759999044E9,42.47323786378137,-71.31959153345909,1015.9244562384326,249.609375,81.89417043994992,-2.24,6.58,3.5355339059327373,3.0
1.759685976999916E9,42.47310484297804,-71.32007156505372,1022.9360900838847,249.609375,81.89417043994992,-2.24,6.58,3.5355339059327373,3.0
1.7596859779999285E9,42.47296997815601,-71.3205525186577,1030.8015753277946,249.609375,81.97191858401443,-2.24,6.58,3.5355339059327373,3.0
1.7596859789999392E9,42.4728341075056,-71.3210377470323,1039.5203112304357,249.609375,82.47732230391426,-2.24,6.58,3.5355339059327373,3.0
1.75968597999995E9,42.47270138006888,-71.321517946265,1049.2540970249115,249.609375,82.47732230391426,-2.24,6.58,3.5355339059327373,3.0
1.7596859809999614E9,42.47256898790828,-71.32199915132608,1061.7795203301525,249.609375,82.03023896103565,-2.24,6.58,3.5355339059327373,3.0
1.7596859819999714E9,42.4724368891143,-71.32247851236846,1073.9939607034507,249.9609375,81.77753710108574,-2.24,6.58,3.5355339059327373,3.0
1.7596859829999824E9,42.472309861371734,-71.32296206436243,1089.7355442597786,250.3125,81.69978154184295,-2.24,6.58,3.5355339059327373,3.0
1.7596859839999924E9,42.47218342036239,-71.32344259887125,1103.9031897317068,251.015625,81.97191858401443,-2.24,6.58,3.5355339059327373,3.0
1.75968598474842E9,42.4721184,-71.3237632,1106.095800524933,250.5592079722215,81.58909062428259,-2.24,6.58,2.2,2.9
1.759685985404072E9,42.4720352,-71.3240448,1111.0170603674528,249.90602039518308,81.53078417080985,-4.21,5.16,2.2,2.9
1.759685986786588E9,42.471856,-71.3247168,1135.6266404199464,248.79455826336172,81.89968411929374,-0.54,5.42,2.2,2.9
1.759685988169588E9,42.4716544,-71.3253888,1148.7499999999989,248.05055270025122,82.42614419397219,-2.7800000000000002,4.72,2.2,2.9
1.7596859887834392E9,42.4715648,-71.3256704,1152.0341207349068,247.66020633384954,82.59194858105403,-2.6,4.79,2.2,2.9
1.759685990166527E9,42.4713504,-71.3263296,1166.7979002624659,246.16696969567857,82.98337924112471,-4.43,4.64,2.2,2.9
1.759685990781837E9,42.4712672,-71.326624,1171.7224409448806,245.73991211468947,83.21718360535482,0.05,5.41,2.2,2.9
1.7596859913946319E9,42.471168,-71.3269056,1175.003280839894,245.5748455866387,83.34706730740737,1.83,5.25,2.2,2.9
1.759685992776936E9,42.470944,-71.3275712,1181.5682414698151,246.14310777751302,83.53001726693755,2.25,5.7700000000000005,2.2,2.9
1.7596859941595302E9,42.4707232,-71.3282368,1193.051181102361,246.62375145101763,83.13949230389355,1.09,6.87,2.2,2.9
1.759685994773735E9,42.4706304,-71.3285312,1201.2532808398937,246.847325216485,82.80986054570654,1.1500000000000001,7.21,2.2,2.9
1.7596859963610802E9,42.4704064,-71.3292928,1230.7841207349068,248.24900917320826,82.03967056954244,1.9000000000000001,5.5200000000000005,2.2,2.9
1.759685996975317E9,42.4703168,-71.3295808,1237.3458005249329,248.249073587516,81.9349913807425,-1.8800000000000001,4.66,2.2,2.9
1.759685997589742E9,42.4702368,-71.3298624,1250.4724409448806,248.41074936233105,81.88498614815981,-0.44,5.79,2.2,2.9
1.759685999177228E9,42.4700096,-71.3306304,1271.7979002624659,246.59754895884186,81.77918488607948,-5.0,3.19,2.2,2.9
1.7596859997913399E9,42.4699168,-71.3308928,1280.0032808398937,246.05545002278052,81.94896570698546,-1.21,4.13,2.2,2.9
1.7596860011743631E9,42.469696,-71.331552,1293.1266404199462,245.58064720006243,82.42526403403075,-0.31,5.15,2.2,2.9
1.759686001748631E9,42.4696032,-71.3318336,1299.6916010498674,245.39074791272475,82.52855906036844,1.33,5.49,2.2,2.9
1.759686003170963E9,42.4693792,-71.3324992,1309.5341207349068,245.849388513887,82.95400942977335,1.75,4.44,2.2,2.9
1.75968600439964E9,42.4691968,-71.3330624,1325.9416010498674,245.5902885817733,83.44360195217324,-2.16,3.92,2.2,2.9
1.759686005372312E9,42.4690272,-71.333536,1330.862860892387,244.64557887470065,83.52491679603095,-4.04,3.96,2.2,2.9
1.7596860059866161E9,42.4689376,-71.3338176,1339.0649606299198,243.8816324407366,83.63051783337359,-4.93,4.42,2.2,2.9
1.759686007348649E9,42.4686784,-71.3344704,1343.9895013123346,242.00879248732753,83.82780626012776,-2.92,4.37,2.2,2.9
1.759686008188633E9,42.4685408,-71.3348416,1358.7565616797885,241.24557341274783,83.96745148665892,-2.62,4.72,2.2,2.9
1.759686009367725E9,42.4683072,-71.3353856,1371.879921259841,239.87412684522465,84.12071645117216,-4.14,5.26,2.2,2.9
1.759686010184997E9,42.4681472,-71.3357568,1376.8044619422558,239.09537691260783,83.98175350381908,-4.66,5.64,2.2,2.9
1.759686010799231E9,42.4680256,-71.3360192,1378.4448818897622,238.07617056062918,83.96015892753691,-6.61,4.92,2.2,2.9
1.75968601218192E9,42.4677312,-71.3366336,1388.2906824146967,235.82976029083895,84.27366008512345,-6.08,4.43,2.2,2.9
1.759686012795981E9,42.4675872,-71.336896,1386.6502624671903,234.93036958204323,84.64566751148841,-1.46,4.21,2.2,2.9
1.7596860134106221E9,42.4674656,-71.337152,1396.4927821522294,234.434912333137,85.02247808535986,4.36,4.45,2.2,2.9
1.7596860147930799E9,42.4671392,-71.33776,1398.136482939631,235.14876319154047,86.19690557282576,9.18,5.29,2.2,2.9
1.759686015407542E9,42.4669952,-71.3380288,1396.4960629921245,236.0465872673468,86.80011590606395,6.84,4.12,2.2,2.9
1.759686016789748E9,42.4666816,-71.3386688,1398.1397637795262,238.11040648361202,87.68352409507435,5.57,4.5200000000000005,2.2,2.9
1.759686018172826E9,42.4663808,-71.3393344,1409.625984251967,238.95649541567496,88.61892374112365,3.5300000000000002,3.34,2.2,2.9
1.759686018786725E9,42.4662624,-71.3396224,1414.5472440944866,239.30229445640776,89.02317120935425,5.68,3.47,2.2,2.9
1.759686020171029E9,42.4659744,-71.3403008,1427.6738845144341,241.74895600504135,89.52590788142001,13.06,5.22,2.2,2.9
1.759686020784686E9,42.4658624,-71.3406016,1424.393044619421,243.29588167001089,89.53957314466038,13.86,5.5,2.2,2.9
1.759686021398068E9,42.4657472,-71.340896,1429.3143044619408,244.77505412268783,89.58119756449474,10.870000000000001,4.29,2.2,2.9
1.7596860227804751E9,42.4655104,-71.3416128,1435.879265091862,246.92684001473177,89.77552919447048,4.19,2.43,2.2,2.9
1.759686024164331E9,42.4652864,-71.3423488,1445.7250656167964,248.20780835204562,89.74619702687333,4.3,4.17,2.2,2.9
1.759686024777142E9,42.4652,-71.3426688,1452.2867454068225,248.48734235032578,89.53075511049475,2.16,4.13,2.2,2.9
1.759686025391701E9,42.4651104,-71.3429824,1460.4888451443553,248.59249713628785,89.25739575096969,1.79,4.37,2.2,2.9
1.7596860267751899E9,42.464896,-71.3437056,1471.9750656167964,248.57945077651067,88.5136584156879,2.37,3.63,2.2,2.9
1.759686027359582E9,42.4648032,-71.3440064,1476.8963254593161,248.54513806206535,88.3256178044168,1.97,4.2700000000000005,2.2,2.9
1.759686028770915E9,42.4646048,-71.344736,1504.7867454068225,248.62473200136245,87.35903796234875,1.62,6.48,2.2,2.9
1.759686029386335E9,42.4645184,-71.3450368,1521.190944881888,248.54457531493514,86.67598221535748,0.23,6.74,2.2,2.9
1.7596860307684069E9,42.4643104,-71.3457408,1550.7217847769014,248.2642186050407,85.08622116029022,2.57,7.9,2.1,2.7
1.759686031382909E9,42.4642304,-71.3460288,1567.1259842519669,248.35031519764104,84.51253071441096,4.7,8.13,2.1,2.7
1.75968603220115E9,42.464112,-71.3464192,1580.2526246719144,248.43041618012958,83.8595780555886,3.74,7.24,2.1,2.7
1.759686033379743E9,42.463936,-71.3470016,1598.2972440944866,248.95479516778772,83.14420740986678,3.3000000000000003,8.05,2.1,2.7
1.7596860341976051E9,42.46384,-71.347392,1619.6227034120718,249.33631855576948,82.35186366996956,1.41,8.14,2.1,2.7
1.759686034762125E9,42.4637568,-71.34768,1629.468503937006,249.34359527259738,81.82857136831925,1.16,7.95,2.1,2.7
1.7596860353766189E9,42.4636736,-71.347968,1636.0301837270324,248.95855827932053,81.37179610817303,0.01,7.2,2.1,2.7
1.759686036762315E9,42.4634848,-71.3486272,1658.9993438320193,248.33404127670974,80.9244897034459,-0.44,6.08,2.1,2.7
1.759686038191544E9,42.4632832,-71.34928,1670.4822834645652,247.22852280667996,80.80589835135864,1.12,6.05,2.1,2.7
1.759686038758512E9,42.4632,-71.3495616,1680.3248031496046,246.76706925480084,80.91342059279019,1.3800000000000001,5.68,2.1,2.7
1.759686039371726E9,42.4631072,-71.3498368,1688.5301837270324,246.51623249518457,81.0241625683937,0.98,5.43,2.1,2.7
1.759686040755965E9,42.462896,-71.350496,1698.3727034120716,246.31352283698322,81.53148860938195,0.87,5.36,2.1,2.7
1.759686041367986E9,42.4628064,-71.3507776,1704.9376640419928,245.97799374959368,81.7003227135017,0.6,5.13,2.1,2.7
1.7596860423901238E9,42.4626592,-71.3512448,1714.7801837270322,245.6718804453966,81.96049889858377,1.9000000000000001,6.0600000000000005,2.1,2.7
1.7596860435691829E9,42.4624736,-71.351808,1731.187664041993,245.83734588313558,81.91788278584673,2.14,5.3500000000000005,2.1,2.7
1.759686044386692E9,42.4623424,-71.3521728,1736.1089238845127,245.64034828909996,82.0022473301272,1.1300000000000001,4.89,2.1,2.7
1.75968604495275E9,42.4622432,-71.3524544,1736.1089238845127,245.4057041677637,82.15527141821367,0.36,4.5600000000000005,2.1,2.7
1.759686046383575E9,42.4620288,-71.3531136,1749.2355643044602,245.04755251994465,82.47837540237299,1.73,4.8500000000000005,2.1,2.7
1.759686046997966E9,42.4619264,-71.3533888,1754.15682414698,244.97903311125737,82.58870946060998,1.9000000000000001,5.8100000000000005,2.1,2.7
1.759686048359678E9,42.4616928,-71.3540416,1780.4068241469797,244.7794174112875,82.25102502204825,-0.89,6.25,2.1,2.7
1.759686049199532E9,42.461568,-71.3544128,1788.6089238845125,244.21335966644202,81.90560085943163,-0.19,6.41,2.1,2.7
1.759686049968133E9,42.4614368,-71.354784,1808.2939632545913,243.85003989932952,81.59592363294824,2.65,7.67,2.1,2.7
1.75968605135425E9,42.4611968,-71.3554176,1819.7801837270322,244.32032503331183,81.01232117192983,3.98,7.5200000000000005,2.1,2.7
1.759686052170589E9,42.4610624,-71.3557888,1832.9068241469795,244.80622705619004,80.64324628161573,3.83,6.99,2.1,2.7
1.759686052784258E9,42.4609792,-71.3560576,1842.749343832019,245.05084089407828,80.4608987195123,1.8800000000000001,6.72,2.1,2.7
1.75968605416754E9,42.4607616,-71.356704,1860.793963254591,245.1014895081517,80.70644752052445,2.14,3.91,2.1,2.7
1.759686054782115E9,42.4606592,-71.3569728,1860.7972440944864,245.32347348541742,81.24672144271429,5.3100000000000005,2.91,2.1,2.7
1.759686055395843E9,42.4605632,-71.357248,1860.7972440944864,245.56841550290306,81.96355078485976,5.97,2.29,2.1,2.7
1.759686056164985E9,42.4604384,-71.3576192,1859.1568241469797,245.79792921450658,83.07270904967267,2.17,1.45,2.1,2.7
1.759686057359674E9,42.4602464,-71.3582016,1854.238845144355,245.77105812830126,84.88078699276718,1.1,0.61,2.1,2.7
1.759686058161936E9,42.4601184,-71.358592,1859.1601049868748,245.4807721018616,85.71680660974575,1.1,1.69,2.1,2.7
1.75968605938905E9,42.45992,-71.3591744,1857.5229658792632,245.01862872686945,87.12981912623918,1.51,1.73,2.1,2.7
1.7596860601594949E9,42.4597792,-71.3595712,1867.3654855643024,245.30262766235617,88.02130519541785,3.36,2.24,2.1,2.7
1.7596860613597078E9,42.4595808,-71.3601792,1878.8517060367433,245.51445119457586,88.64144012680686,1.7,3.83,2.1,2.7
1.759686062156234E9,42.4594464,-71.360576,1885.4133858267696,245.7831078862822,88.90112155846836,1.48,3.68,2.1,2.7
1.7596860633844671E9,42.4592384,-71.3611904,1910.022965879263,246.0693137416901,88.89433788003753,4.11,6.8100000000000005,2.1,2.7
1.759686064152502E9,42.4591072,-71.3615936,1924.7867454068219,246.76830776289094,88.35875077903684,4.6000000000000005,5.96,2.1,2.7
1.75968606497089E9,42.4589856,-71.3619968,1944.475065616796,247.3100270667433,87.98444854401906,3.3000000000000003,4.8100000000000005,2.1,2.7
1.7596860655841908E9,42.4588864,-71.3623104,1951.0367454068223,247.85017770873077,87.85276515379553,7.0,5.6000000000000005,2.1,2.7
1.759686066358635E9,42.4587616,-71.3627136,1957.5984251968484,248.89142278321253,87.76370689522906,5.65,5.37,2.1,2.7
1.7596860675801392E9,42.4585888,-71.3633344,1972.3654855643024,249.0918863099451,87.74990717581097,-0.42,2.86,2.1,2.7
1.759686068399496E9,42.4584736,-71.3637376,1977.286745406822,248.69445218910607,88.00604101211138,-1.48,2.21,2.1,2.7
1.759686069577596E9,42.4582912,-71.3643584,1985.49212598425,248.16828022374068,88.7030256122628,0.56,1.51,2.1,2.7
1.7596860703963242E9,42.4581792,-71.3647744,1990.4133858267696,247.71592153680467,89.55445358621382,1.36,0.71,2.1,2.7
1.759686071575952E9,42.457984,-71.3654016,1995.3379265091842,248.00101964323147,91.07147100406615,4.64,0.6,2.1,2.7
1.7596860723932781E9,42.457856,-71.3658304,1993.6975065616775,248.35395477902432,91.85094702276578,5.34,1.57,2.1,2.7
1.759686073573269E9,42.4576768,-71.3664768,1995.341207349079,249.30256005362594,93.11321490908817,5.99,0.85,2.1,2.7
1.759686074390574E9,42.4575488,-71.366912,1993.7007874015726,249.6933062117892,94.0989398761447,1.56,-0.72,2.1,2.7
1.759686075569522E9,42.4573632,-71.367584,1998.6253280839876,249.87654892225703,94.91978946184149,-0.32,1.44,2.1,2.7
1.759686076387975E9,42.457248,-71.3680256,1998.6253280839876,249.6577491239647,95.11567968976489,-0.07,1.78,2.1,2.7
1.7596860769513311E9,42.4571584,-71.3683648,2001.9061679790007,249.3288811622101,95.15388609725261,-0.71,2.49,2.1,2.7
1.759686078384568E9,42.4569408,-71.3691392,2011.751968503935,248.9498243118308,94.7067467773555,1.93,4.34,2.1,2.7
1.7596860789980469E9,42.4568416,-71.3694784,2011.751968503935,249.1539429470755,94.39047045267425,2.94,5.05,2.1,2.7
1.759686080382958E9,42.456624,-71.3702464,2028.1594488188955,249.41044439777926,93.35865791671712,0.88,4.34,2.1,2.7
1.759686080995044E9,42.4565344,-71.3705728,2034.7211286089216,249.37381504031748,92.92416787966943,0.22,4.69,2.1,2.7
1.75968608237975E9,42.4563264,-71.3713216,2059.330708661415,249.08218446206928,91.52218723444831,-1.12,6.0,2.1,2.7
1.759686082991395E9,42.4562336,-71.371648,2072.4540682414677,248.61994240298395,90.80627248048752,-1.44,6.55,2.1,2.7
1.759686084376978E9,42.4560192,-71.3723776,2101.9849081364805,247.94246446150683,88.82301842088988,-0.6900000000000001,7.890000000000001,2.1,2.7
1.759686084988795E9,42.4559264,-71.3726784,2115.108267716533,247.5812131487101,87.76960502130355,-0.8300000000000001,8.02,2.1,2.7
1.7596860863737988E9,42.4557024,-71.3733824,2138.0774278215204,246.9931021426455,85.44438159684876,-0.05,8.52,2.1,2.7
1.7596860869877892E9,42.455616,-71.3736704,2151.2007874015726,246.5680865857613,84.6150773023711,-2.14,8.43,2.1,2.7
1.7596860883709412E9,42.4553952,-71.3743488,2179.091207349079,245.765502664522,82.7314693170303,-1.8900000000000001,8.36,2.1,2.7
1.759686088983148E9,42.4553056,-71.374624,2188.9337270341184,245.23527116638203,82.1820163388947,-2.58,7.76,2.1,2.7
1.7596860903682752E9,42.4550784,-71.3752768,2218.4645669291317,243.73592088265838,81.09069917999716,-0.96,6.58,2.1,2.7
1.759686090981639E9,42.454976,-71.375552,2226.6666666666642,243.2748191455325,80.87256781442396,0.38,6.57,2.1,2.7
1.7596860923642201E9,42.454736,-71.3761728,2234.872047244092,242.93663022298063,80.96224543673347,3.36,5.6000000000000005,2.1,2.7
1.759686092976924E9,42.4546304,-71.376448,2243.074146981625,242.99908448426459,81.13539374038159,4.97,5.18,2.1,2.7
1.759686094361202E9,42.4543904,-71.3770816,2241.4370078740135,243.8114897587194,82.01282394209878,8.01,3.68,2.1,2.7
1.759686094974166E9,42.4542912,-71.3773568,2246.358267716533,244.33370339566687,82.57757287110643,7.61,2.7600000000000002,2.1,2.7
1.75968609640618E9,42.4540672,-71.3780224,2251.279527559053,245.80784024503973,84.19568032961595,6.71,2.0100000000000002,2.1,2.7
1.759686097789465E9,42.4538432,-71.3787008,2244.721128608922,246.94615999600506,85.87553183280023,4.5600000000000005,1.26,2.1,2.7
1.759686098403387E9,42.453744,-71.3789952,2244.721128608922,247.49884775639873,86.60144844439563,5.13,0.79,2.1,2.7
1.7596860997877588E9,42.4535328,-71.3797056,2246.3648293963233,247.99669685453873,88.09714252518197,5.01,1.47,2.1,2.7
1.759686100400239E9,42.4534496,-71.3800128,2246.3648293963233,248.4904131242183,88.58865413729795,5.26,1.78,2.1,2.7
1.7596861017834911E9,42.4532384,-71.3807424,2248.008530183725,249.43959348593245,89.66615833216483,4.25,1.84,2.1,2.7
1.7596861023967009E9,42.4531552,-71.381056,2248.008530183725,249.81488047248817,89.96608117608098,5.15,2.3000000000000003,2.1,2.7
1.759686103779769E9,42.45296,-71.3818048,2252.933070866139,251.16868138057293,90.63318298536475,3.93,2.64,2.1,2.7
1.759686105165101E9,42.4527744,-71.38256,2266.059711286087,251.902972336348,90.6756201056882,4.69,4.86,2.1,2.7
1.759686105777385E9,42.4526944,-71.38288,2272.6213910761135,252.17314792482165,90.35334206965197,3.4,5.2700000000000005,2.1,2.7
1.759686106392469E9,42.4526144,-71.3832064,2279.1830708661396,252.43090656529392,89.89749503107537,2.89,5.64,2.1,2.7
1.7596861071644921E9,42.4525152,-71.3836416,2292.306430446192,252.91749609828815,89.06990715803396,2.16,6.07,2.1,2.7
1.7596861083900762E9,42.4523776,-71.3842752,2313.635170603672,253.15964842250685,87.69598565666502,2.84,7.55,2.1,2.7
1.759686109161199E9,42.4522816,-71.3846976,2325.118110236218,253.22439099911284,86.61032913458293,0.99,7.390000000000001,2.1,2.7
1.759686110387815E9,42.4521536,-71.385312,2353.0085301837244,253.35470303419723,85.02956621841908,-0.98,8.07,2.1,2.7
1.759686111158235E9,42.4520576,-71.3857216,2361.2106299212574,252.73007163019338,83.74527177039505,-2.89,8.24,2.1,2.7
1.759686112384686E9,42.4519168,-71.386304,2385.8202099737505,251.4403363994963,81.89635533257196,-3.95,9.26,2.1,2.7
1.75968611320033E9,42.4518208,-71.3866944,2407.145669291336,250.29318628558133,80.58826908442079,-5.58,8.5,2.1,2.7
1.75968611438066E9,42.4516608,-71.3872512,2430.111548556428,248.24038364378822,79.17722439026194,-3.97,8.5,2.1,2.7
1.7596861157652888E9,42.4514624,-71.3878784,2458.001968503934,246.44639843777531,78.26807708529535,-1.22,8.55,2.1,2.7
1.759686116378844E9,42.4513728,-71.3881536,2459.6423884514406,245.99405795628502,78.07268634750503,-1.68,7.61,2.1,2.7
1.7596861177596989E9,42.451168,-71.388768,2474.4094488188953,244.94790253765888,78.3611741946259,-0.1,5.14,2.1,2.7
1.759686118375123E9,42.4510688,-71.3890368,2471.128608923882,244.3773534667598,78.75308609112498,-0.1,4.53,2.1,2.7
1.7596861191905851E9,42.4509376,-71.3893888,2474.4127296587903,243.79171277576432,79.57851728314888,1.41,3.52,2.1,2.7
1.759686120372885E9,42.4507424,-71.3899328,2474.4127296587903,243.15860476231376,81.10791004889766,-0.49,1.94,2.1,2.7
1.759686121758263E9,42.4504992,-71.3905664,2474.416010498685,242.35063448718753,83.1473567244754,2.63,2.0,2.1,2.7
1.75968612237177E9,42.4503872,-71.390848,2469.4947506561653,242.18404448722907,84.02180508829639,3.14,2.0100000000000002,2.1,2.7
1.759686123185144E9,42.45024,-71.3912192,2467.854330708659,242.33032113345192,85.22596579052859,3.64,1.5,2.1,2.7
1.75968612436711E9,42.4500288,-71.3917824,2462.936351706034,242.85674365862457,87.00534371857616,3.89,1.02,2.1,2.7
1.759686125181901E9,42.4498816,-71.3921728,2464.5767716535406,243.06176536556012,88.08942403972735,2.87,1.11,2.1,2.7
1.75968612640949E9,42.4496576,-71.392768,2466.220472440942,243.17340230657186,89.50546939815176,1.18,1.1500000000000001,2.1,2.7
1.759686127179895E9,42.4494976,-71.3931712,2458.018372703409,243.18111191507688,90.26172555734692,2.95,1.53,2.1,2.7
1.759686127792062E9,42.4493824,-71.3934784,2464.5833333333308,243.19352003744632,90.77454069983882,3.0100000000000002,1.9100000000000001,2.1,2.7
1.759686129153029E9,42.4491232,-71.3941952,2464.5833333333308,243.52737005899115,91.61708829178095,1.35,2.41,2.1,2.7
1.759686129789304E9,42.4490112,-71.3945024,2471.148293963252,243.61389587726006,91.85213177922242,1.51,2.9,2.1,2.7
1.759686131174341E9,42.4487488,-71.3952192,2474.4291338582652,243.6250289106954,91.7130983005736,1.35,4.11,2.1,2.7
1.7596861317870069E9,42.4486272,-71.3955328,2480.9940944881864,243.7181845169464,91.44422367996357,1.12,4.96,2.1,2.7
1.759686133171166E9,42.4483712,-71.3962432,2497.398293963252,243.6066086132471,89.94829052422925,-1.3800000000000001,6.5200000000000005,2.1,2.7
1.759686133784241E9,42.4482624,-71.396544,2507.2440944881864,243.5076095130372,89.11341735041914,-0.43,6.7700000000000005,2.1,2.7
1.759686135169176E9,42.4479968,-71.3972352,2538.412073490811,242.48893916394314,87.40401804513546,-3.9,6.55,2.1,2.7
1.7596861357817268E9,42.4478912,-71.3975232,2554.819553805771,242.07539033530793,86.8341094571028,-3.12,7.16,2.1,2.7
1.759686137166728E9,42.447616,-71.398176,2579.4291338582652,240.54138496478106,85.41465252932389,-2.47,7.28,2.1,2.7
1.759686137778758E9,42.4474976,-71.3984704,2597.473753280837,240.1378196510075,84.79412624447134,-1.01,7.83,2.1,2.7
1.7596861383952432E9,42.4473792,-71.3987456,2610.59711286089,239.7921524811988,84.1457140763238,-0.29,8.06,2.1,2.7
1.759686139775982E9,42.4471104,-71.3993664,2636.84711286089,239.25105832491565,82.6921613012154,1.6600000000000001,8.13,2.1,2.7
1.759686140390287E9,42.4469856,-71.3996352,2645.0492125984224,239.2500326978036,82.19543610297615,2.65,7.91,2.1,2.7
1.7596861417731318E9,42.44672,-71.4002432,2664.7375328083963,239.29880821361616,81.47564760537983,1.42,6.5600000000000005,2.1,2.7
1.759686142388165E9,42.4466016,-71.4005056,2671.2992125984224,239.13251512684616,81.3448939592503,-1.1400000000000001,5.53,2.1,2.7
1.759686143769707E9,42.4463264,-71.4011136,2681.1450131233564,238.40504630279224,81.40305737567981,-0.65,4.33,2.1,2.7
1.7596861443848329E9,42.4462112,-71.4013696,2689.3471128608894,237.65025012382944,81.59200589519064,-1.54,3.98,2.1,2.7
1.759686145748493E9,42.4459232,-71.4019712,2689.350393700785,236.6961481747358,82.3802418603329,-1.53,3.22,2.1,2.7
1.7596861463818111E9,42.4457984,-71.4022272,2690.9908136482914,236.19064410087165,82.86376279600877,-2.16,2.39,2.1,2.7
1.759686147766113E9,42.4454944,-71.4028352,2702.4770341207322,234.27147037374516,84.11906569975982,-5.64,1.4000000000000001,2.1,2.7
1.759686149193423E9,42.4451648,-71.403424,2697.5557742782125,232.39568147544128,85.53229636947339,0.09,2.5100000000000002,2.1,2.7
1.759686149762611E9,42.445024,-71.4036864,2702.4803149606273,231.8369635128346,86.13424766691315,-0.79,2.02,2.1,2.7
1.7596861511483588E9,42.4446656,-71.4042752,2695.921916010496,230.94630314394834,87.43542378388028,-4.8500000000000005,1.68,2.1,2.7
1.759686151760406E9,42.444512,-71.4045248,2692.6410761154825,230.14908844786737,88.06257671536203,-4.5,1.47,2.1,2.7
1.759686153187828E9,42.4441312,-71.4051136,2689.3635170603643,227.60617133493494,89.17394383842719,-3.67,2.56,2.1,2.7
1.7596861537572641E9,42.4439648,-71.4053504,2682.801837270338,226.76766430086292,89.56417211442255,-4.5,3.09,2.1,2.7
1.759686155185462E9,42.4435488,-71.40592,2676.243438320207,224.6679049359807,90.11410218135498,-5.17,3.34,2.1,2.7
1.7596861557983131E9,42.4433696,-71.4061504,2689.36679790026,223.1714763505537,90.46104254479704,-8.0,2.29,2.1,2.7
1.7596861571820269E9,42.4429312,-71.406688,2697.5721784776874,220.77927665023213,90.95029013662472,-1.77,4.89,2.1,2.7
1.7596861577953691E9,42.4427424,-71.4069056,2705.7742782152204,219.98749171658537,90.92765982736373,-2.44,4.97,2.1,2.7
1.7596861584095669E9,42.4425472,-71.4071168,2713.979658792648,219.25145236053078,90.84434056185377,-4.2,5.1000000000000005,2.1,2.7
1.759686159792121E9,42.4420768,-71.4076224,2718.904199475063,218.5278742711449,90.96724100143314,3.9,5.26,2.1,2.7
1.759686160406389E9,42.441888,-71.4078272,2728.746719160102,218.58915997976754,91.09457163446181,5.69,5.07,2.1,2.7
1.7596861617898679E9,42.4414144,-71.4083392,2740.232939632543,220.13913543989494,91.48625154783336,10.5,5.28,2.1,2.7
1.759686162404568E9,42.4412256,-71.4085568,2745.154199475063,221.24883348836798,91.60087024679406,10.44,5.53,2.1,2.7
1.759686163786603E9,42.440784,-71.4090944,2756.6404199475037,223.54750002520132,91.64024517470907,6.6000000000000005,4.61,2.1,2.7
1.759686164401315E9,42.4406048,-71.4093376,2763.205380577425,224.35393153888356,91.42418098606049,7.01,5.71,2.1,2.7
1.759686165784338E9,42.4401856,-71.4099072,2768.1266404199446,225.81424866860598,90.91898265471072,5.25,4.97,2.1,2.7
1.759686166359489E9,42.4400192,-71.4101504,2774.6916010498658,226.24913461891953,90.7939277656835,3.94,4.72,2.1,2.7
1.759686167748421E9,42.4396064,-71.41072,2784.5374015748002,227.09333963044287,90.3103079218769,4.44,5.14,2.1,2.7
1.7596861683593612E9,42.4394432,-71.4109632,2792.739501312333,227.31019069200522,90.02081299009431,3.95,5.09,2.1,2.7
1.7596861697484531E9,42.4390528,-71.4115456,2809.1469816272934,228.00724418187932,89.60370829022607,3.5500000000000003,5.15,2.1,2.7
1.7596861703594909E9,42.43888,-71.4118016,2814.068241469813,228.1925427399159,89.34407488608018,2.85,5.37,2.1,2.7
1.759686171148787E9,42.4386688,-71.4121408,2832.1161417322805,228.289446056951,88.87076099651642,2.43,5.67,2.1,2.7
1.759686172359463E9,42.438336,-71.4126336,2848.520341207346,228.5523488772205,88.06884954585682,3.73,6.5200000000000005,2.1,2.7
1.7596861733158731E9,42.4381248,-71.4129728,2855.0853018372673,228.8786765669569,87.57791753356175,4.98,6.65,2.1,2.7
1.7596861739942899E9,42.4379648,-71.4132096,2863.2874015748002,229.24907218482332,87.19087970612883,5.07,6.71,2.1,2.7
1.759686175404056E9,42.4376064,-71.4137984,2887.8969816272934,230.25390718916,86.31045381131416,4.5600000000000005,6.59,2.1,2.7
1.7596861759637399E9,42.4374432,-71.4140416,2894.45866141732,230.5281289299233,85.89373934116003,4.43,6.51,2.1,2.7
1.759686177414602E9,42.4370912,-71.4146176,2907.5853018372673,231.04430834336185,85.23962888049262,2.2,5.63,2.1,2.7
1.759686177987712E9,42.4369472,-71.4148608,2914.1469816272934,231.25844287395176,85.10804058371347,3.0100000000000002,5.37,2.1,2.7
1.7596861793702722E9,42.436608,-71.4154496,2925.6332020997343,231.3053440434442,84.85296454435853,2.95,5.21,2.1,2.7
1.75968617998602E9,42.436464,-71.4156928,2928.9140419947475,231.29713688498884,84.83779392772101,2.8000000000000003,4.94,2.1,2.7
1.759686181420923E9,42.4361152,-71.4162816,2946.961942257215,231.1477598814104,84.96575173350362,1.11,3.92,2.1,2.7
1.7596861823594298E9,42.4358208,-71.416768,2953.526902887136,230.43814692061744,85.42515386825167,-1.5,3.16,2.1,2.7
1.7596861831483068E9,42.4356128,-71.4171008,2953.526902887136,229.87191080693836,85.77666611313131,-0.56,3.0700000000000003,2.1,2.7
1.7596861843594089E9,42.4353024,-71.4176,2965.013123359577,228.7849752979433,86.41121659107341,-1.07,2.7600000000000002,2.1,2.7
1.759686185152782E9,42.4350944,-71.41792,2966.6535433070835,228.07084466953407,86.97990813751399,-0.63,2.75,2.1,2.7
1.759686186359366E9,42.4347648,-71.4184128,2971.5780839894983,227.17428963147785,87.67410996047953,-0.87,2.82,2.1,2.7
1.7596861871528711E9,42.4345504,-71.4187264,2983.061023622044,226.51049202268163,88.12268655437484,-1.1,2.94,2.1,2.7
1.759686188574177E9,42.434144,-71.419296,2986.3451443569525,225.5222242207284,88.97544459018144,-1.5,3.3000000000000003,2.1,2.7
1.7596861895310721E9,42.4339104,-71.4196032,2992.9101049868736,224.75318893794693,89.3436942580968,-2.16,3.15,2.1,2.7
1.759686190203133E9,42.433728,-71.4198272,2989.6292650918604,224.01527080232083,89.57601560643194,-2.52,3.2800000000000002,2.1,2.7
1.759686190602714E9,42.4335488,-71.420064,2997.8313648293934,223.51771147298507,89.79901159361985,-1.22,3.99,2.1,2.7
1.75968619215171E9,42.4331232,-71.4206016,3007.6771653543274,222.60639303271518,89.84735421682616,-0.42,4.87,2.1,2.7
1.7596861928006601E9,42.4329376,-71.420832,3009.320866141729,221.9835271687803,89.85222195239933,-0.77,4.63,2.1,2.7
1.7596861936033092E9,42.4326944,-71.4211264,3017.522965879262,221.53256682169962,89.76835700092576,0.23,5.51,2.1,2.7
1.759686195348403E9,42.4320672,-71.4218624,3035.570866141729,221.27782454818086,88.92566556385853,4.23,6.8,2.1,2.7
1.759686195948384E9,42.4318784,-71.42208,3038.854986876637,221.49683036124003,88.62879175087942,5.79,7.3100000000000005,2.1,2.7
1.759686197348553E9,42.4314496,-71.4225984,3060.1804461942224,222.8536482415957,87.71376143118223,9.42,7.78,2.1,2.7
1.759686197948475E9,42.4312736,-71.4228224,3065.104986876637,223.81834625669757,87.31342019808882,11.51,8.18,2.1,2.7
1.7596861993484092E9,42.4308704,-71.42336,3079.8720472440914,226.15284138805248,86.7626120241957,9.31,4.92,2.1,2.7
1.75968619994835E9,42.4307072,-71.4236096,3086.4337270341175,227.05802564029003,86.88356250869387,10.23,3.77,2.1,2.7
1.759686201348432E9,42.4303328,-71.4241664,3091.3582677165323,228.9535064447949,87.916415980146,10.83,1.01,2.1,2.7
1.7596862019481258E9,42.4301728,-71.424416,3091.3582677165323,229.8248149485837,88.73638174028032,13.58,-0.25,2.1,2.7
1.759686203348302E9,42.4298048,-71.425024,3081.5190288713875,232.15502199136063,91.1522924159745,12.05,-2.72,2.1,2.7
1.759686203948182E9,42.4296544,-71.4252992,3076.597769028868,233.34231690615132,92.368236049628,14.1,-2.44,2.1,2.7
1.759686205348359E9,42.4292992,-71.4259648,3055.275590551178,235.40405599455437,95.14057844928087,5.98,-3.5700000000000003,2.1,2.7
1.759686205948406E9,42.4291584,-71.426272,3056.9160104986845,236.0272147619972,96.14880504583931,1.8,-3.5,2.1,2.7
1.759686207348514E9,42.4288032,-71.426976,3038.874671916007,234.95963914257777,98.14808850622506,-8.59,-2.5500000000000003,2.1,2.7
1.759686207948425E9,42.42864,-71.4272768,3030.6758530183697,233.64242392182098,98.69681802102845,-8.39,-1.37,2.1,2.7
1.759686209348352E9,42.4282496,-71.427968,3040.5183727034087,230.48384248681558,99.52989479245915,-6.95,-0.09,2.1,2.7
1.75968620994839E9,42.4280672,-71.4282432,3042.16207349081,229.36964394809334,99.76295682591063,-5.61,0.45,2.1,2.7
1.7596862113484402E9,42.4276352,-71.4289152,3043.805774278212,227.4396586032408,100.09975880944765,-2.27,1.16,2.1,2.7
1.7596862125483031E9,42.4272608,-71.4294592,3048.7270341207313,226.33514113307956,100.2836663194286,-2.66,1.59,2.1,2.7
1.759686213348343E9,42.426992,-71.4298176,3050.3707349081333,225.67533016051752,100.29089655007736,-2.1,2.14,2.1,2.7
1.759686214148268E9,42.426736,-71.430176,3053.6548556430416,225.0,100.22894984329466,-1.1300000000000001,2.5,2.1,2.7
1.759686215359301E9,42.4263264,-71.4307008,3055.295275590548,224.43976439890184,99.80762428757868,-1.06,2.96,2.1,2.7
1.759686216148799E9,42.4260704,-71.4310464,3065.1410761154825,224.07275958463438,99.37602442692388,-2.42,2.69,2.1,2.7
1.7596862173593888E9,42.4256704,-71.4315584,3073.34645669291,222.58788216866472,98.95586900628375,-3.65,2.68,2.1,2.7
1.759686218148347E9,42.4254048,-71.4318912,3084.829396325456,221.76783120962423,98.48880159616705,-4.53,3.45,2.1,2.7
1.7596862193592582E9,42.4249888,-71.4323648,3093.0347769028836,220.3923312929936,97.69947468574291,-5.3,3.0,2.1,2.7
1.75968622014883E9,42.4247104,-71.4326784,3102.877296587923,219.33357256794343,97.58566509568736,-6.04,0.92,2.1,2.7
1.7596862213593888E9,42.4242848,-71.4331328,3109.4422572178446,217.7097518482992,98.13581256580686,-4.44,-0.99,2.1,2.7
1.759686222748342E9,42.423776,-71.4336576,3104.52427821522,216.25383773744477,99.4333934246207,-2.02,-2.72,2.1,2.7
1.759686223548527E9,42.4234816,-71.4339456,3093.0446194225688,215.6574812798234,100.50370998271059,2.23,-3.41,2.1,2.7
1.759686224348351E9,42.4231744,-71.4342336,3088.123359580049,215.56432403896872,102.03555982052288,6.38,-3.48,2.1,2.7
1.759686225548308E9,42.4227072,-71.4346944,3073.362860892385,216.2778793642987,104.59996802546368,8.28,-3.61,2.1,2.7
1.7596862263484159E9,42.4223936,-71.4350144,3058.602362204721,217.34012687885178,106.11026887376045,11.71,-3.85,2.1,2.7
1.759686227548256E9,42.42192,-71.4355008,3038.9206036745377,219.25832246479987,108.40129879320365,13.780000000000001,-4.3,2.1,2.7
1.7596862283543081E9,42.4216,-71.4358592,3024.1568241469786,220.86593078804486,110.01302736920299,12.290000000000001,-5.41,2.1,2.7
1.7596862297482681E9,42.4210688,-71.4365184,2997.9133858267687,223.09922713754446,112.71650080786951,6.43,-6.26,2.1,2.7
1.759686230359363E9,42.4208448,-71.4368064,2988.074146981624,223.83763642649726,113.83248931947915,6.65,-5.43,2.1,2.7
1.759686231748606E9,42.4203072,-71.4375168,2974.9540682414668,224.95231597146665,115.60970777345305,5.0200000000000005,-4.29,2.1,2.7
1.759686233148438E9,42.419776,-71.4382336,2963.474409448816,225.7373828270178,116.4165219365225,3.95,-3.87,2.1,2.7
1.759686233748416E9,42.419552,-71.4385536,2963.474409448816,226.06078659659096,116.56430872843565,3.99,-3.7,2.1,2.7
1.75968623514884E9,42.4190336,-71.439296,2958.5564304461914,226.79096591518262,116.54628412102983,5.89,-2.7600000000000002,2.1,2.7
1.759686235748417E9,42.4188128,-71.439616,2953.6384514435663,227.19064768558243,116.50577207163332,5.64,-2.41,2.1,2.7
1.75968623716149E9,42.4183008,-71.4403584,2958.562992125981,228.2699064900312,115.90833700658334,6.04,-1.26,2.1,2.7
1.759686237774476E9,42.4180832,-71.4406912,2953.6417322834614,228.82768040477765,115.50996041760891,6.76,-0.68,2.1,2.7
1.759686239157302E9,42.4175936,-71.4414592,2948.7237532808367,230.42691557850824,114.08677674721214,9.71,0.55,2.1,2.7
1.7596862397705069E9,42.4174016,-71.4417856,2953.6482939632515,231.29110563282742,113.39231185166071,10.31,1.1,2.1,2.7
1.759686241200064E9,42.4169632,-71.4425664,2968.4153543307057,233.4696585153746,111.52031678811005,8.83,1.36,2.1,2.7
1.759686241748416E9,42.4167744,-71.4428992,2963.494094488186,234.25754902874732,110.64561078755628,8.42,1.79,2.1,2.7
1.7596862423814158E9,42.4166016,-71.4432384,2970.055774278212,235.0229514789874,109.69657328434603,8.0,2.0,2.1,2.7
1.759686243356948E9,42.41632,-71.443808,2983.1824146981594,236.35566846870677,108.06234163412232,8.43,2.67,2.1,2.7
1.759686244581348E9,42.416,-71.4444864,2994.6686351706003,237.84998978434396,106.11665702201763,7.73,2.69,2.1,2.7
1.759686245398859E9,42.4157984,-71.4449408,3004.5111548556397,238.84852058810176,104.80101418517822,8.03,2.97,2.1,2.7
1.7596862465788321E9,42.415504,-71.4456128,3017.637795275587,240.3288842960378,102.99981472564278,7.5,2.5500000000000003,2.1,2.7
1.7596862473483691E9,42.4153248,-71.4460544,3032.4048556430416,241.15567418469055,101.85983282862112,6.51,2.22,2.1,2.7
1.759686248575844E9,42.4150528,-71.4467264,3043.8877952755875,241.98561176106983,100.35959917680867,3.29,1.6600000000000001,2.1,2.7
1.759686249392648E9,42.41488,-71.447168,3047.1719160104954,242.31341278253245,99.48593061375628,2.56,1.73,2.1,2.7
1.759686250572959E9,42.4146272,-71.4478144,3061.9356955380545,242.45895660269795,98.49883739150587,5.93,1.01,2.1,2.7
1.759686251390068E9,42.414464,-71.448256,3066.8602362204692,242.96790159960432,98.11400199553466,6.65,1.03,2.1,2.7
1.7596862525694408E9,42.4142272,-71.4489152,3075.065616797897,243.99640396868824,97.58514624432398,5.41,0.6,2.1,2.7
1.759686253386989E9,42.4140672,-71.4493568,3079.9868766404165,244.58142801952164,97.32176344429848,4.23,0.3,2.1,2.7
1.7596862545672789E9,42.4138368,-71.4500096,3081.630577427818,245.0718189195917,97.08110136350017,3.39,-0.06,2.1,2.7
1.759686255384385E9,42.4136928,-71.4504576,3088.192257217844,245.29631653344677,96.88397261230045,2.88,0.0,2.1,2.7
1.759686256565059E9,42.413472,-71.4511168,3084.9146981627264,245.62844607295693,96.75596418461912,2.63,0.07,2.1,2.7
1.759686257348443E9,42.4133248,-71.4515584,3086.5551181102333,245.67140505373487,96.68047225261509,2.36,0.09,2.1,2.7
1.759686258561465E9,42.413104,-71.4522176,3079.9967191601017,245.7685791156311,96.7131164075172,2.37,-0.88,2.1,2.7
1.7596862593782458E9,42.41296,-71.4526592,3083.277559055115,245.66812156331713,97.04564528689363,1.58,-1.74,2.1,2.7
1.7596862605603518E9,42.4127392,-71.4533248,3070.1574803149574,245.43666547669412,98.05756813437249,3.22,-3.47,2.1,2.7
1.7596862613759918E9,42.4125888,-71.4537664,3063.5958005249313,245.51413034600967,98.95827456936257,4.57,-3.83,2.1,2.7
1.759686262192597E9,42.4124288,-71.4542144,3050.4757217847737,245.5496011820041,100.12619189124987,4.09,-4.89,2.1,2.7
1.759686263374909E9,42.4121984,-71.4549056,3032.4311023622013,246.04857796871173,102.1811065190115,5.13,-5.53,2.1,2.7
1.759686264190258E9,42.4120512,-71.4553728,3019.311023622044,246.2980734355579,103.72559109008311,4.89,-6.34,2.1,2.7
1.7596862653706388E9,42.4118112,-71.456096,2991.4238845144323,246.7779213820532,105.84518841183531,4.5600000000000005,-5.59,2.1,2.7
1.759686266186843E9,42.4116608,-71.4565888,2973.3825459317554,247.0483901683977,107.17341952498795,4.32,-5.4,2.1,2.7
1.759686267359402E9,42.4114272,-71.4573376,2948.776246719157,247.62542408289897,108.97292072632474,3.24,-4.84,2.1,2.7
1.759686268184139E9,42.4112736,-71.4578496,2942.217847769026,247.76931795288638,109.84769095180792,1.3800000000000001,-4.2700000000000005,2.1,2.7
1.759686268797039E9,42.411152,-71.4582272,2929.094488188973,247.8613399836937,110.38435478096964,0.51,-3.83,2.1,2.7
1.7596862701818771E9,42.4108992,-71.4591296,2924.1765091863485,247.71304468364008,111.17333353535716,2.0,-2.68,2.1,2.7
1.7596862707942572E9,42.4107744,-71.45952,2919.255249343829,247.69332033779452,111.33610406580402,1.23,-2.25,2.1,2.7
1.759686272178232E9,42.4104928,-71.4604288,2922.5393700787367,247.67695789270078,111.41219434606442,1.45,-0.87,2.1,2.7
1.7596862727915568E9,42.4103744,-71.4608128,2920.902230971126,247.66240078247768,111.08757485745151,0.5700000000000001,0.08,2.1,2.7
1.759686273406076E9,42.4102624,-71.4611968,2930.7447506561653,247.7260086503863,110.72190428436369,0.63,0.8300000000000001,2.1,2.7
1.759686274788919E9,42.4099872,-71.4620864,2938.950131233593,247.41389571620437,109.11847702148168,0.36,2.48,2.1,2.7
1.759686275402983E9,42.4098688,-71.462464,2947.1522309711254,247.41261340377457,108.15103900436621,1.01,3.5700000000000003,2.1,2.7
1.759686276786676E9,42.4096064,-71.463328,2966.8405511810993,247.27514716438964,105.26683218206844,-0.08,4.92,2.1,2.7
1.759686278169637E9,42.4093408,-71.46416,2998.011811023619,246.84994344513171,102.44798137633718,-1.04,4.98,2.1,2.7
1.759686278782975E9,42.4092416,-71.4645184,3007.8543307086584,246.56020505333657,101.25176958623874,-1.47,4.97,2.1,2.7
1.7596862793972368E9,42.4091264,-71.4648576,3022.618110236217,246.18327562154946,100.07749087689734,-1.87,4.86,2.1,2.7
1.759686280781559E9,42.4088544,-71.4656512,3043.9468503936973,245.25033979171548,97.69034501523457,-1.58,4.97,2.1,2.7
1.759686281394249E9,42.408752,-71.4659776,3055.429790026243,244.82949517503027,96.80067055582529,-0.85,4.76,2.1,2.7
1.759686282779109E9,42.4084768,-71.4667328,3080.039370078737,244.22813600982897,95.45109570582709,0.48,2.94,2.1,2.7
1.759686283391758E9,42.408368,-71.4670592,3086.6010498687633,244.01616006204955,95.12519747729021,-0.04,2.15,2.1,2.7
1.7596862841604218E9,42.4082144,-71.4674816,3096.446850393698,243.72898616576754,94.86075829197546,0.37,1.47,2.1,2.7
1.759686285388376E9,42.4079712,-71.4681152,3094.806430446191,243.1931071817624,94.73864916773157,0.72,0.86,2.1,2.7
1.7596862867734709E9,42.4076896,-71.4688576,3091.5288713910727,242.82705885308326,95.04741448542214,2.2,0.04,2.1,2.7
1.759686287359414E9,42.4075712,-71.4691712,3088.2513123359545,242.68336651308596,95.43277352554477,1.82,-1.32,2.1,2.7
1.7596862881560168E9,42.4074048,-71.4695872,3084.9704724409416,242.56383385621479,96.06157128971776,3.0,-1.86,2.1,2.7
1.759686289383712E9,42.4071584,-71.47024,3066.9291338582643,242.77023510915905,97.41315374634029,3.09,-2.97,2.1,2.7
1.759686290767087E9,42.4068704,-71.471008,3055.4461942257185,243.013036095078,99.16530048264251,5.78,-2.38,2.1,2.7
1.7596862913802361E9,42.4067456,-71.471328,3052.1686351706007,243.5542320222317,100.2146986072916,4.84,-3.2800000000000002,2.1,2.7
1.759686292195819E9,42.4065888,-71.4717888,3043.9665354330677,243.8878315393681,101.18258043826728,3.42,-4.19,2.1,2.7
1.759686293379077E9,42.4063296,-71.4724736,3024.284776902884,244.09766173597623,102.96840037771368,3.3000000000000003,-4.84,2.1,2.7
1.759686294193558E9,42.40616,-71.4729408,3016.082677165351,244.19725932497295,104.54422342860126,4.14,-5.96,2.1,2.7
1.7596862947621279E9,42.4060416,-71.4732864,3007.8838582677135,244.68802028169395,105.34254476712816,4.59,-4.97,2.1,2.7
1.759686296190969E9,42.4057504,-71.4741376,2984.9179790026215,244.48719250689115,107.45659897758004,1.6,-5.2700000000000005,2.1,2.7
1.7596862967591581E9,42.4056192,-71.4745024,2978.3595800524904,244.46545317400302,108.27314490902864,2.62,-3.7,2.1,2.7
1.759686298150371E9,42.405312,-71.4753664,2960.318241469813,244.88631285435292,109.82955315433651,3.41,-3.34,2.1,2.7
1.759686298755239E9,42.4051744,-71.4757376,2948.8353018372673,245.05503097329586,110.3861108008283,3.12,-3.24,2.1,2.7
1.7596863001844811E9,42.40488,-71.4766144,2943.9173228346426,245.62153555612838,111.18794051045433,3.5300000000000002,-1.81,2.1,2.7
1.759686300797174E9,42.404752,-71.4770048,2943.9173228346426,245.61071200624286,111.282834021014,2.4,-1.55,2.1,2.7
1.759686302181723E9,42.404448,-71.4779008,2934.0780839894983,246.10878452729048,111.06272826218014,2.86,-0.49,2.1,2.7
1.759686302794413E9,42.4043328,-71.4782784,2935.7185039370047,246.18648461422006,110.8261759406914,2.84,0.16,2.1,2.7
1.75968630340878E9,42.4042048,-71.478656,2940.6430446194195,246.44797328529552,110.4773220977898,1.97,0.59,2.1,2.7
1.759686304383823E9,42.404016,-71.4792832,2940.6430446194195,246.59308153989153,109.50858715381504,0.48,2.09,2.1,2.7
1.759686305565191E9,42.4037632,-71.4800384,2948.848425196847,246.44530328198755,107.59564677826,-0.34,3.84,2.1,2.7
1.759686306380042E9,42.4036128,-71.4805248,2960.331364829393,246.21129237340807,106.06775866470302,-0.51,4.0200000000000005,2.1,2.7
1.7596863075611172E9,42.403376,-71.481248,2983.30052493438,245.79133207740512,103.81429213732702,-1.2,4.29,2.1,2.7
1.759686308989989E9,42.4030912,-71.4820608,3009.55052493438,245.02704703673265,101.06195749074027,-1.28,5.2,2.1,2.7
1.759686309559E9,42.402976,-71.4824064,3019.3930446194195,244.78107710703503,99.91171586879737,-1.42,5.25,2.1,2.7
1.759686310986518E9,42.4026976,-71.4831744,3045.6430446194195,243.83843355798075,97.5220271425024,-2.47,4.94,2.1,2.7
1.759686311554414E9,42.4025792,-71.4835072,3060.4068241469786,243.2752648737943,96.69413654404082,-3.29,4.3,2.1,2.7
1.7596863129849029E9,42.4022944,-71.4842432,3080.095144356952,241.5977994098838,95.17791933806569,-2.97,2.88,2.1,2.7
1.7596863135976682E9,42.4021696,-71.4845632,3085.0164041994717,241.1222869995829,94.78893121126407,-1.79,2.45,2.1,2.7
1.759686314981688E9,42.4018624,-71.48528,3093.2217847768993,239.53925211498245,94.17302055749717,-3.64,1.37,2.1,2.7
1.7596863163673291E9,42.4015488,-71.4859776,3099.786745406821,238.37392914042084,94.30570508194248,-0.44,0.02,2.1,2.7
1.7596863169786658E9,42.4014208,-71.486272,3101.427165354328,237.76258568454256,94.63615034681456,-1.44,-1.25,2.1,2.7
1.759686318366043E9,42.401072,-71.486976,3086.6666666666633,236.80243420778353,95.96248581491763,0.92,-3.19,2.1,2.7
1.7596863189771872E9,42.4009312,-71.4872768,3086.6666666666633,236.77558598278114,96.85169620365441,3.34,-3.46,2.1,2.7
1.759686320361901E9,42.4005824,-71.4879808,3063.7040682414668,236.42173503483735,99.46344548003114,1.1300000000000001,-4.93,2.1,2.7
1.75968632097261E9,42.4004224,-71.4883072,3052.2244094488155,236.3775235815624,100.54157699855392,1.17,-5.11,2.1,2.7
1.7596863224048471E9,42.4001152,-71.4889344,3034.1797900262436,236.14482406207486,102.89791253641437,0.11,-4.83,2.1,2.7
1.759686323173985E9,42.3998368,-71.4894592,3009.57677165354,235.6907658765204,104.76897680990757,-0.29,-4.1,2.1,2.7
1.7596863237876759E9,42.3996704,-71.489792,3009.57677165354,235.45889390030874,105.62632926741624,-0.47000000000000003,-3.44,2.1,2.7
1.7596863253777661E9,42.3992224,-71.4906688,2983.3333333333303,234.66266472470335,107.27638702125994,-2.68,-2.77,2.1,2.7
1.759686326555732E9,42.398864,-71.491328,2971.8536745406795,233.7350625165709,107.88549514451326,-1.5,-1.23,2.1,2.7
1.759686327986094E9,42.398448,-71.4920832,2976.778215223094,232.63169375202682,108.15571179957992,-2.96,-0.35000000000000003,2.1,2.7
1.759686328599094E9,42.3982592,-71.4924096,2978.4186351706007,232.12320679896987,107.96224293680818,-2.56,0.81,2.1,2.7
1.7596863293720598E9,42.3980224,-71.4928384,2983.343175853015,231.6088193714496,107.48583330629587,-1.29,2.22,2.1,2.7
1.759686330596E9,42.3976448,-71.4934592,2993.1889763779495,231.03073565381237,106.23242631456057,-3.16,3.08,2.1,2.7
1.7596863319798288E9,42.3972128,-71.4941632,3022.719816272963,229.64564340709376,104.19997562356939,-5.8100000000000005,4.7,2.1,2.7
1.759686332592558E9,42.3970144,-71.4944704,3026.000656167976,228.82220477811845,103.09731905858798,-7.59,4.72,2.1,2.7
1.7596863333662438E9,42.3967616,-71.4948416,3042.4081364829367,227.478119457915,101.72607915120886,-8.49,4.87,2.1,2.7
1.759686334590376E9,42.3963808,-71.495392,3058.812335958002,225.33173364349094,99.70830892863889,-6.72,5.82,2.1,2.7
1.759686335362628E9,42.396112,-71.4957248,3076.8602362204692,224.11933490653888,98.3712421936536,-3.7600000000000002,6.23,2.1,2.7
1.7596863365878081E9,42.3957216,-71.4962368,3096.5485564304427,223.3541161054019,96.66762687838468,3.04,6.8100000000000005,2.0,2.7
1.759686337353092E9,42.395456,-71.4965696,3106.391076115482,223.56790381583536,95.69548201092954,6.84,6.58,2.0,2.7
1.759686338553187E9,42.3950816,-71.497056,3122.7985564304427,224.88344379443856,94.59367252948209,10.02,5.59,2.1,2.7
1.75968633935317E9,42.3948416,-71.4973824,3139.202755905508,226.28046673250097,94.10840992746765,12.73,4.83,2.1,2.7
1.759686340747982E9,42.3944256,-71.4979904,3142.486876640417,229.20203869197016,93.98016911041886,16.830000000000002,2.93,2.1,2.7
1.759686341548244E9,42.3942016,-71.4983552,3147.4114173228313,231.5304872312157,94.14597558285202,19.26,1.61,2.1,2.7
1.7596863423481832E9,42.3939872,-71.4987264,3144.1305774278185,234.03836251255,94.66934576745734,21.04,0.58,2.1,2.7
1.759686343548194E9,42.3936928,-71.4993216,3145.77427821522,238.51265437354522,95.94357406500612,24.94,-1.72,2.1,2.7
1.759686344348157E9,42.39352,-71.4997504,3135.9317585301806,241.70700831052386,97.15521054053971,26.400000000000002,-3.5300000000000002,2.1,2.7
1.759686345748184E9,42.3932384,-71.5005248,3112.9691601049835,247.1690512607202,99.84400690425204,18.63,-7.01,2.1,2.7
1.759686346359173E9,42.3931392,-71.5008704,3101.4862204724377,248.92925476745097,101.0525501650456,16.71,-7.48,2.1,2.7
1.759686347153523E9,42.393008,-71.5013504,3085.085301837267,251.03502476733195,102.99698995446876,11.38,-9.51,2.1,2.7
1.759686348548161E9,42.3928096,-71.5022208,3053.917322834642,252.9712885755357,106.2025552189927,1.33,-9.76,2.1,2.7
1.7596863493481E9,42.3926976,-71.5027392,3032.5951443569525,253.00148101896906,107.64893726092714,-1.93,-8.81,2.1,2.7
1.7596863505482059E9,42.3925184,-71.50352,3024.3930446194195,252.070655352651,109.36510827542453,-5.3100000000000005,-7.3,2.1,2.7
1.759686351348055E9,42.3923904,-71.5040448,3014.553805774275,251.07234777359335,110.08411652739309,-6.13,-5.98,2.1,2.7
1.759686352548102E9,42.3921888,-71.5048192,3001.4337270341175,249.65377667817467,110.58414959343766,-3.02,-3.45,2.1,2.7
1.759686353348051E9,42.392048,-71.5053504,3007.9954068241436,249.02681993492538,110.62501650929332,-1.22,-2.36,2.1,2.7
1.759686354548068E9,42.3918304,-71.5061184,3012.9199475065584,248.66712252101493,109.91325616701788,-0.21,0.79,2.1,2.7
1.75968635534815E9,42.3916736,-71.5066304,3007.9986876640387,248.46252824208375,108.91808900815363,-2.15,1.48,2.1,2.7
1.759686356548075E9,42.391456,-71.5073856,3027.6870078740126,247.92172715684114,107.5681881130895,-2.91,-0.1,2.1,2.7
1.759686357348131E9,42.3913056,-71.5078784,3039.169947506559,247.3665406091419,107.1342444494687,-3.74,-1.59,2.1,2.7
1.759686358548029E9,42.391072,-71.5086208,3045.73490813648,246.43206448141896,106.90664377908321,-4.78,-2.06,2.1,2.7
1.7596863593480859E9,42.390912,-71.5091072,3040.8136482939603,245.79315601427436,106.90310753188791,-0.77,-1.33,2.1,2.7
1.759686360549633E9,42.3906656,-71.5098432,3040.816929133855,245.1413644051296,107.13826505463867,0.11,-1.92,2.1,2.7
1.759686361348094E9,42.390496,-71.5103232,3037.5393700787367,244.7911384618302,107.25119300510706,0.81,-2.16,2.1,2.7
1.759686362748146E9,42.3901984,-71.511168,3039.1797900262436,244.73448487863226,107.7095896316024,2.85,-1.9100000000000001,2.1,2.7
1.7596863633590279E9,42.3900672,-71.5115328,3034.2618110236185,244.74613199029346,107.89269224086833,2.02,-2.04,2.1,2.7
1.759686364153494E9,42.3898976,-71.512032,3030.9809711286057,244.71115166711826,108.11728232435128,1.6400000000000001,-2.12,2.1,2.7
1.7596863653592138E9,42.3896448,-71.5127616,3024.4225721784746,244.66653103932936,108.39368403963483,1.18,-2.24,2.1,2.7
1.759686366748081E9,42.3893408,-71.5136192,3019.50459317585,244.33792778542028,108.66901241589547,-0.05,-2.46,2.1,2.7
1.759686367359045E9,42.3892064,-71.5139776,3019.50459317585,244.19951868276627,108.79560078408609,-0.04,-2.13,2.1,2.7
1.759686368748043E9,42.3888928,-71.5148416,3012.9461942257185,243.63163642001712,108.89087359887287,-1.07,-1.67,2.1,2.7
1.759686369359387E9,42.3887648,-71.5152128,3021.1482939632515,243.21526802254044,108.83017997370524,-1.62,-1.49,2.1,2.7
1.7596863707481608E9,42.3884352,-71.5160512,3019.5111548556397,242.30507351985165,108.45058219423657,-1.97,-0.9,2.1,2.7
1.7596863713590689E9,42.3882976,-71.5164096,3017.8707349081333,241.8240015943691,108.22886407340756,-2.0,-0.71,2.1,2.7
1.759686372948039E9,42.3879136,-71.5173632,3029.356955380574,240.6709958128751,107.62453262777336,-1.85,-0.06,2.1,2.7
1.7596863735480518E9,42.3877664,-71.5177088,3032.6410761154825,240.28861520874935,107.22630493357542,-1.33,0.19,2.1,2.7
1.759686374948083E9,42.3874272,-71.5185088,3037.5656167978973,240.1487127484732,106.45734768130325,4.21,1.09,2.1,2.7
1.7596863755483031E9,42.38728,-71.5188608,3039.2060367454037,240.40218414160051,106.14407824885517,6.0200000000000005,1.03,2.1,2.7
1.7596863769481049E9,42.386944,-71.5196736,3044.1305774278185,242.23899809201095,105.37508009671414,11.120000000000001,1.6400000000000001,2.1,2.7
1.759686377550887E9,42.3868096,-71.5200192,3047.4114173228313,243.25947185795698,105.02227864465995,12.200000000000001,1.95,2.0,2.7
1.7596863789479241E9,42.3865152,-71.5208448,3055.6167979002594,246.11126747807168,104.25749714769366,12.43,1.32,2.0,2.7
1.7596863795477738E9,42.3863968,-71.5212096,3058.897637795272,247.32165234041017,104.0091917814807,9.16,0.0,2.0,2.7
1.759686380948048E9,42.3861536,-71.5220544,3070.383858267713,249.27552699128734,103.70851034554555,5.65,-1.62,2.0,2.7
1.75968638154807E9,42.3860576,-71.5224128,3072.0242782152195,249.84417799335694,103.57408322609646,7.97,-0.8300000000000001,2.0,2.7
1.759686382948011E9,42.3858336,-71.5232768,3075.3083989501283,251.25666615386984,103.92842870083112,8.35,-2.52,2.0,2.7
1.759686383548178E9,42.3857408,-71.5236416,3080.229658792648,251.924246413829,103.93511273010675,9.75,-1.78,2.0,2.7
1.759686384947973E9,42.3855392,-71.524512,3075.311679790023,253.82999651599067,104.21118732540677,6.2700000000000005,-1.85,2.0,2.7
1.759686385548036E9,42.3854592,-71.524896,3070.3904199475032,254.3672194977301,104.23596881139324,4.15,-2.39,2.0,2.7
1.7596863869479089E9,42.3852896,-71.5257728,3068.753280839892,254.7776565206772,104.31214527308592,2.07,-2.5,2.0,2.7
1.7596863875529919E9,42.3852128,-71.526144,3068.753280839892,254.90495372012614,104.35004246280894,2.7600000000000002,-2.32,2.0,2.7
1.759686389153522E9,42.3850112,-71.5271552,3072.0374015748,255.09468630679027,104.4385297257516,3.49,-1.87,2.0,2.7
1.7596863897485971E9,42.3849376,-71.5275328,3072.0374015748,255.36880616646678,104.42743108140698,2.79,-1.82,2.0,2.7
1.759686391153008E9,42.3847776,-71.5284096,3078.602362204721,255.49965479306428,104.18477879606513,0.18,-1.36,2.0,2.7
1.7596863917480369E9,42.384704,-71.5287936,3076.9619422572146,255.40029479012634,104.03081244908617,0.9,-1.11,2.0,2.7
1.7596863931534019E9,42.3845216,-71.5296768,3078.6056430446165,255.2460690596895,103.88306701327107,1.7,-2.06,2.0,2.7
1.759686393747937E9,42.3844576,-71.5300544,3091.7290026246687,255.2700677216459,103.97211342614861,1.48,-1.8800000000000001,2.0,2.7
1.759686395148488E9,42.3842816,-71.5309312,3096.6535433070835,255.6076929918554,103.93349856822661,2.6,-1.04,2.0,2.7
1.7596863957479692E9,42.3842112,-71.5313088,3106.496062992123,255.5919813491197,103.90067729275296,1.3,-0.9500000000000001,2.0,2.7
1.759686397148332E9,42.3840448,-71.5321856,3108.1397637795244,255.3827414858199,103.67752393714817,-0.03,-0.72,2.0,2.7
1.75968639835924E9,42.383904,-71.5329344,3114.7014435695505,254.94912997582713,103.30179999113416,-0.55,-0.65,2.0,2.7
1.759686399153538E9,42.3837952,-71.5334336,3111.4238845144323,254.59328044811298,103.0935110384892,-0.21,-0.52,2.0,2.7
1.7596864003590078E9,42.3836512,-71.5341824,3117.9855643044584,254.09921538996846,102.87804997634234,-0.73,-0.61,2.0,2.7
1.759686401148553E9,42.3835456,-71.5346752,3116.348425196847,253.6465574645493,102.72842962652102,-1.56,-0.76,2.0,2.7
1.759686401947974E9,42.3834336,-71.5351616,3122.9101049868736,253.1063467507093,102.61171368103591,-2.0,-0.7000000000000001,2.0,2.7
1.759686403348081E9,42.383232,-71.5360128,3129.475065616795,251.88789893355192,102.54548165466223,-3.25,-0.88,2.0,2.7
1.759686403947912E9,42.3831392,-71.5363776,3124.553805774275,251.3075052063527,102.56333081009699,-3.87,-1.12,2.0,2.7
1.759686405358928E9,42.3829216,-71.5372224,3126.1975065616766,249.6253060522301,102.78716248682295,-4.2700000000000005,-1.27,2.0,2.7
1.7596864061488E9,42.3827872,-71.5377024,3122.9166666666633,248.65652922081915,102.97155435309806,-4.14,-1.17,2.0,2.7
1.7596864073587961E9,42.382576,-71.538432,3121.279527559052,247.3519460646462,103.33329032956645,-2.96,-0.9400000000000001,2.0,2.7
1.75968640814925E9,42.382416,-71.5388992,3116.3582677165323,246.54730283148268,103.59243541119376,-2.95,-1.02,2.0,2.7
1.759686408747973E9,42.3823008,-71.5392512,3119.64238845144,245.95472158472262,103.80949489857322,-3.04,-1.11,2.0,2.7
1.7596864101478791E9,42.3820128,-71.5400768,3116.361548556427,244.84494821916016,104.21880131223716,-1.21,-0.47000000000000003,2.0,2.7
1.759686410749629E9,42.381888,-71.5404288,3119.6456692913353,244.47934955041518,104.44800470102197,-0.28,-0.3,2.0,2.7
1.7596864121483479E9,42.3815968,-71.5412544,3116.3681102362175,243.87224012583647,104.79012340589354,0.01,-0.36,2.0,2.7
1.759686412747972E9,42.3814624,-71.5416128,3111.446850393698,243.58214077266274,104.90042833822146,0.24,-0.32,2.0,2.7
1.759686414147969E9,42.3811616,-71.5424192,3111.4501312335924,243.1793981846835,105.24885453341624,1.21,-0.36,2.0,2.7
1.7596864147479072E9,42.3810304,-71.5427776,3109.809711286086,243.08982617923425,105.3540365668841,1.06,-0.31,2.0,2.7
1.759686416148137E9,42.3807168,-71.5435968,3108.172572178474,242.93480895875427,105.5647824157666,1.94,-0.25,2.0,2.7
1.759686416747933E9,42.3805888,-71.5439552,3114.7342519685008,242.96798936109616,105.59904017014522,1.6300000000000001,-0.07,2.0,2.7
1.759686418148782E9,42.3802656,-71.544768,3114.7375328083954,242.98678183700432,105.58137676056593,1.57,0.41000000000000003,2.0,2.7
1.759686419359017E9,42.38,-71.5454784,3121.302493438317,242.87846768101147,105.6179008999532,1.47,-0.52,2.0,2.7
1.7596864201479201E9,42.3798208,-71.5459456,3114.740813648291,242.86064506807918,105.80948372964642,1.4000000000000001,-1.51,2.0,2.7
1.759686421358949E9,42.3795456,-71.5466432,3116.3845144356924,242.84409824918305,106.21839360206364,3.14,-0.88,2.0,2.7
1.759686422147996E9,42.3793728,-71.5471296,3119.6653543307057,243.00433756008061,106.41569337131834,2.75,-1.0,2.0,2.7
1.759686423358951E9,42.3790976,-71.5478336,3118.028215223094,243.1970535234578,106.77872014843689,2.23,-1.08,2.0,2.7
1.759686424148275E9,42.3789248,-71.5483072,3116.391076115482,243.26261019608603,106.93475993928983,1.79,-1.0,2.0,2.7
1.759686425547945E9,42.3786208,-71.5491456,3111.4698162729624,243.11906804354925,107.22277922892458,0.89,-1.1500000000000001,2.0,2.7
1.759686426347666E9,42.378432,-71.549632,3108.192257217844,243.0127086587342,107.34576855533032,0.72,-1.06,2.0,2.7
1.759686426947999E9,42.3783008,-71.5499776,3106.5518372703377,242.81365453391822,107.4274076939826,0.11,-0.89,2.0,2.7
1.759686428348621E9,42.3779808,-71.5508224,3111.476377952753,242.3172825580922,107.40675395162354,-0.54,-0.5,2.0,2.7
1.7596864291483932E9,42.3777888,-71.5512896,3106.558398950128,241.99530929216354,107.26370092518152,-0.71,-0.22,2.0,2.7
1.759686430358877E9,42.3775104,-71.5520064,3111.4796587926476,241.38206534653472,107.0203492699254,-0.88,0.08,2.0,2.7
1.759686431147687E9,42.3773152,-71.5524736,3111.4829396325426,241.03152442847215,106.75870186529951,-0.86,0.27,2.0,2.7
1.759686432358916E9,42.3770304,-71.5531776,3114.763779527556,240.32787026028447,106.33428665847826,-1.58,0.11,2.0,2.7
1.759686433151627E9,42.3768352,-71.553632,3121.328740157477,239.81085308115163,106.03359711119182,-2.14,0.38,2.0,2.7
1.7596864343588982E9,42.3765312,-71.5543232,3118.051181102359,239.04167280359798,105.54052596388318,-1.5,0.48,2.0,2.7
1.759686435151711E9,42.376336,-71.5547712,3122.9724409448786,238.38141124332324,105.30071141703374,0.56,0.6900000000000001,2.0,2.7
1.7596864363644872E9,42.3760256,-71.5554368,3121.3353018372673,238.28821375199652,104.94940973875603,3.66,0.87,2.0,2.7
1.7596864371477041E9,42.3758208,-71.5558784,3122.9757217847737,238.57496999025716,104.7638427793912,5.51,0.8300000000000001,2.0,2.7
1.759686438358899E9,42.3755232,-71.5565504,3122.9790026246687,239.4012030488616,104.67256218455773,6.98,0.49,2.0,2.7
1.7596864397588081E9,42.3751808,-71.557344,3124.62270341207,240.62312990677475,104.73060705491885,7.71,-0.43,2.0,2.7
1.7596864403765721E9,42.3750464,-71.5576832,3127.9035433070835,241.26320952158343,104.83629282721559,7.62,-0.77,2.0,2.7
1.7596864419621E9,42.3746752,-71.5586112,3124.6259842519653,242.8950194588239,105.16554577293499,9.07,-1.19,2.0,2.7
1.759686442573492E9,42.3745408,-71.5589696,3119.70800524934,243.75651304374873,105.3277047178612,9.16,-1.26,2.0,2.7
1.759686443390096E9,42.3743712,-71.5594304,3118.067585301834,244.85560427445424,105.5410432973381,9.73,-1.35,2.0,2.7
1.759686444773654E9,42.3740992,-71.5602816,3122.9921259842486,246.80417499361448,105.76095067675622,9.22,-1.18,2.0,2.7
1.75968644538827E9,42.3739744,-71.5606464,3121.351706036742,247.59066425149933,105.80416984310817,9.82,-1.12,2.0,2.7
1.75968644677311E9,42.3737312,-71.5615104,3114.793307086611,249.8229026152802,105.94907586260412,10.65,-1.53,2.0,2.7
1.759686447358982E9,42.3736384,-71.561888,3116.4337270341175,250.8309133958874,106.02559848259524,10.870000000000001,-1.69,2.0,2.7
1.759686448770636E9,42.3734208,-71.5627648,3106.594488188973,253.09906742775394,106.31316998589648,9.31,-2.23,2.0,2.7
1.7596864501993709E9,42.3732352,-71.5636672,3109.878608923881,254.9105787609624,106.7027942951169,6.84,-3.13,2.0,2.7
1.75968645076775E9,42.3731584,-71.5640576,3106.597769028868,255.43082315041832,106.94869335802917,5.38,-4.25,2.0,2.7
1.7596864521961432E9,42.3729824,-71.5649664,3091.837270341204,255.73599624584637,107.92553887632302,-1.08,-6.55,2.0,2.7
1.759686452765701E9,42.3729088,-71.5653504,3085.275590551178,255.52810290691454,108.5077082013913,-2.7600000000000002,-6.61,2.0,2.7
1.759686454193819E9,42.3727296,-71.5662784,3070.511811023619,254.26332590084218,109.94376874514704,-3.35,-6.01,2.0,2.7
1.7596864547620568E9,42.3726592,-71.5666752,3067.2342519685008,253.72649122474448,110.50289700870165,-3.6,-5.74,2.0,2.7
1.759686456192223E9,42.3724448,-71.5676096,3047.552493438317,252.41591604180826,111.76434748430698,-2.74,-4.55,2.0,2.7
1.7596864567588139E9,42.3723456,-71.5680064,3044.2716535433037,251.87951442740672,111.9995896847148,-2.18,-3.5500000000000003,2.0,2.7
1.759686458188589E9,42.3721152,-71.5689408,3036.072834645666,251.23495568807945,112.03049695657589,-0.4,-1.4000000000000001,2.0,2.7
1.759686458757541E9,42.3720256,-71.569344,3040.9940944881855,251.0136928096407,111.78793454198642,0.05,-0.72,2.0,2.7
1.7596864593707762E9,42.3719264,-71.5697408,3044.274934383199,250.96787971025933,111.46917034471339,0.93,-0.61,2.0,2.7
1.759686460956141E9,42.371648,-71.570784,3049.1994750656136,250.92294826252268,110.80005328439155,-0.47000000000000003,-2.2,2.0,2.7
1.759686461567676E9,42.3715488,-71.5711744,3059.041994750653,250.9412577609778,110.66442063552407,-1.92,-2.45,2.0,2.7
1.759686462385999E9,42.3714144,-71.5716992,3052.483595800522,250.5867934850354,110.53259218082661,-3.2600000000000002,-2.2,2.0,2.7
1.759686463566492E9,42.3712,-71.57248,3050.84645669291,249.56568700282253,110.29471958586751,-3.0,-1.42,2.1,2.7
1.759686464383525E9,42.3710592,-71.5729856,3057.4081364829367,248.96030752475957,109.96622412620489,-2.2800000000000002,-0.7000000000000001,2.1,2.7
1.7596864655637279E9,42.3708416,-71.5737536,3070.534776902884,248.2307324140424,109.38620228640632,-0.01,0.0,2.1,2.7
1.759686466347862E9,42.3706816,-71.5742592,3068.894356955377,248.2251814058975,108.88806805430116,1.6300000000000001,0.0,2.1,2.7
1.759686467560097E9,42.3704576,-71.5750016,3065.6167979002594,248.1087373461636,108.18070214970308,0.67,0.19,2.0,2.7
1.7596864683478332E9,42.3702976,-71.5755136,3067.257217847766,248.0813821003891,107.6357404194647,1.6600000000000001,0.33,2.0,2.7
1.7596864695590591E9,42.3700896,-71.576256,3077.1030183727,248.19665432212713,106.8161295727033,2.22,0.6,2.0,2.7
1.7596864711918259E9,42.3697888,-71.5772416,3082.027559055115,248.48279343827082,105.5179613134887,3.3000000000000003,1.1,2.1,2.7
1.759686471760889E9,42.3696864,-71.5776128,3083.6679790026215,248.74784773117625,105.05584830329052,3.54,0.67,2.1,2.7
1.759686473188898E9,42.3694432,-71.5784704,3088.592519685036,249.01318639327997,104.09777095755332,0.62,-0.27,2.1,2.7
1.759686473758863E9,42.3693376,-71.5788288,3090.2329396325426,248.96248897457818,103.69579769151834,0.81,0.11,2.1,2.7
1.759686475185679E9,42.3690912,-71.5796736,3096.797900262464,248.89551647350447,102.67987175776496,1.8800000000000001,0.88,2.1,2.7
1.759686475799304E9,42.3689888,-71.580032,3098.4383202099707,249.0336230354103,102.29329952223804,2.2800000000000002,0.74,2.1,2.7
1.759686477182878E9,42.368752,-71.580864,3109.924540682411,249.05053225112772,101.71974958667782,-0.11,-0.1,2.1,2.7
1.759686477796344E9,42.368656,-71.581216,3111.564960629918,248.96485269435487,101.48656454397499,-0.78,-0.44,2.1,2.7
1.759686478568993E9,42.368512,-71.5816896,3119.7703412073456,248.60088167381522,101.27784603596378,-0.77,-0.14,2.1,2.7
1.7596864793865728E9,42.3683904,-71.5821632,3123.051181102359,248.2251617565232,101.18511977764818,-0.76,-0.58,2.1,2.7
1.759686480769089E9,42.3681344,-71.582976,3124.694881889761,247.9513897183577,101.23297627438663,3.77,-0.17,2.0,2.7
1.759686481384997E9,42.3680256,-71.5833344,3123.054461942254,247.97396639728606,101.2797375626955,3.2800000000000002,-0.5700000000000001,2.0,2.7
1.7596864822006989E9,42.3678816,-71.583808,3119.773622047241,248.20877534351692,101.53163484638567,3.3200000000000003,-1.11,2.1,2.7
1.759686483381984E9,42.3676832,-71.584512,3116.496062992123,248.5025655531516,102.05646567242006,3.18,-1.83,2.1,2.7
1.759686484196858E9,42.3675456,-71.5849856,3108.29396325459,248.73148403231636,102.46012973139118,2.99,-2.21,2.1,2.7
1.759686485378934E9,42.367344,-71.5857024,3105.0164041994717,248.85172248776462,103.23125613000164,1.26,-2.63,2.1,2.7
1.759686486194309E9,42.3672,-71.586176,3090.2526246719126,248.92782448912524,103.80327781322809,1.78,-2.7800000000000002,2.1,2.7
1.7596864873587232E9,42.3669888,-71.586912,3093.536745406821,248.72248404474556,104.61501966256026,0.24,-2.86,2.1,2.7
1.759686488191091E9,42.3668608,-71.5874048,3085.337926509183,248.5603585837638,105.19028382491018,-1.12,-3.18,2.0,2.7
1.759686489575414E9,42.3666048,-71.588256,3077.13582677165,247.992435509595,106.34034688785069,-0.64,-3.1,2.0,2.7
1.7596864903919458E9,42.3664544,-71.5887552,3067.296587926506,247.55306424732737,107.01062184220174,-1.16,-3.12,2.0,2.7
1.759686491572486E9,42.3662208,-71.5894912,3060.73490813648,247.24349359175164,107.84180844902251,0.35000000000000003,-2.34,2.0,2.7
1.7596864923884869E9,42.3660672,-71.5899904,3057.457349081362,247.13993902446182,108.43009372559321,0.66,-2.29,2.0,2.7
1.759686493772795E9,42.365792,-71.5908672,3049.258530183724,246.9688739342837,109.15865171008559,0.58,-1.78,2.0,2.7
1.7596864943879452E9,42.3656736,-71.5912384,3044.337270341204,247.09964816975548,109.34854389605636,1.55,-1.36,2.0,2.7
1.759686495771854E9,42.3653952,-71.592128,3045.9809711286057,247.10279498911882,109.66252398749056,1.02,-0.9,2.0,2.7
1.759686497155366E9,42.36512,-71.5930112,3042.703412073488,247.22302793739462,109.60782178853226,0.8300000000000001,-1.11,2.0,2.7
1.7596864977681751E9,42.3650016,-71.5933888,3039.4225721784746,247.13379897053176,109.55309744916285,0.17,-1.36,2.1,2.7
1.759686499198241E9,42.364736,-71.5942784,3045.987532808396,247.15500851770514,109.59928417021518,1.55,-0.99,2.0,2.7
1.759686499765202E9,42.3646112,-71.5946496,3045.987532808396,247.1762001934886,109.64548589706826,1.47,-1.07,2.0,2.7
1.759686500380319E9,42.3644864,-71.5950272,3045.987532808396,247.17077925985836,109.67094298674905,1.47,-1.17,2.0,2.7
1.759686501194542E9,42.3643296,-71.5955456,3041.069553805771,247.23331923344173,109.70496211645795,1.5,-0.93,2.0,2.7
1.7596865023586369E9,42.3640896,-71.5963008,3039.4291338582643,247.42933808925414,109.69567081376763,1.87,-0.79,2.0,2.7
1.759686503193346E9,42.3639296,-71.5968,3037.791994750653,247.5701117654146,109.58408787407654,2.43,-0.61,2.0,2.7
1.759686504358839E9,42.3637024,-71.5975616,3036.154855643041,247.99453715748638,109.4626814642224,2.37,-0.39,2.1,2.7
1.7596865051891809E9,42.3635488,-71.5980672,3036.154855643041,248.20426917293577,109.25984861010001,1.8900000000000001,-0.37,2.0,2.7
1.759686505960312E9,42.3634048,-71.5985728,3036.1581364829367,248.3199957712589,109.02546696722766,0.98,-0.34,2.0,2.7
1.759686507347865E9,42.3631424,-71.599456,3027.9560367454037,248.49567425701042,108.60074591034522,-0.26,-0.07,2.0,2.7
1.759686508004552E9,42.3630336,-71.5998464,3031.240157480312,248.3702656051849,108.422900936926,-0.65,0.0,2.0,2.7
1.75968650938942E9,42.3627744,-71.6007168,3037.801837270338,248.19666938370278,107.65356340727607,0.8,0.89,2.0,2.7
1.759686510001015E9,42.3626592,-71.601088,3037.805118110233,248.23326735387923,107.35398383475423,2.88,1.09,2.0,2.7
1.759686511348328E9,42.3624032,-71.6019584,3039.4455380577397,248.46849441584772,106.51049285538654,-0.31,1.0,2.0,2.7
1.759686512771343E9,42.3621536,-71.6028224,3037.808398950128,247.79093774483377,105.52655342128057,-4.32,0.78,2.0,2.7
1.759686513385381E9,42.3620416,-71.6031808,3044.373359580049,247.20744015214404,105.17143622755074,-4.71,0.77,2.0,2.7
1.759686514199703E9,42.3618816,-71.6036608,3047.6541994750623,246.41571689409597,104.65047835038189,-3.86,0.84,2.0,2.7
1.7596865153819509E9,42.3616512,-71.6043776,3055.8595800524904,245.39997464053528,103.94411013262678,-2.2,0.91,2.0,2.7
1.7596865161967158E9,42.3614912,-71.6048512,3059.1404199475037,245.11821944249112,103.57995657093883,0.44,1.59,2.0,2.7
1.7596865173587198E9,42.3612416,-71.6055552,3060.784120734905,245.02287306821512,103.20978281702754,2.2800000000000002,0.92,2.0,2.7
1.7596865181932712E9,42.361088,-71.606016,3067.3458005249313,245.073872813115,103.03843661783635,2.04,0.72,2.0,2.7
1.7596865193768091E9,42.360848,-71.60672,3060.7874015748,245.27397872364992,102.93629368597563,1.35,0.28,2.0,2.7
1.7596865201903539E9,42.3606912,-71.6071872,3068.989501312333,245.10854291974644,102.98805839873691,1.09,-0.22,2.0,2.7
1.759686521373169E9,42.3604416,-71.6078848,3064.071522309708,245.19994198668616,103.01908163419922,0.65,-0.22,2.0,2.7
1.759686522188896E9,42.3602912,-71.608352,3068.992782152228,244.9863705319406,103.06883979711718,0.28,-0.09,2.0,2.7
1.759686522754753E9,42.3601696,-71.608704,3070.6364829396293,244.9530670222976,103.03244988907794,1.3800000000000001,0.16,2.0,2.6
1.759686524185594E9,42.3598848,-71.6095104,3068.9960629921225,244.9126609268484,103.15229427452071,2.21,0.05,2.0,2.7
1.759686524797884E9,42.3597568,-71.6098624,3067.358923884511,245.08159200445178,103.16058894252673,2.47,0.1,2.0,2.7
1.759686526182523E9,42.3594784,-71.610688,3072.280183727031,245.29032653362702,103.37212574140351,0.54,-0.39,2.0,2.7
1.759686526794956E9,42.3593536,-71.61104,3070.6430446194195,245.11127896362632,103.41434829270808,-0.12,-0.5,2.0,2.7
1.759686528180132E9,42.3590688,-71.6118528,3062.4442257217815,244.88121342922568,103.67260374013755,-0.61,-0.79,2.0,2.7
1.7596865287920408E9,42.3589408,-71.6122112,3064.084645669288,244.5823435026145,103.75600595763335,-0.51,-0.54,2.0,2.7
1.75968652940627E9,42.3588192,-71.6125632,3062.4442257217815,244.4421379658441,103.8555654387621,-0.32,-0.35000000000000003,2.0,2.7
1.759686530789732E9,42.3585312,-71.6133824,3062.4475065616766,243.9811539572822,103.9572540286298,-0.66,-0.21,2.0,2.7
1.759686531403369E9,42.3584064,-71.6137344,3059.1666666666633,243.77000804153113,104.058627192643,-0.23,-0.31,2.0,2.7
1.7596865321741261E9,42.3582368,-71.6141888,3059.1699475065584,243.5259096264126,104.03959274598049,0.13,0.26,2.0,2.7
1.7596865334015121E9,42.357984,-71.6148928,3050.9678477690254,243.43973463810573,104.07423454757264,1.33,0.18,2.0,2.7
1.7596865341699271E9,42.3578048,-71.6153664,3052.6115485564274,243.46365172417615,104.11771293342993,1.97,0.23,2.0,2.6
1.759686535398453E9,42.357552,-71.6160576,3050.9744094488155,243.82731398717527,104.09406124516809,2.87,0.54,2.0,2.6
1.7596865361681108E9,42.3573824,-71.6165312,3052.6148293963224,244.08606360311228,104.03748626868548,2.4,0.45,2.0,2.6
1.759686537358701E9,42.3571328,-71.6172288,3054.258530183724,244.62474120350268,103.82713221374767,2.0300000000000002,0.72,2.0,2.6
1.759686538165122E9,42.3569664,-71.6176896,3049.337270341204,244.75197168756682,103.63218186051527,0.96,0.7000000000000001,2.0,2.6
1.759686539392992E9,42.3567232,-71.6184,3052.621391076112,244.92387970833465,103.37891518444236,0.48,0.78,2.0,2.6
1.7596865401648788E9,42.3565536,-71.6188672,3050.9809711286057,244.91723808889725,103.16989927461107,-0.73,0.61,2.0,2.6
1.759686540979258E9,42.3563968,-71.6193344,3054.265091863514,244.59570068305854,102.99134017969342,-1.31,0.49,2.0,2.6
1.75968654236461E9,42.3561024,-71.6201408,3057.5459317585273,244.51614738355778,102.73639624463243,0.3,0.45,2.0,2.6
1.759686543589216E9,42.3558528,-71.620832,3054.268372703409,244.10938526550228,102.65567162872787,-1.1300000000000001,0.32,2.0,2.6
1.7596865443634381E9,42.3556896,-71.6212992,3060.8333333333303,243.99308573309415,102.62734962610122,-1.1400000000000001,0.26,2.0,2.6
1.7596865457904491E9,42.355392,-71.6220928,3055.9120734908106,243.10488529289003,102.61548987043477,-1.36,-0.37,2.0,2.6
1.759686546563664E9,42.3552192,-71.6225536,3055.915354330705,242.98884987227382,102.72121831135294,0.78,0.17,2.0,2.6
1.7596865473527E9,42.3550528,-71.623008,3059.1961942257185,242.86763440787317,102.72314027472127,0.89,0.07,2.0,2.6
1.759686547992315E9,42.3549184,-71.62336,3060.83989501312,242.82435972320596,102.78479323029704,0.6900000000000001,0.04,2.0,2.6
1.759686549378679E9,42.3546112,-71.6241536,3065.7611548556397,242.71690907078624,102.66531482443077,-0.13,0.58,2.0,2.6
1.759686549989541E9,42.3544736,-71.6244992,3062.483595800522,242.54136836498247,102.56540861910244,-1.0,0.55,2.0,2.6
1.759686551373836E9,42.3541728,-71.62528,3055.921916010496,242.1202104322945,102.67559008807291,3.22,-0.18,2.0,2.6
1.7596865519859772E9,42.3540384,-71.6256256,3055.9251968503904,242.44133991169005,102.76833007630272,3.9,0.23,2.0,2.6
1.759686552600195E9,42.3539008,-71.6259712,3059.2060367454037,242.69918676069318,102.90045177376228,1.94,-0.06,2.0,2.6
1.75968655398332E9,42.3535968,-71.6267712,3055.9284776902855,242.6204174514831,103.34576056425004,-1.74,-0.84,2.0,2.6
1.759686554596714E9,42.3534688,-71.6271104,3055.9284776902855,242.44428699339443,103.576821121763,-1.72,-1.12,2.0,2.6
1.7596865559821172E9,42.3531488,-71.6279168,3060.8530183727003,241.65665159009157,104.48966955886198,-0.39,-1.82,2.0,2.6
1.7596865565910811E9,42.3530112,-71.628256,3057.572178477687,241.35393710234638,104.8562258771019,-0.21,-1.55,2.0,2.6
1.759686557978621E9,42.3526816,-71.629056,3054.2946194225688,241.23035538592094,105.5345558597314,1.55,0.43,2.0,2.6
1.7596865585914469E9,42.352544,-71.629408,3055.9383202099707,241.16429184052646,105.75680982552586,0.21,-0.11,2.0,2.6
1.7596865599766622E9,42.3521984,-71.6302208,3052.6574803149574,240.78525821982117,106.05664881618073,-3.02,-0.64,2.0,2.7
1.7596865605933561E9,42.3520544,-71.63056,3052.6607611548525,240.3812547788212,106.23319459206277,-3.5300000000000002,-1.02,2.0,2.6
1.759686561973E9,42.3517152,-71.63136,3051.0236220472407,239.71492700629113,106.38473895210043,0.15,0.22,2.0,2.6
1.7596865634029531E9,42.351376,-71.6321728,3055.9448818897604,239.7849077416289,106.64640567903551,2.24,-0.36,2.0,2.6
1.759686564582418E9,42.351072,-71.6328576,3052.667322834642,239.86065060729808,106.81170771054178,-2.88,-0.21,2.0,2.7
1.759686565399938E9,42.3508736,-71.6333312,3059.2322834645634,239.03803356945096,106.70064123972091,-3.88,0.38,2.0,2.7
1.759686566580679E9,42.3505632,-71.6340096,3060.87270341207,238.49544515236295,106.31200421772792,-1.6500000000000001,0.59,2.0,2.7
1.7596865673527632E9,42.3503584,-71.6344576,3059.235564304459,238.02686540286325,106.1637266017265,-1.48,-0.07,2.0,2.7
1.759686568781631E9,42.3499936,-71.6352512,3051.036745406821,237.54087760143412,106.15673619149987,-0.44,-0.21,2.0,2.7
1.759686569396618E9,42.3498368,-71.635584,3052.6771653543274,237.42839459864717,106.33580041567761,-0.03,-0.38,2.0,2.7
1.759686570167192E9,42.3496288,-71.636032,3046.1187664041963,237.2175124713608,106.19408185269438,-2.25,0.31,2.0,2.6
1.75968657139297E9,42.3493088,-71.6366976,3046.1187664041963,236.3623291484975,106.1161086676352,-3.9,-0.55,2.0,2.6
1.7596865721648312E9,42.3490784,-71.6371392,3044.4816272965845,235.56496635272575,106.15199319943667,-5.64,-0.77,2.0,2.7
1.759686573391515E9,42.3487392,-71.6377792,3046.1220472440914,234.07186596297242,106.4398639798758,-6.5600000000000005,-1.25,2.0,2.7
1.7596865743655329E9,42.3484416,-71.6383104,3049.4061679789993,232.80698968616804,106.85483074182604,-6.3500000000000005,-1.49,2.0,2.7
1.759686575547731E9,42.34808,-71.638944,3059.2519685039338,231.26571229376424,107.42706299919813,-9.33,-1.51,2.0,2.6
1.7596865763584418E9,42.3478208,-71.6393664,3054.330708661414,229.72601657348525,107.77027974255287,-12.24,-1.77,2.0,2.6
1.759686577747462E9,42.3473632,-71.6400704,3062.536089238842,225.96953954944772,108.03786425758834,-16.21,-0.76,2.0,2.6
1.759686578358801E9,42.3471488,-71.640352,3062.5393700787367,224.15447481552485,108.04790661519014,-16.46,-0.32,2.0,2.6
1.759686579747741E9,42.3466176,-71.6409856,3067.4639107611515,219.7632512554312,107.82643980865936,-15.85,0.86,2.0,2.6
1.759686580358772E9,42.3463872,-71.6412352,3062.542650918632,217.89399683513827,107.88893965418065,-13.64,-0.14,2.0,2.6
1.75968658174775E9,42.3458208,-71.6417792,3072.3884514435663,214.1551343531091,108.2653501288134,-11.14,0.14,2.0,2.6
1.7596865823586931E9,42.3455712,-71.6420032,3072.3917322834614,213.20266182687695,108.37352998623787,-7.7,1.1500000000000001,2.0,2.6
1.759686583747754E9,42.3449632,-71.6425024,3078.9566929133825,210.9320897448522,108.57084428251022,-7.11,0.63,2.0,2.6
1.75968658514768E9,42.344352,-71.6429824,3078.9599737532776,209.3883968673997,108.89201349336312,-4.2,1.43,2.0,2.6
1.7596865857477798E9,42.3440896,-71.6431744,3080.600393700784,208.77942752522137,108.8933095232873,-4.84,1.76,2.0,2.6
1.759686587148127E9,42.3434592,-71.643616,3080.603674540679,207.50972907954682,108.61812181813919,-4.2,2.18,2.0,2.6
1.759686587947657E9,42.3430944,-71.6438592,3087.1686351706007,206.89570606066934,108.4573812106617,-3.38,2.11,2.0,2.6
1.759686588547635E9,42.342832,-71.6440384,3087.1686351706007,206.38104288312707,108.27357764510357,-3.27,2.22,2.0,2.6
1.7596865901526709E9,42.3421088,-71.6445056,3082.2506561679756,205.7786425487758,107.67464179742443,0.45,2.71,2.0,2.6
1.759686590748162E9,42.3418432,-71.6446848,3085.534776902884,205.61522838509302,107.50540865381423,1.21,2.0,2.0,2.6
1.7596865921527472E9,42.3412096,-71.6450944,3087.1784776902855,205.7307056015312,107.45856458951572,1.71,1.69,2.0,2.6
1.759686592747634E9,42.3409408,-71.6452608,3088.818897637792,205.83665594094347,107.36022231056732,0.36,1.58,2.0,2.6
1.759686594148561E9,42.3403168,-71.6456768,3082.260498687661,205.78417376578466,107.16155690777889,-1.61,1.16,2.0,2.6
1.759686594749028E9,42.3400512,-71.6458432,3087.18175853018,205.47361384271716,107.2493011014348,-2.17,0.49,2.0,2.6
1.759686595358695E9,42.339776,-71.646016,3090.465879265089,205.19006780671273,107.23464035895331,-2.8000000000000003,0.24,2.0,2.6
1.7596865967475E9,42.3391424,-71.6464064,3085.547900262464,204.63337154270425,107.54305718667834,1.76,0.34,2.0,2.6
1.7596865973627582E9,42.3388736,-71.6465856,3085.547900262464,204.4756690989965,107.53605102817532,-0.96,0.42,2.0,2.6
1.759686598747658E9,42.3382368,-71.6469632,3082.2703412073456,203.74077996017814,107.62135877635673,-5.16,0.15,2.0,2.6
1.759686599358755E9,42.3379584,-71.6471232,3083.9140419947475,203.27872821810055,107.66769333355637,-3.0100000000000002,0.47000000000000003,2.0,2.6
1.7596866007526631E9,42.3373216,-71.6474944,3090.4790026246683,202.1415025099258,107.63741139508973,0.15,0.9,2.0,2.6
1.759686601358732E9,42.3370336,-71.6476352,3083.917322834642,202.03188974031488,107.67970196216086,2.38,0.86,2.0,2.6
1.759686602752586E9,42.3363872,-71.6479872,3092.12270341207,202.3998624796175,107.47894470589415,3.79,1.09,2.0,2.6
1.759686603358698E9,42.3361152,-71.6481472,3093.763123359577,202.59351986045831,107.31368457726809,3.17,1.32,2.0,2.6
1.759686604752595E9,42.335472,-71.6484992,3097.047244094485,203.24376241636895,106.83554115067984,1.3800000000000001,1.21,2.0,2.6
1.7596866053586102E9,42.3352,-71.6486656,3098.6909448818865,203.22324328334724,106.77681279591155,1.82,1.16,2.0,2.6
1.7596866061475558E9,42.3348384,-71.6488832,3103.612204724406,203.26174902766874,106.5114187664238,2.06,1.36,2.0,2.6
1.7596866073586102E9,42.3342976,-71.6491904,3111.817585301834,203.4943879239807,106.29581720081882,2.61,1.22,2.0,2.6
1.7596866081484861E9,42.333936,-71.6494016,3108.5400262467156,203.79944787866398,106.11901598177018,2.8000000000000003,0.25,2.0,2.6
1.759686609358554E9,42.3333984,-71.649728,3113.464566929131,204.09947104316785,106.49388894629459,4.48,-0.97,2.0,2.6
1.759686610149646E9,42.3330432,-71.6499456,3115.104986876637,204.61412444691334,107.24854362599041,3.5,-2.39,2.0,2.6
1.7596866113586001E9,42.3324992,-71.6502848,3115.1082677165323,204.78450427193502,107.99482350218808,-0.41000000000000003,-1.84,2.0,2.6
1.7596866121479979E9,42.3321312,-71.6505152,3113.4711286089205,204.8389395162488,108.51350776713494,2.22,-1.75,2.0,2.6
1.7596866133586159E9,42.3315808,-71.6508544,3105.269028871388,204.7858260926754,109.19497761472999,2.64,-1.1300000000000001,2.0,2.6
1.759686614152905E9,42.3312192,-71.6510848,3101.9914698162697,205.11886283030486,109.53364140496726,1.72,-1.19,2.0,2.6
1.759686615363492E9,42.3306656,-71.6514304,3093.7926509186323,205.3008790357048,109.93408689435171,1.1300000000000001,-0.72,2.0,2.6
1.759686616148131E9,42.3302848,-71.6516736,3090.511811023619,205.2566182567276,110.02294782693079,0.4,-0.66,2.0,2.6
1.75968661735856E9,42.3297344,-71.6520128,3085.5938320209943,205.18605841066775,110.17395221651016,-1.6600000000000001,-0.35000000000000003,2.0,2.6
1.759686618147935E9,42.3293696,-71.6522496,3077.3950131233564,205.010177865022,110.2087023535348,-0.13,0.0,2.0,2.6
1.759686619358221E9,42.328816,-71.6525952,3077.3982939632515,204.63583656365688,110.00445421918819,-0.35000000000000003,0.5,2.0,2.6
1.759686620151449E9,42.3284384,-71.6528256,3072.477034120732,204.6766139271286,109.74090920427066,-0.87,0.81,2.0,2.6
1.7596866213586211E9,42.327888,-71.6531648,3074.1207349081333,204.09095927860227,109.14845191118829,-2.73,0.84,2.0,2.6
1.759686622352728E9,42.3274272,-71.65344,3075.7644356955348,203.48346797419003,108.83027198038924,-1.27,0.55,2.0,2.6
1.7596866235525079E9,42.3268704,-71.6537728,3079.048556430443,202.99529548815855,108.62286670248767,-0.23,0.19,2.0,2.6
1.759686624352549E9,42.326496,-71.6539712,3085.6102362204692,202.63959218163393,108.57119752680512,-0.41000000000000003,0.15,2.0,2.6
1.759686625552691E9,42.3259392,-71.6542912,3080.6922572178446,202.35612571243948,108.49608202005098,1.73,0.51,2.0,2.6
1.759686626947572E9,42.325296,-71.6546496,3083.9763779527525,202.998483356535,108.16085950138226,4.94,1.11,2.0,2.6
1.759686627552566E9,42.325008,-71.654816,3079.058398950128,203.2514076542646,107.98413061592096,4.82,0.6,2.0,2.6
1.7596866289475632E9,42.3243744,-71.6551872,3082.342519685036,204.2720397328473,107.76817781642727,5.39,0.61,2.0,2.6
1.759686629552531E9,42.3240992,-71.6553472,3082.342519685036,204.59809041684215,107.64099196979586,5.07,0.45,2.0,2.6
1.759686630947231E9,42.3234784,-71.655744,3079.064960629918,205.58152925793888,107.36736487625195,4.74,0.51,2.0,2.6
1.759686631552609E9,42.3232064,-71.6559232,3080.705380577425,205.9566808244954,107.25327511750099,4.38,0.24,2.0,2.6
1.7596866329475589E9,42.3225824,-71.656352,3072.506561679787,206.83972616646753,106.98766443159103,4.84,0.43,2.0,2.6
1.759686633747577E9,42.3222304,-71.6565888,3077.4311023622013,207.33901934787528,106.83101221586705,4.93,0.3,2.0,2.6
1.759686634547482E9,42.321872,-71.6568384,3070.87270341207,207.86255026588333,106.72692643629887,3.48,-0.11,2.0,2.6
1.7596866359475331E9,42.3212704,-71.65728,3070.8759842519653,208.4226162731973,106.46863752774988,2.24,0.04,2.0,2.6
1.759686636547501E9,42.321008,-71.657472,3069.235564304459,208.59709349130014,106.4013598940266,1.59,-0.11,2.0,2.6
1.759686637347583E9,42.3206688,-71.657728,3069.238845144354,208.5385315665622,106.2757808430234,-1.17,-0.73,2.0,2.6
1.759686638547421E9,42.320144,-71.6580992,3074.1601049868736,208.09713478588088,106.32029937527605,1.72,-0.66,2.0,2.6
1.7596866393483849E9,42.3197888,-71.6583488,3062.6804461942224,208.31281758708218,106.31436417418058,4.75,0.33,2.0,2.6
1.7596866405525389E9,42.3192832,-71.6587392,3069.2454068241436,208.9373098322441,106.06023288036205,4.18,0.22,2.0,2.6
1.759686641347558E9,42.3189408,-71.6589952,3067.604986876637,209.41618353163736,105.90918925435113,2.69,0.11,2.0,2.6
1.759686642547553E9,42.318432,-71.6593856,3067.608267716532,209.62968511235232,105.5291260834503,1.07,0.17,2.0,2.6
1.759686643347538E9,42.3180896,-71.659648,3069.2519685039338,209.54154280718583,105.30293794894955,0.04,0.08,2.0,2.6
1.759686644547577E9,42.3175904,-71.6600256,3067.6148293963224,209.27763173030576,105.25273176207301,0.71,-0.15,2.0,2.6
1.759686645347457E9,42.3172416,-71.660288,3070.8956692913353,209.1605187523864,105.1992493035986,0.8300000000000001,0.04,2.0,2.6
1.7596866465475368E9,42.3167392,-71.660672,3074.1797900262436,209.18200547178543,105.28806719593118,2.21,-0.03,2.0,2.6
1.759686647347436E9,42.3163936,-71.6609344,3070.8989501312303,209.16546722909322,105.38240561554616,2.02,-0.25,2.0,2.6
1.7596866485475268E9,42.3158784,-71.6613184,3069.2618110236185,209.24184119842937,105.72828213578418,2.11,-0.54,2.0,2.6
1.7596866493475308E9,42.3155456,-71.6615744,3062.7034120734875,209.3079156963774,105.90811536857602,1.52,-0.68,2.0,2.6
1.7596866505476131E9,42.315024,-71.6619648,3056.1450131233564,209.22837803453814,106.44943413746286,1.19,-1.19,2.0,2.6
1.759686651347509E9,42.3146912,-71.6622208,3057.785433070863,209.31000707091613,106.73509730465413,1.87,-0.99,2.0,2.6
1.759686652547571E9,42.3141664,-71.6626112,3051.227034120732,209.34926435693987,107.19990954997158,2.2800000000000002,-0.98,2.0,2.6
1.759686653347435E9,42.3138112,-71.66288,3041.3877952755875,209.4982338739442,107.53589642374307,1.73,-1.11,2.0,2.6
1.75968665455246E9,42.313296,-71.6632768,3038.106955380574,209.4645614811117,107.92436951795042,0.28,-0.87,2.0,2.6
1.7596866553525481E9,42.3129376,-71.6635456,3038.1102362204692,209.33697528067387,108.03431257528081,0.14,-0.96,2.0,2.6
1.7596866565524678E9,42.3124192,-71.6639424,3036.473097112858,209.3476566783898,108.1571371802903,1.96,-0.09,2.0,2.6
1.759686657352407E9,42.3120736,-71.6641984,3034.8326771653515,209.4329801746066,108.06934164425566,2.63,1.03,2.0,2.6
1.759686658552435E9,42.3115424,-71.6645952,3033.1955380577397,209.48176408742856,107.63006557855637,0.87,0.42,2.0,2.6
1.759686659352854E9,42.3111968,-71.664864,3034.839238845141,209.7796497119413,107.27693825034349,2.52,1.46,2.0,2.6
1.759686660552407E9,42.310688,-71.6652544,3047.9658792650885,209.76432996541217,106.54396776128299,1.06,1.71,2.0,2.6
1.759686661352421E9,42.310336,-71.6655168,3047.9658792650885,209.85175926210752,105.98719523663681,1.2,1.6,2.0,2.6
1.759686662552444E9,42.3098272,-71.6659136,3059.4520997375294,209.51914318339306,105.25728193853917,-1.97,1.3800000000000001,2.0,2.6
1.7596866633524652E9,42.3094912,-71.6661696,3066.017060367451,209.37687009322522,104.73060705491885,-0.98,1.8900000000000001,2.0,2.6
1.759686664552448E9,42.3089856,-71.6665472,3070.9383202099707,208.74313213828097,103.84499940568695,-0.04,2.54,2.0,2.6
1.759686665353802E9,42.3086496,-71.6668032,3079.1437007873983,208.71203408491493,103.26002175837874,0.9,2.66,2.0,2.6
1.759686666747534E9,42.3080704,-71.6672384,3077.506561679787,208.4767960839698,102.40999464244369,0.54,1.92,2.0,2.6
1.759686667358397E9,42.3078208,-71.6674112,3080.7874015748,208.49646001208205,102.14153342349978,2.64,2.32,2.0,2.6
1.759686668747562E9,42.3072384,-71.6678464,3084.071522309708,208.95466351989683,101.74601990494138,4.63,1.43,2.0,2.6
1.759686669358458E9,42.3069952,-71.668032,3087.355643044616,209.33747565190035,101.72444850880723,3.16,0.6900000000000001,2.0,2.6
1.75968667074746E9,42.306416,-71.6684544,3082.437664041992,209.67705961991493,101.84250038237113,0.89,-0.14,2.0,2.6
1.759686671363414E9,42.3061728,-71.6686464,3088.999343832018,209.7787280436626,102.0353302248693,1.35,-0.38,2.0,2.6
1.7596866727475119E9,42.3056,-71.669088,3080.80052493438,209.95775557406103,102.53269481972158,3.44,-0.39,2.0,2.6
1.759686673363494E9,42.3053504,-71.6692864,3075.8792650918604,210.38202743892396,102.772212647699,2.65,-0.62,2.0,2.6
1.7596866747474298E9,42.3047776,-71.6697472,3072.601706036742,210.426226059412,103.40486264824287,0.66,-1.1300000000000001,2.0,2.6
1.75968667536341E9,42.304528,-71.6699392,3072.604986876637,210.34460586454657,103.65638912711478,-0.43,-1.6300000000000001,2.0,2.6
1.759686676952445E9,42.303856,-71.670464,3057.844488188973,209.37342827157912,104.50400490922951,-2.12,-1.3800000000000001,2.0,2.6
1.759686677547495E9,42.3035968,-71.670656,3054.56364829396,208.94723529129425,104.78199920393278,-1.56,-1.3900000000000001,2.0,2.6
1.759686678952454E9,42.3030016,-71.6710912,3046.3648293963224,208.17692658536458,105.3851323856721,0.16,-0.8300000000000001,2.0,2.6
1.7596866795474691E9,42.3027424,-71.671264,3044.7276902887106,208.20512729621535,105.69968597535546,1.53,-0.8200000000000001,2.0,2.6
1.759686680952465E9,42.3021408,-71.6716992,3036.5288713910727,208.11384279813765,106.13851055426001,0.88,-0.65,2.0,2.6
1.759686681548353E9,42.3018752,-71.6718976,3034.8884514435663,208.10332692959827,106.2162520719979,0.48,-0.24,2.0,2.6
1.759686682952365E9,42.3012672,-71.6723328,3043.093832020994,207.98322878068453,106.42790184788537,-1.08,-0.55,2.0,2.6
1.759686683547256E9,42.3010016,-71.6725184,3043.093832020994,207.84338633299419,106.37831184688173,-0.91,0.45,2.0,2.6
1.7596866849532151E9,42.3003968,-71.6729408,3046.3779527559022,207.1695233563186,106.29689961119387,-1.57,-0.33,2.0,2.6
1.759686685547538E9,42.3001312,-71.6731328,3051.302493438317,206.86532110158873,106.16204488775027,-0.43,0.55,2.0,2.6
1.7596866869522629E9,42.2995104,-71.6735488,3051.305774278212,207.00309817431926,105.74640696325082,2.32,2.37,2.0,2.6
1.759686688347902E9,42.298912,-71.6739712,3059.5111548556397,207.15668421207033,105.23603173636045,0.91,1.36,2.0,2.6
1.759686688952464E9,42.2986496,-71.6741504,3059.5111548556397,207.23306894346268,105.1332492959551,1.23,1.4000000000000001,2.0,2.6
1.759686690352704E9,42.2980416,-71.6745664,3066.076115485561,207.18801360618883,104.74110359125606,0.33,1.07,2.0,2.6
1.759686690952342E9,42.2977824,-71.674752,3072.637795275587,207.07924247371207,104.61742151130586,-0.22,0.9,2.0,2.6
1.759686692347443E9,42.2971808,-71.6751616,3069.3602362204692,206.61745002966657,104.56109357311428,-0.68,0.63,2.0,2.6
1.759686692952384E9,42.2969248,-71.6753408,3072.6443569553776,206.46979643605422,104.57858064512483,0.45,0.62,2.0,2.6
1.75968669434744E9,42.2963136,-71.6757376,3072.647637795272,206.2845878906387,104.77963358331198,3.23,0.38,2.0,2.6
1.759686695547549E9,42.295792,-71.6760896,3071.010498687661,206.73085082035954,105.14393024131435,4.95,0.06,2.0,2.6
1.759686696347454E9,42.29544,-71.6763328,3071.010498687661,207.21530844301984,105.70665835409048,4.47,-0.9400000000000001,2.0,2.6
1.75968669754828E9,42.2949216,-71.6766976,3066.092519685036,207.67467867056027,106.38917323298202,2.67,-1.08,2.0,2.6
1.75968669834753E9,42.2945696,-71.6769408,3069.3766404199446,208.00682513110388,106.75943981083518,2.33,-0.86,2.0,2.6
1.759686699547318E9,42.2940448,-71.6773248,3066.0958005249313,208.02598162488965,107.06470290094816,0.9500000000000001,-0.55,2.0,2.6
1.759686700347429E9,42.293696,-71.677568,3074.301181102359,208.08043449377968,107.16300432671335,0.8300000000000001,0.11,2.0,2.6
1.759686701547533E9,42.293168,-71.6779584,3066.102362204721,208.00039759944616,107.23741164306178,0.22,0.09,2.0,2.6
1.7596867023474221E9,42.2928192,-71.6782016,3066.102362204721,207.85191048662634,107.2221131907394,-0.25,0.05,2.0,2.6
1.759686703547437E9,42.2922848,-71.6785728,3062.824803149603,207.5676133794773,107.31581653093865,-0.16,0.02,2.0,2.6
1.7596867043474112E9,42.2919392,-71.678816,3071.030183727031,207.13594777890947,107.31340817720024,-0.6,0.04,2.0,2.6
1.759686705547464E9,42.2914016,-71.6791936,3072.6738845144328,206.9278250289707,107.09289928982555,0.07,0.91,2.0,2.6
1.759686706347365E9,42.2910496,-71.6794304,3064.4717847768998,206.50912559258114,106.87347515674834,-1.3900000000000001,0.66,2.0,2.6
1.759686707547583E9,42.2905248,-71.679776,3072.6771653543274,206.157941659785,106.44145433273644,0.37,1.1500000000000001,2.0,2.6
1.75968670835269E9,42.2901696,-71.6800064,3072.6771653543274,205.65537305963187,106.22613405499027,-1.87,1.0,2.0,2.6
1.7596867095525079E9,42.2896352,-71.680352,3074.320866141729,205.2022459808,105.63410595050216,-0.62,1.75,2.0,2.6
1.7596867103515902E9,42.2892832,-71.6805632,3090.7283464566895,204.76701329836177,105.28225863477815,-0.41000000000000003,1.57,2.0,2.6
1.759686711552522E9,42.2887488,-71.680896,3094.012467191598,204.25391972431657,104.76797418795991,-0.03,1.71,2.0,2.6
1.7596867123524761E9,42.2883904,-71.6811072,3098.9337270341175,204.0242744785006,104.32457637310222,0.78,1.82,2.0,2.6
1.759686713152439E9,42.2880448,-71.681312,3105.4986876640387,203.87110475329703,103.94570231911659,1.71,1.71,2.0,2.6
1.7596867143584251E9,42.2875104,-71.6816256,3113.7040682414668,204.0126728163046,103.65547963400157,3.5700000000000003,1.69,2.0,2.6
1.759686715752569E9,42.2868992,-71.6819968,3112.066929133855,204.49559986032452,103.51584247782266,5.0200000000000005,1.05,2.0,2.6
1.759686716358426E9,42.2866368,-71.6821568,3112.066929133855,204.8375075911841,103.52145997743035,4.42,0.88,2.0,2.6
1.75968671774741E9,42.2860288,-71.6825408,3115.351049868763,205.30986262080637,103.57749965633377,1.8,-0.12,2.0,2.6
1.759686718358449E9,42.2857696,-71.6827072,3113.7106299212564,205.4554955027266,103.7024876057024,1.68,-0.13,2.0,2.6
1.759686719747432E9,42.2851648,-71.683104,3112.0734908136446,205.26429364238632,104.16192770498911,0.87,-0.92,2.0,2.6
1.7596867203583531E9,42.2848992,-71.683264,3107.1555118110205,205.23804688025461,104.3543224155727,0.65,-0.92,2.0,2.6
1.759686721747302E9,42.2842816,-71.6836544,3103.8779527559022,204.8597011649002,104.86829162177321,-0.8300000000000001,-1.02,2.0,2.6
1.7596867223583078E9,42.2840224,-71.6838208,3105.5183727034087,204.5790116239668,105.10230724329965,-0.49,-1.17,2.0,2.6
1.7596867237473412E9,42.2834016,-71.6842048,3107.16207349081,203.77843428623618,105.67702837768294,-2.52,-1.08,2.0,2.6
1.759686724363213E9,42.2831296,-71.6843584,3105.5216535433037,203.39748543454948,105.87899856759452,-1.54,-0.75,2.0,2.6
1.759686725747342E9,42.2824928,-71.6847232,3098.9632545931727,202.61825370564733,106.34324629497215,-0.24,-0.27,2.0,2.6
1.759686726358721E9,42.2822272,-71.6848704,3103.8877952755875,202.45178601523054,106.53061275670474,1.05,-0.04,2.0,2.6
1.759686727747293E9,42.2815808,-71.6852288,3100.6102362204692,202.448201126358,106.80127669683945,2.13,0.46,2.0,2.6
1.759686728367285E9,42.281312,-71.685376,3103.8910761154825,202.54777870324304,106.96237061627694,1.1300000000000001,0.34,2.0,2.6
1.7596867297473168E9,42.2806688,-71.6857408,3097.332677165351,202.5079186655621,107.14192226355958,1.12,0.4,2.0,2.6
1.759686730363185E9,42.2803904,-71.6859008,3097.332677165351,202.34906879837945,107.25057470506412,1.33,0.29,2.0,2.6
1.759686731747316E9,42.2797504,-71.6862464,3094.055118110233,202.44837852362156,107.41134655600162,1.42,0.13,2.0,2.6
1.75968673315235E9,42.2791072,-71.6866048,3089.137139107608,202.33053906390265,107.48849441313698,1.68,0.38,2.0,2.6
1.7596867337473202E9,42.278832,-71.6867584,3092.4212598425165,202.47150500857634,107.40823500443805,2.3000000000000003,0.78,2.0,2.6
1.7596867343633041E9,42.2785504,-71.6869056,3095.70209973753,202.55120042721197,107.30178816721335,1.87,0.74,2.0,2.6
1.759686736149457E9,42.277728,-71.6873728,3092.4278215223067,202.82002266374252,107.00630159210627,1.8800000000000001,0.9500000000000001,2.0,2.6
1.759686736752207E9,42.2774496,-71.6875328,3094.068241469813,202.85235945406296,106.86298299080664,1.87,1.1500000000000001,2.0,2.6
1.759686738147541E9,42.276816,-71.6878912,3095.7119422572146,203.15041852271767,106.25359992968744,2.56,1.54,2.0,2.6
1.759686738752178E9,42.2765472,-71.6880576,3095.7119422572146,203.32136798148034,106.00877605155938,3.23,1.34,2.0,2.6
1.759686740147472E9,42.27592,-71.6884224,3103.917322834642,203.99677728856574,105.53637109354698,3.91,1.41,2.0,2.6
1.75968674075231E9,42.2756512,-71.6885824,3107.2014435695505,204.37044933050097,105.33376008352707,4.13,1.6,2.0,2.6
1.759686742147056E9,42.275024,-71.6889664,3112.1259842519653,204.74177734695462,104.9184278746014,2.07,0.9400000000000001,2.0,2.6
1.759686742752293E9,42.2747648,-71.6891264,3110.485564304459,204.81450838459003,104.72293466422167,1.56,1.0,2.0,2.6
1.7596867441475449E9,42.2741536,-71.689504,3120.331364829393,204.80648072432723,104.24503630058275,0.67,1.06,2.0,2.6
1.759686744751916E9,42.2738848,-71.6896768,3115.410104986873,204.77439295303415,104.04680529176315,0.43,1.34,2.0,2.6
1.7596867461473842E9,42.27328,-71.690048,3118.6942257217815,204.4804744328365,103.48203796597419,0.5700000000000001,1.18,2.0,2.6
1.7596867467523289E9,42.273024,-71.690208,3123.618766404196,204.44841505376635,103.32757849250461,0.47000000000000003,1.26,2.0,2.6
1.759686748147633E9,42.2724032,-71.6905728,3115.4199475065584,204.15234385740555,103.04416631576379,0.15,0.84,2.0,2.6
1.7596867487520962E9,42.2721472,-71.6907328,3121.981627296585,204.11053692121044,103.11697082438073,0.73,0.39,2.0,2.6
1.759686750147192E9,42.2715328,-71.691104,3123.6253280839865,203.79491309773374,103.24733073625151,0.28,-0.3,2.0,2.6
1.759686750752193E9,42.2712736,-71.6912512,3126.9061679789993,203.64354521691664,103.5307287328619,0.9,-0.88,2.0,2.6
1.75968675235213E9,42.2705568,-71.6916736,3117.066929133855,203.82349825361263,104.14127035743118,2.43,-0.42,2.0,2.6
1.759686752947257E9,42.2702944,-71.6918336,3118.7106299212564,203.94951365248485,104.58306982873522,2.68,-0.8200000000000001,2.0,2.6
1.759686754347161E9,42.2696768,-71.6922048,3118.7139107611515,204.3064164395888,105.21653873832699,2.71,-0.74,2.0,2.6
1.759686754947163E9,42.2694176,-71.6923648,3115.433070866138,204.4920077719895,105.49941043068984,2.57,-0.8,2.0,2.6
1.759686756347384E9,42.2687904,-71.6927552,3110.515091863514,204.87718822116537,105.95445737163092,3.2600000000000002,-0.3,2.0,2.6
1.7596867569470959E9,42.2685216,-71.6929152,3113.799212598422,205.12731918080445,106.02010119149669,4.3500000000000005,-0.38,2.0,2.6
1.759686758347003E9,42.2679008,-71.693312,3115.4429133858234,205.50613469476468,106.30913950140085,2.29,0.2,2.0,2.6
1.759686758947134E9,42.267632,-71.6934912,3118.7237532808367,205.46064591080204,106.44115436844592,1.3900000000000001,-0.22,2.0,2.6
1.759686759547243E9,42.26736,-71.6936576,3112.16207349081,205.6191057897076,106.36633213551289,3.67,0.42,2.0,2.6
1.759686760947157E9,42.2667456,-71.6940608,3117.086614173225,206.5038779797515,105.8476944281058,7.3,2.09,2.0,2.6
1.759686761550888E9,42.2664832,-71.6942464,3117.0898950131204,207.1410111019333,105.50523926893048,8.49,2.35,2.0,2.6
1.7596867629521198E9,42.2658848,-71.6946816,3113.812335958002,209.3137471316712,104.77722283113235,8.9,1.74,2.0,2.6
1.759686763546945E9,42.2656288,-71.6948672,3115.4527559055086,210.1889437727473,104.5266474660961,9.43,1.8,2.0,2.6
1.7596867649520922E9,42.2650528,-71.6953536,3130.219816272963,212.4670883026374,104.06952916835908,11.040000000000001,1.52,2.0,2.6
1.759686765547302E9,42.2648192,-71.6955584,3126.9389763779495,213.60675423683986,103.81410833218735,9.99,1.3,2.0,2.6
1.759686766952199E9,42.2642624,-71.6960768,3128.582677165351,215.9514713660378,103.56578883925997,9.5,0.84,2.0,2.6
1.759686767547091E9,42.2640256,-71.6963136,3128.585958005246,216.99044312123712,103.47884660307331,9.950000000000001,0.72,2.0,2.6
1.759686768952076E9,42.2634976,-71.6968704,3135.1509186351673,219.48273474848963,103.36058723431721,10.290000000000001,0.37,2.0,2.6
1.759686769547176E9,42.2632864,-71.69712,3140.072178477687,220.54400239227655,103.31775024891176,10.56,0.4,2.0,2.6
1.759686770952122E9,42.2627872,-71.6977152,3130.2329396325426,223.09440205325413,103.3375008702852,10.58,-0.01,2.0,2.6
1.759686771547142E9,42.2625856,-71.697984,3126.95209973753,224.24565042923135,103.35803553879727,10.69,-0.01,2.0,2.6
1.7596867729521751E9,42.2621152,-71.6986304,3120.3937007873983,226.7951366781054,103.55109372118883,10.540000000000001,-0.21,2.0,2.6
1.759686773547219E9,42.26192,-71.6989184,3131.879921259839,227.85064212706905,103.64226830109062,11.35,-0.2,2.0,2.6
1.759686774952951E9,42.2614816,-71.6996096,3130.2427821522274,230.4317140724819,103.96711449449491,9.34,-0.78,2.0,2.6
1.759686775546653E9,42.2612992,-71.6999104,3125.3215223097077,231.30008621075865,104.08764516340277,8.57,-1.0,2.0,2.6
1.75968677714716E9,42.2608256,-71.700736,3118.763123359577,233.9373024643084,104.3131595208958,9.82,-0.42,2.0,2.6
1.759686777752311E9,42.2606624,-71.701056,3118.763123359577,234.93980698940507,104.39375345114236,10.18,-0.51,2.0,2.6
1.759686779152224E9,42.260288,-71.7018176,3112.2047244094456,237.3287448725415,104.60687644313361,9.58,-0.6,2.0,2.6
1.759686779752228E9,42.260128,-71.7021504,3110.564304461939,238.3799631270613,104.77732200303399,9.540000000000001,-0.88,2.0,2.6
1.759686781151645E9,42.259792,-71.702944,3118.769685039367,240.56544096101103,105.05788940407112,10.01,-0.76,2.0,2.6
1.759686781751996E9,42.2596512,-71.7032832,3115.4921259842486,241.60748389282514,105.22308707919532,10.540000000000001,-0.65,2.0,2.6
1.759686783148915E9,42.2593408,-71.7041088,3110.570866141729,244.11813091971217,105.71605898776917,10.85,-0.98,2.0,2.6
1.759686783752089E9,42.2592128,-71.7044608,3104.012467191598,245.24027573063427,105.96108135222262,10.92,-1.12,2.0,2.6
1.759686785147674E9,42.258944,-71.7053248,3105.652887139104,247.82970949656556,106.52595735230989,11.040000000000001,-1.22,2.0,2.6
1.7596867857521849E9,42.2588352,-71.7056896,3100.7349081364796,248.98495379536013,106.78287091104522,11.65,-1.08,2.0,2.6
1.759686787153216E9,42.2586048,-71.7065728,3100.7349081364796,251.8210979888008,107.29039053198316,11.57,-1.22,2.0,2.6
1.759686787752131E9,42.258512,-71.7069632,3092.536089238842,253.00862553797054,107.36027510289195,12.19,-0.65,2.0,2.6
1.7596867891472402E9,42.2583328,-71.707872,3092.536089238842,255.8683974916397,107.64196432099001,11.49,-0.5,2.0,2.6
1.75968679035818E9,42.2582016,-71.7086592,3087.618110236217,258.0373487712492,107.754806222151,9.85,-0.97,2.0,2.6
1.759686791152186E9,42.2581248,-71.709184,3079.4160104986845,259.56412659613665,107.95861001711478,9.620000000000001,-1.32,2.0,2.6
1.7596867923579102E9,42.2580256,-71.7099776,3085.9809711286057,261.6020670823019,108.20776269619189,9.84,-1.17,2.0,2.6
1.759686793147183E9,42.2579712,-71.7105152,3081.059711286086,262.8240371005478,108.46078317187953,8.8,-1.59,2.0,2.6
1.759686793753412E9,42.2579392,-71.7109248,3082.7001312335924,263.69151342528806,108.61884365225622,8.05,-1.86,2.0,2.6
1.7596867953521628E9,42.257872,-71.712,3079.422572178474,265.92167777088747,108.78085840194346,7.33,-0.63,2.0,2.6
1.759686795947013E9,42.2578464,-71.7124096,3077.7821522309678,266.700886680826,108.76340600731314,7.13,-0.79,2.0,2.6
1.759686797352137E9,42.2578272,-71.7133632,3085.987532808396,268.756422561946,108.37541795365202,7.74,0.05,2.0,2.6
1.75968679794697E9,42.257824,-71.71376,3084.3471128608894,269.5884733758512,108.25549199059583,7.9,0.02,2.0,2.6
1.759686799363062E9,42.25784,-71.7147072,3089.268372703409,271.6822573404797,107.92988709780435,8.16,0.04,2.0,2.6
1.7596868007469249E9,42.2578688,-71.7156544,3095.8333333333303,273.59311715864294,107.62841555320148,7.18,0.24,2.0,2.6
1.759686801363003E9,42.257888,-71.7160512,3105.6758530183693,274.2406035040573,107.5168080959606,5.69,-0.31,2.0,2.6
1.7596868027472591E9,42.2579616,-71.7169856,3107.316272965876,275.41916133646083,107.23523408573453,2.37,-0.36,2.0,2.6
1.7596868033629398E9,42.2579904,-71.7173888,3113.8779527559022,275.5459207854753,107.00411933163883,1.1500000000000001,-0.5,2.0,2.6
1.759686804746979E9,42.2580576,-71.7183232,3120.4429133858234,275.6493874793472,106.82772636320765,1.99,-0.7000000000000001,2.0,2.6
1.759686805547076E9,42.2581024,-71.7188544,3120.4429133858234,275.8663978861973,106.69266605734663,3.29,0.03,2.0,2.6
1.759686807152491E9,42.2581888,-71.7199104,3122.08333333333,276.7557655239351,106.24960986079725,2.68,0.12,2.0,2.6
1.759686807752095E9,42.258224,-71.7203008,3122.08333333333,277.0091280387611,106.09090267176389,3.21,0.21,2.0,2.6
1.759686808358171E9,42.2582624,-71.7206976,3125.364173228343,277.37020860024097,105.92047153230244,3.5500000000000003,0.41000000000000003,2.0,2.6
1.759686809947125E9,42.2583648,-71.7217408,3135.2099737532776,278.2597744310238,105.67501175015566,4.01,0.37,2.0,2.6
1.759686810552153E9,42.2584064,-71.7221312,3131.9291338582643,278.592877377789,105.51049300570732,3.67,0.19,2.0,2.6
1.759686811947157E9,42.2585152,-71.72304,3138.4908136482904,279.3404387060481,105.15664748895439,3.23,0.38,2.0,2.6
1.7596868125470471E9,42.2585632,-71.7234176,3145.0524934383166,279.9089958506685,104.93909786979604,4.04,1.2,2.0,2.6
1.759686813947064E9,42.2586848,-71.72432,3141.774934383199,280.66886998618946,104.26237162297959,3.98,0.9500000000000001,2.0,2.6
1.7596868145472069E9,42.258752,-71.724704,3145.055774278212,281.1211013078384,104.10392327129787,4.33,0.87,2.0,2.6
1.759686815952018E9,42.25888,-71.7255936,3146.6961942257185,282.01839369420077,103.90163009759864,4.14,0.09,2.0,2.6
1.759686816547116E9,42.258944,-71.7259648,3149.977034120732,282.4088862145218,103.75647210022284,4.39,0.45,2.0,2.6
1.759686818147067E9,42.2591136,-71.7269824,3154.8982939632515,283.2841413008145,103.7989988007484,2.7600000000000002,-0.43,2.0,2.6
1.759686818752104E9,42.2591776,-71.7273536,3156.538713910758,283.56540112308176,103.84070755734261,2.95,-0.21,2.0,2.6
1.759686820147111E9,42.2593408,-71.7282304,3161.4632545931727,284.0154370123679,103.86078074787301,2.12,-0.14,2.0,2.6
1.759686820752043E9,42.2594176,-71.7286144,3164.744094488186,284.1246628105652,103.87032661370212,1.27,0.07,2.0,2.6
1.759686821358031E9,42.2594944,-71.7289856,3168.024934383199,284.2835543521034,103.76273568813791,1.37,0.35000000000000003,2.0,2.6
1.7596868227521029E9,42.2596576,-71.7298688,3164.744094488186,284.36368926464536,103.11756444182335,1.6300000000000001,1.9000000000000001,2.0,2.6
1.7596868233580961E9,42.259728,-71.73024,3169.665354330705,284.37816244136735,102.7028318566722,0.9,2.17,2.0,2.6
1.759686824752074E9,42.2598912,-71.7311104,3176.227034120732,284.44467750884587,101.8502636203005,1.22,1.47,2.0,2.6
1.759686825358206E9,42.2599648,-71.7314752,3179.5078740157446,284.5706092871519,101.60694001375089,0.96,1.3900000000000001,2.0,2.6
1.7596868267521172E9,42.2601312,-71.7323328,3194.274934383199,284.4448435264817,101.14778506937026,0.03,0.89,2.0,2.6
1.759686827358276E9,42.2602048,-71.7326912,3194.274934383199,284.34908365765926,101.0241415311264,-0.05,0.64,2.0,2.6
1.759686828752339E9,42.260368,-71.7335424,3195.915354330705,284.02016119490764,100.7774848088216,-0.89,0.22,2.0,2.6
1.7596868293581161E9,42.2604224,-71.7339072,3194.274934383199,283.709317260547,100.80269436515017,-2.24,-0.15,2.0,2.6
1.759686830752071E9,42.2605728,-71.7347648,3195.915354330705,282.7465703466837,100.96335017523063,-1.3900000000000001,-0.78,2.0,2.6
1.759686832151382E9,42.2607168,-71.7356288,3192.6345144356924,282.04500455904673,101.6261716874127,-1.69,-1.83,2.0,2.6
1.759686832751956E9,42.2607712,-71.736,3192.637795275587,281.77852477147553,102.08249757969604,-1.49,-2.49,2.0,2.6
1.7596868341471128E9,42.2608992,-71.7368768,3177.874015748028,280.8679294428819,102.78739775524274,-3.12,-3.75,2.0,2.6
1.759686834752101E9,42.2609568,-71.7372544,3171.3123359580018,280.509995235833,102.94304763975616,-2.69,-3.66,2.0,2.6
1.759686836147224E9,42.2610688,-71.738144,3153.26771653543,279.37735309131745,103.4340622033855,-4.26,-4.51,2.0,2.6
1.759686836752068E9,42.2611264,-71.738528,3143.4251968503904,278.77064205748513,103.77066295470266,-5.0200000000000005,-4.7,2.0,2.6
1.75968683814955E9,42.2612064,-71.739424,3112.260498687661,277.13557267489426,104.68987182983409,-6.51,-5.3100000000000005,2.0,2.6
1.7596868389470549E9,42.2612576,-71.7399552,3097.4967191601017,275.8158213604112,105.31530053448529,-7.63,-5.7,2.0,2.6
1.7596868395521212E9,42.2612832,-71.7403392,3087.6541994750623,274.86674497380926,105.8546392101636,-7.71,-5.99,2.0,2.6
1.759686840947068E9,42.2613312,-71.7412672,3059.7670603674505,272.3924376963429,107.10199479510749,-9.01,-5.72,2.0,2.6
1.759686841551997E9,42.2613344,-71.741664,3046.6469816272934,271.32476112637335,107.6205582769268,-6.36,-5.25,2.0,2.6
1.7596868423520432E9,42.2613344,-71.7422016,3026.961942257215,270.1544634454724,108.15590045398783,-1.72,-4.15,2.0,2.6
1.7596868435519981E9,42.2613312,-71.7430272,3005.6364829396293,269.4883527726925,108.84019262212533,-0.33,-3.71,2.0,2.6
1.759686844356555E9,42.2613184,-71.7435584,2987.5918635170574,269.378683457423,109.34768174712639,0.96,-4.3500000000000005,2.0,2.6
1.759686845551989E9,42.261312,-71.7443904,2961.3484251968475,269.0811651455502,110.30792030800023,0.6900000000000001,-5.58,2.0,2.6
1.759686846351982E9,42.2613024,-71.7449344,2941.6633858267687,268.8660750082657,110.9958182449351,0.8300000000000001,-5.75,2.0,2.6
1.7596868475519872E9,42.2612928,-71.7457728,2915.4199475065584,268.7442393479411,111.75902259415794,-0.72,-3.6,2.0,2.6
1.759686848351884E9,42.2612768,-71.7463296,2899.015748031493,268.1948277103298,111.69041869966475,-2.82,-3.21,2.0,2.6
1.759686849551939E9,42.261264,-71.7471616,2884.2519685039338,267.62993849102673,110.93290762589272,-2.8000000000000003,-2.0,2.0,2.6
1.759686850352145E9,42.2612384,-71.7477184,2877.6935695538027,266.99146979371255,109.99825922161233,-3.31,-0.98,2.0,2.6
1.759686851551972E9,42.2612,-71.7485248,2871.1318897637766,266.3619916584289,108.14016414786242,0.5,0.48,2.0,2.6
1.759686852351969E9,42.2611744,-71.7490624,2867.8510498687633,266.1810702377263,106.81818125457431,0.66,0.64,2.0,2.6
1.7596868529469051E9,42.2611552,-71.7494592,2869.4914698162697,266.27134296176007,105.81361716316907,1.97,0.9500000000000001,2.0,2.6
1.759686854351945E9,42.2611072,-71.7503744,2866.2139107611515,266.33179933596534,103.60534674742647,3.04,0.77,2.0,2.6
1.759686854946988E9,42.261088,-71.7507584,2861.292650918632,266.5730772756615,102.76042476639218,4.44,0.79,2.0,2.6
1.759686856351892E9,42.2610496,-71.7516416,2853.0938320209943,267.74628978726025,101.33324157135611,7.0200000000000005,-0.67,2.0,2.6
1.7596868569469562E9,42.26104,-71.752032,2853.0938320209943,268.12067377343897,100.76478298179323,5.73,-0.39,2.0,2.6
1.759686858351955E9,42.26104,-71.752896,2848.1725721784746,269.3957309803882,99.53037313498479,5.65,-0.23,2.0,2.6
1.7596868589469318E9,42.2610368,-71.7532736,2846.532152230968,269.7747819008758,98.90357173806373,4.47,-0.55,2.0,2.6
1.759686860351908E9,42.2610368,-71.7541376,2849.816272965876,270.50188131004444,97.64305471193944,3.49,-0.23,2.0,2.6
1.7596868609470448E9,42.26104,-71.754496,2848.1758530183697,270.68875599632304,97.02428870162095,5.18,0.97,2.3,2.9
1.759686862351886E9,42.26104,-71.755328,2843.25459317585,271.29453365095276,95.50601741880152,3.2800000000000002,0.23,2.3,2.9
1.759686862946641E9,42.2610464,-71.7556864,2841.6141732283436,271.4880196252303,95.06661579939846,3.06,-0.39,2.3,2.9
1.75968686435189E9,42.2610688,-71.7564992,2849.819553805771,271.6576912458023,93.40194013101342,1.42,1.56,2.3,2.9
1.759686864946872E9,42.2610784,-71.7568512,2853.1003937007845,271.8585029996111,92.30341415997204,2.98,3.3000000000000003,2.3,2.9
1.759686866351647E9,42.2611008,-71.7576384,2862.942913385824,272.40815850386736,89.74880733848292,2.37,3.0100000000000002,2.3,2.9
1.7596868669468632E9,42.2611136,-71.7579712,2872.788713910758,272.5883038463555,88.67145521098107,1.6300000000000001,2.72,2.3,2.9
1.759686868352051E9,42.261136,-71.7587456,2871.1482939632515,272.65912267722985,86.73053788641236,3.12,1.82,2.3,2.9
1.759686868951849E9,42.2611488,-71.7590656,2874.429133858265,272.7901858609928,86.25344210468022,2.89,0.3,2.3,2.9
1.759686870357868E9,42.2611808,-71.7598144,2872.788713910758,273.47019369013265,85.74469248302054,3.33,-1.53,2.3,2.9
1.759686871146899E9,42.2612032,-71.7602368,2866.227034120732,273.7708588374223,85.71472593439395,2.19,-1.35,2.3,2.9
1.7596868723575258E9,42.2612352,-71.7608768,2859.6686351706003,273.24605633500244,85.82236105961893,1.44,-2.44,2.3,2.9
1.759686873146883E9,42.2612544,-71.7613056,2853.106955380574,273.21925299314785,86.19000769520008,2.59,-3.1,2.3,2.9
1.7596868743578491E9,42.2612832,-71.7619456,2836.7027559055086,273.3446503182659,86.96021825379829,3.73,-3.0500000000000003,2.3,2.9
1.759686875147335E9,42.2612992,-71.7623808,2823.5793963254564,273.3388927668591,87.77751090216293,1.87,-3.34,2.3,2.9
1.759686876357881E9,42.2613312,-71.76304,2805.5380577427795,273.59344595068984,89.32032059268238,1.62,-3.47,2.3,2.9
1.759686877146893E9,42.261344,-71.763488,2800.61679790026,273.2881085016322,90.14840739826224,-0.9,-3.58,2.3,2.9
1.759686878357813E9,42.2613728,-71.76416,2780.931758530181,272.33459336439955,92.09804112418182,-0.25,-4.96,2.3,2.9
1.759686879147016E9,42.2613792,-71.7646208,2766.167979002622,271.97863022132344,93.45744949862014,-0.45,-5.03,2.3,2.9
1.7596868803578901E9,42.2613984,-71.7653248,2756.3287401574776,271.27845196704624,95.83595126277422,1.96,-5.38,2.3,2.9
1.759686881351873E9,42.2614112,-71.7659328,2746.486220472438,271.422635000908,97.08608122761875,3.0,-3.66,2.3,2.9
1.7596868825517778E9,42.2614304,-71.7666624,2736.6437007873988,272.0640238903144,98.22787645870989,-1.16,-3.89,2.3,2.9
1.759686883351838E9,42.2614336,-71.7671616,2731.722440944879,271.4301263577027,98.91418047422019,-4.61,-5.58,2.3,2.9
1.759686884551875E9,42.2614432,-71.7678976,2721.8832020997347,270.84252426074045,100.46874531635098,1.8800000000000001,-2.92,2.3,2.9
1.759686885352971E9,42.2614464,-71.7684032,2721.8832020997347,270.769467275966,101.32231181852973,1.25,-2.11,2.3,2.9
1.759686886551889E9,42.261456,-71.7691712,2723.523622047241,270.81923557986556,101.96506634738822,-1.04,-0.97,2.3,2.9
1.759686887351807E9,42.261456,-71.7696832,2728.448162729656,270.9393699777028,101.96834770230639,4.68,0.36,2.3,2.9
1.759686888551814E9,42.2614656,-71.7704384,2738.2906824146953,270.7734736595665,100.79752138126771,0.5700000000000001,0.54,2.3,2.9
1.759686889351801E9,42.2614784,-71.770944,2743.211942257215,271.15000443990493,99.75875449568605,1.6400000000000001,1.22,2.3,2.9
1.759686890551799E9,42.2614912,-71.77168,2749.776902887136,271.30737667267886,97.97582890853025,-0.62,1.83,2.3,2.9
1.759686891351865E9,42.2614944,-71.7721664,2751.4173228346426,271.12962954482634,96.62785069845665,1.9000000000000001,2.23,2.3,2.9
1.759686892551889E9,42.261504,-71.7728896,2754.698162729656,271.0873898968393,94.2351129462599,1.04,1.69,2.3,2.9
1.759686893351702E9,42.2615168,-71.7733504,2748.1364829396293,270.9582343711668,92.98708606999146,2.7,1.78,2.3,2.9
1.759686894551786E9,42.2615232,-71.7740352,2751.4206036745377,271.62721436295203,91.72813487591269,2.06,1.44,2.3,2.9
1.75968689535187E9,42.2615392,-71.7744896,2748.139763779525,271.7998522822141,90.97792999142742,1.82,0.9400000000000001,2.3,2.9
1.759686896551725E9,42.2615552,-71.775168,2756.3418635170574,271.8499957016697,90.31921509631766,3.5500000000000003,0.18,2.3,2.9
1.7596868973518128E9,42.2615616,-71.7756096,2759.6227034120707,271.8555857363653,90.04721914258614,3.2600000000000002,-0.31,2.3,2.9
1.759686898551636E9,42.261584,-71.7762816,2754.704724409446,272.4658774260929,89.90830699811998,4.59,-1.19,2.3,2.9
1.7596868993518329E9,42.2615968,-71.776736,2751.4238845144328,272.64977379722853,89.97957670667724,2.3000000000000003,-1.99,2.3,2.9
1.759686900551791E9,42.2616192,-71.7774016,2748.14304461942,272.8968632969478,90.38764218423701,3.84,-2.79,2.3,2.9
1.759686901351829E9,42.2616352,-71.777856,2744.8622047244066,272.9309649782748,90.85751433844531,4.23,-3.38,2.3,2.9
1.7596869025518079E9,42.2616576,-71.7785408,2731.738845144354,273.3714789997315,91.22700768127739,2.98,-3.27,2.3,2.9
1.7596869033517919E9,42.26168,-71.7789888,2728.4612860892357,273.7094421619591,91.33822445623677,1.74,-3.15,2.3,2.9
1.759686903946807E9,42.261696,-71.7793344,2725.180446194223,273.67728462789006,91.5297008713974,1.17,-3.47,2.3,2.9
1.7596869053518949E9,42.2617376,-71.780128,2718.618766404197,274.0385716290094,91.08145911059061,2.8000000000000003,-2.73,2.3,2.9
1.7596869059486852E9,42.2617536,-71.7804672,2710.416666666664,274.2372986462849,91.02635010980242,3.79,-2.79,2.3,2.9
1.75968690735478E9,42.2618016,-71.7812608,2707.1391076115456,274.8562050943559,90.92899997776374,5.18,-3.88,2.3,2.9
1.759686907946446E9,42.261824,-71.7816,2705.498687664039,275.23980950212894,91.0999119269713,1.77,-4.71,2.3,2.9
1.759686909351822E9,42.261888,-71.7823936,2692.3753280839865,275.5267544384351,91.02573990629865,1.8,-3.64,2.3,2.9
1.7596869099468389E9,42.2619168,-71.7827392,2690.73490813648,275.47052161909494,90.93903073992327,0.42,-3.72,2.3,2.9
1.75968691135177E9,42.261968,-71.7835264,2669.4127296587894,275.0201836844559,90.85392111260059,-1.34,-4.1,2.3,2.9
1.7596869119468021E9,42.2619904,-71.7838592,2661.210629921257,274.8777826490238,90.75633398198705,0.41000000000000003,-3.56,2.3,2.9
1.7596869133515692E9,42.2620352,-71.7846464,2648.087270341204,274.3554618464775,90.8650018484477,-2.91,-4.28,2.3,2.9
1.759686913946838E9,42.2620576,-71.7849792,2639.8851706036717,273.70797468297354,90.77317537470401,-2.73,-3.96,2.3,2.9
1.7596869145518389E9,42.2620736,-71.7853248,2634.963910761152,273.24247522367114,90.72839964569444,-1.76,-3.66,2.3,2.9
1.7596869159468598E9,42.2621056,-71.7861184,2618.5629921259815,273.194078244072,91.05505825956563,4.1,-3.38,2.3,2.9
1.7596869165517921E9,42.2621216,-71.7864512,2613.641732283462,273.18050572187246,91.44322578170853,4.15,-4.3100000000000005,2.3,2.9
1.759686917946782E9,42.2621536,-71.787264,2595.59711286089,273.62912067969825,92.12859111825017,2.0300000000000002,-4.3500000000000005,2.3,2.9
1.759686918551811E9,42.2621728,-71.7876032,2592.3162729658766,273.8116695035724,92.40093970483612,2.5500000000000003,-4.42,2.3,2.9
1.759686919946563E9,42.2622112,-71.788416,2582.4770341207322,273.9423029873173,93.01923905993847,0.01,-4.32,2.3,2.9
1.759686920551693E9,42.2622272,-71.7887552,2570.9940944881864,273.76874401673433,93.15609603367487,-0.58,-3.8200000000000003,2.3,2.9
1.759686921946667E9,42.2622528,-71.7895744,2559.5111548556406,273.2858167580026,93.26347289366184,-2.15,-3.68,2.3,2.9
1.759686922551701E9,42.2622752,-71.78992,2554.589895013121,273.0511309346289,93.1255321440891,-2.4,-3.2,2.3,2.9
1.759686923951643E9,42.2623008,-71.7907264,2536.5452755905485,272.0432765529063,93.22774230914636,-0.21,-4.26,2.3,2.9
1.75968692455159E9,42.2623104,-71.7910848,2531.627296587924,271.7324480572918,93.23052060734038,0.11,-3.88,2.3,2.9
1.7596869253518162E9,42.26232,-71.7915392,2528.3464566929106,271.8088645069058,93.60387917507191,3.37,-4.05,2.3,2.9
1.7596869265517058E9,42.262336,-71.7922432,2507.0209973753254,272.10263430668215,93.77588141902564,5.12,-2.93,2.3,2.9
1.759686927356604E9,42.2623488,-71.7927168,2498.818897637793,272.7263109939063,93.99407721712836,3.49,-3.71,2.3,2.9
1.759686928546996E9,42.2623776,-71.7934208,2482.417979002622,273.4274991929166,94.28961086316797,2.27,-4.0,2.3,2.9
1.759686929346612E9,42.2624064,-71.7938944,2475.856299212596,273.53955916854994,94.4566422827297,0.88,-4.05,2.3,2.9
1.759686930546812E9,42.2624288,-71.794592,2461.0925196850367,273.80233758396366,94.67925363499198,2.3000000000000003,-3.6,2.0,2.7
1.7596869313468351E9,42.2624544,-71.7950592,2454.5308398950106,273.71969604056403,94.98194861960869,0.31,-4.41,2.0,2.7
1.759686932546618E9,42.2624896,-71.795776,2443.05118110236,273.8919943036246,95.07888464237261,1.87,-3.86,2.0,2.7
1.759686933346805E9,42.2625088,-71.7962432,2436.4895013123337,273.81952630912934,95.12922516903859,1.85,-3.2600000000000002,2.0,2.7
1.759686934546805E9,42.2625472,-71.7969536,2426.6469816272943,274.17750111551663,94.9953679855731,4.1,-2.6,2.0,2.7
1.759686935346864E9,42.2625856,-71.7974272,2423.366141732281,274.6661419473275,94.86300680414782,2.64,-2.41,2.0,2.7
1.759686935951785E9,42.2626048,-71.7977856,2420.085301837268,274.84001774013234,94.45777035532117,0.37,-1.62,2.0,2.7
1.7596869373465781E9,42.2626496,-71.798592,2411.8864829396302,274.106863248606,93.36934225210379,-3.36,-2.0,2.0,2.7
1.7596869379517531E9,42.262672,-71.7989504,2411.8864829396302,273.51354040863106,92.93494485727538,-2.71,-2.14,2.0,2.7
1.759686939346788E9,42.2627104,-71.7997568,2403.6843832020973,273.0393995689269,92.38481631917028,2.7,-2.09,2.0,2.7
1.759686939951643E9,42.2627232,-71.8001024,2397.122703412071,273.3650398838156,92.06370104935563,6.3,-1.6400000000000001,2.0,2.7
1.759686941346579E9,42.2627616,-71.8009024,2380.7217847769,274.05259628463926,91.31688198778562,0.85,-1.22,2.0,2.7
1.759686941951791E9,42.2627808,-71.801248,2377.4409448818874,273.98977830382677,91.07601609136452,1.8900000000000001,-2.08,2.0,2.7
1.759686943346611E9,42.262816,-71.8020416,2362.6771653543283,274.07335219118033,90.57870021898165,4.67,-2.38,2.0,2.7
1.7596869439517899E9,42.262832,-71.802368,2352.834645669289,274.40059430987793,90.4415715880661,4.3,-2.35,2.0,2.7
1.7596869453468041E9,42.26288,-71.8031488,2324.950787401572,274.8843632816438,90.40605689688797,1.09,-3.99,2.0,2.7
1.7596869459513788E9,42.2629024,-71.803488,2318.389107611546,274.8178109661222,90.49468179058412,-1.48,-4.4,2.0,2.7
1.7596869465467591E9,42.2629248,-71.8038272,2315.1082677165327,274.45798559052,90.78004549912026,-1.78,-5.14,2.0,2.7
1.75968694795153E9,42.2629664,-71.8046208,2288.861548556428,273.64627120875684,91.39018514328048,-1.11,-5.55,2.0,2.7
1.759686948546682E9,42.2629792,-71.80496,2277.378608923882,273.3892746002628,91.73496643417624,-2.02,-5.51,2.0,2.7
1.75968694995162E9,42.263008,-71.8057664,2244.573490813646,273.0039146566681,92.36233089795992,1.59,-4.87,2.0,2.7
1.7596869505467448E9,42.263024,-71.8061056,2228.16929133858,272.87441201132,92.64355701846992,2.1,-4.93,2.0,2.7
1.7596869519517741E9,42.2630592,-71.8069248,2201.922572178475,272.8743119558191,93.42206611307016,-0.54,-5.3500000000000005,2.0,2.7
1.759686952546783E9,42.2630688,-71.8072768,2190.4396325459293,272.71559802463867,93.95432138041025,-0.55,-6.01,2.0,2.7
1.7596869539517732E9,42.2630944,-71.808096,2159.2749343832,272.4580398906523,95.18044817305636,2.11,-5.78,2.0,2.7
1.759686954546866E9,42.2631136,-71.8084544,2151.072834645667,272.60943638462595,95.63912631472664,2.38,-5.15,2.0,2.7
1.759686955951621E9,42.2631328,-71.8092928,2113.3431758530164,272.73176846245826,97.06927243244631,2.23,-5.04,2.0,2.7
1.759686956546764E9,42.2631488,-71.809664,2098.5793963254573,272.85385786970875,97.60485291466108,2.31,-5.16,2.0,2.7
1.759686957346614E9,42.263168,-71.810144,2085.4593175852997,273.00563729982605,98.24097359794364,2.91,-4.47,2.0,2.7
1.759686958546762E9,42.2631936,-71.81088,2057.5721784776883,273.25767759847304,99.19917620654346,1.69,-4.78,2.0,2.7
1.759686959346641E9,42.2632192,-71.8113792,2039.527559055116,273.2101100324461,99.97328276478771,2.56,-5.26,2.0,2.7
1.759686960546814E9,42.2632576,-71.8121344,2024.763779527557,274.0029605275649,100.80098506071299,5.69,-3.83,2.0,2.7
1.759686961346706E9,42.2632832,-71.81264,2013.284120734906,274.7819631480961,100.96483405694462,5.51,-2.66,2.0,2.7
1.759686962546723E9,42.2633408,-71.8133824,1996.8799212598403,275.4638428132366,101.0530886047696,1.78,-2.64,2.0,2.7
1.759686963346849E9,42.2633632,-71.8138944,1980.4757217847748,275.60407715900044,100.92080045916461,0.26,-2.58,2.0,2.7
1.759686964546761E9,42.263424,-71.8146432,1968.992782152229,275.62913208564146,100.67121632763282,0.44,-2.16,2.0,2.7
1.75968696534659E9,42.263456,-71.8151424,1962.4343832020977,275.3219959555512,100.38522797347083,-2.22,-2.32,2.0,2.7
1.759686966551655E9,42.263504,-71.8158848,1947.6706036745386,274.9320874282648,99.93373905355254,1.3900000000000001,-1.49,2.0,2.7
1.7596869679517589E9,42.2635648,-71.8167488,1937.8280839894992,275.09123348481285,99.66535230527555,3.18,-1.6500000000000001,2.0,2.7
1.7596869685465112E9,42.263584,-71.8171264,1942.749343832019,275.17518616349605,99.56136369252125,2.81,-1.67,2.0,2.7
1.7596869701464338E9,42.2636608,-71.8181184,1923.0675853018352,275.53762274532994,99.30795783401331,1.9000000000000001,-1.47,2.0,2.7
1.75968697075243E9,42.26368,-71.8184768,1916.5059055118088,275.41798536925256,99.22949720525219,1.93,-1.44,2.0,2.7
1.759686971357614E9,42.2637088,-71.818848,1911.584645669289,275.23812812271456,99.21997135832623,-0.33,-2.34,2.0,2.7
1.7596869729465342E9,42.2637696,-71.8198336,1905.022965879263,275.26578864177765,98.91204124559181,2.57,-0.14,2.0,2.7
1.759686973551646E9,42.2637984,-71.8202048,1908.3070866141713,275.15152909153596,98.7184060499537,3.48,0.19,2.0,2.7
1.759686974951729E9,42.2638592,-71.8210496,1906.6666666666647,276.6006653508361,97.74292803598473,6.04,-0.2,2.0,2.7
1.7596869755514169E9,42.263888,-71.8214208,1906.6666666666647,276.9460253307849,97.24504578362995,3.16,-0.15,2.0,2.7
1.759686976951477E9,42.2639744,-71.8222528,1905.0262467191583,277.22269747090337,96.16697508803497,-0.86,-1.3800000000000001,2.0,2.7
1.759686977551508E9,42.2640064,-71.8226112,1903.3858267716516,276.9000340778224,95.78662909742025,-2.44,-2.2800000000000002,2.0,2.7
1.759686978951665E9,42.2640832,-71.8234304,1895.1870078740137,276.2898473767325,95.27763830986635,-0.04,-2.15,2.0,2.7
1.759686979551491E9,42.264112,-71.8237888,1891.9061679790007,276.0550759927386,94.9031185548279,0.84,-1.72,2.0,2.7
1.759686980951421E9,42.2641728,-71.8246144,1888.6253280839876,275.3851123077177,94.6553532541765,-1.43,-2.97,2.0,2.7
1.759686981551478E9,42.2641984,-71.8249664,1885.3444881889745,275.0593201844341,94.7818035138847,-2.05,-3.56,2.0,2.7
1.759686982951596E9,42.26424,-71.825792,1873.8648293963236,273.80938576158513,94.79691734284535,-3.5,-3.2,2.0,2.7
1.759686983552424E9,42.2642624,-71.8261504,1868.9435695538039,273.32236473561954,94.92195696228517,-0.47000000000000003,-3.18,2.0,2.7
1.759686984951415E9,42.2642912,-71.826976,1855.8202099737514,272.71241356150915,95.29683090377229,2.22,-3.18,2.0,2.7
1.759686985551559E9,42.264304,-71.8273344,1852.539370078738,273.01891094160794,95.59486884638974,3.31,-3.56,2.0,2.7
1.759686986951364E9,42.2643424,-71.8281728,1839.4192913385807,273.51060752728347,96.18697624031826,-0.1,-4.76,2.0,2.7
1.759686988346374E9,42.2643776,-71.8290048,1819.734251968502,273.20991705887917,96.5077836526168,-2.96,-4.62,2.0,2.7
1.7596869891465611E9,42.2644,-71.8294848,1806.6108923884494,272.73615018203327,96.91394187503637,0.42,-4.51,2.0,2.7
1.759686989751628E9,42.2644128,-71.8298496,1798.4087926509167,272.38785516379414,97.04322735538807,0.92,-3.18,2.0,2.7
1.7596869911465921E9,42.2644384,-71.8306944,1786.9291338582657,272.5675457675288,96.76452794887136,-0.5700000000000001,-1.16,2.0,2.7
1.759686991751576E9,42.2644448,-71.8310528,1786.9291338582657,272.6120053510146,96.39820964638429,0.25,-1.6600000000000001,2.0,2.7
1.759686993146517E9,42.2644704,-71.831904,1782.007874015746,272.46520066978974,95.35606762449639,2.64,-1.53,2.0,2.7
1.7596869939464211E9,42.2644896,-71.8323648,1780.3674540682393,272.81959467210874,94.83835589813619,2.5500000000000003,-2.41,2.0,2.7
1.7596869953513331E9,42.2645248,-71.8331904,1770.5282152230955,273.5971243829796,93.56662691700838,2.84,-0.8,2.0,2.7
1.759686995946604E9,42.2645344,-71.833536,1767.2473753280822,274.0309582899847,92.91235059817694,2.89,-0.93,2.0,2.7
1.759686997351418E9,42.2645888,-71.834336,1759.0452755905494,274.91997080998874,91.11324781087603,4.8,0.08,2.0,2.7
1.7596869979482E9,42.2646112,-71.8346816,1762.3261154855625,275.1419039729254,90.2270237065316,2.04,0.18,2.0,2.7
1.759686998552414E9,42.2646368,-71.8350144,1760.688976377951,275.43797058437974,89.43057071916849,0.09,-0.09,2.0,2.7
1.759686999946292E9,42.2646912,-71.835776,1747.5656167978984,275.50303732513294,87.56556646472455,-0.2,0.26,2.0,2.7
1.7596870005513968E9,42.2647136,-71.8361024,1741.0039370078723,275.3442502993248,86.8201663341309,1.5,0.62,2.0,2.7
1.7596870019465752E9,42.2647584,-71.8368576,1724.5997375328066,275.37946763184436,85.00940237349614,0.66,0.26,2.0,2.7
1.759687002551322E9,42.2647808,-71.8371712,1718.0380577427804,275.5110165565347,84.40309094296559,0.47000000000000003,-0.54,2.0,2.7
1.759687003946547E9,42.264848,-71.8379008,1699.996719160103,275.77016177066076,83.71791821515585,1.52,-3.06,2.0,2.7
1.759687004551476E9,42.2648704,-71.838208,1698.3562992125967,275.6561307478554,83.427781025643,0.3,-2.65,2.0,2.7
1.75968700594629E9,42.2649152,-71.8389312,1667.188320209972,275.2490460047148,83.07841490050322,-1.6400000000000001,-2.67,2.0,2.7
1.759687006551717E9,42.2649344,-71.839232,1662.2670603674524,275.0495430574392,82.81818057649794,-0.31,-2.36,2.0,2.7
1.759687007946496E9,42.2649856,-71.8399488,1642.5820209973735,274.6267264285441,82.41543035808601,-0.78,-1.93,2.0,2.7
1.759687008551454E9,42.2649984,-71.8402496,1637.664041994749,274.4392720457644,82.12109873654542,-0.59,-1.78,2.0,2.7
1.759687009946515E9,42.2650368,-71.8409664,1621.2598425196834,274.15989103592864,81.19446811359823,-0.04,-1.04,2.0,2.7
1.759687010551299E9,42.2650496,-71.8412736,1616.3385826771637,273.93950442560225,80.91906156902907,-0.04,-1.12,2.0,2.7
1.759687011946446E9,42.2650784,-71.8419648,1604.8556430446179,273.08689928912275,79.77449925084129,-3.33,-1.31,2.0,2.7
1.7596870125511498E9,42.2650944,-71.842272,1599.9343832020982,272.9870021581344,79.45568202236821,-1.09,-1.37,2.0,2.7
1.7596870139464169E9,42.26512,-71.8429568,1588.4547244094472,272.96215576938516,78.61692018545507,0.5,-1.26,2.0,2.7
1.759687014551266E9,42.265136,-71.8432448,1581.8930446194208,273.1790432844731,78.51607550246361,1.53,-2.22,2.0,2.7
1.759687015946455E9,42.2651584,-71.843936,1565.4888451443553,273.58702471700434,77.98431069068407,-2.38,-3.08,2.0,2.7
1.7596870165512462E9,42.2651776,-71.844224,1562.2080052493422,273.11926125195043,77.51873670822822,-4.11,-2.68,2.0,2.7
1.7596870179463701E9,42.2651936,-71.8448896,1549.0879265091846,271.34926709511404,75.94762366283503,-3.8000000000000003,-1.3900000000000001,2.0,2.7
1.759687019351314E9,42.2651968,-71.8455424,1545.8070866141716,269.9246901333896,73.94390827458851,-2.85,-0.79,2.0,2.7
1.7596870199464998E9,42.2651968,-71.845824,1549.0879265091846,269.4521686041802,73.18909055298919,-2.43,-0.93,2.0,2.7
1.7596870213624082E9,42.2651936,-71.846368,1552.3687664041977,268.3912516659169,72.00894450231239,-1.46,-1.48,2.0,2.7
1.759687022151423E9,42.265184,-71.8468096,1544.166666666665,267.8946012360709,70.90099433071674,2.2,-0.51,2.0,2.7
1.75968702336221E9,42.2651712,-71.8473408,1540.889107611547,269.1845136930744,69.65500317502095,7.43,-0.09,2.0,2.7
1.759687024151608E9,42.2651712,-71.84768,1531.0465879265075,270.61259331961395,69.08818200862468,7.82,-1.55,2.0,2.7
1.759687025362526E9,42.2651776,-71.8481984,1519.5636482939617,272.9037015170312,68.6864595171191,9.46,-2.5500000000000003,2.0,2.7
1.759687026151253E9,42.2651968,-71.8485312,1504.7998687664026,274.4772934947196,68.47678573751911,8.64,-2.4,2.0,2.7
1.7596870273624291E9,42.2652352,-71.8490432,1486.7552493438304,276.52534672808355,68.41948519064576,3.84,-3.37,2.0,2.7
1.759687028151938E9,42.2652672,-71.8493824,1476.916010498686,277.1169570206836,68.56281209893719,-0.17,-4.67,2.0,2.7
1.759687029362355E9,42.265312,-71.8499008,1463.7926509186336,277.1391639537006,68.35064177719245,0.93,-4.09,2.0,2.7
1.759687030351434E9,42.2653536,-71.8503104,1455.5905511811009,276.81751043927613,68.28411395311483,0.08,-3.99,2.0,2.7
1.759687031151516E9,42.265392,-71.850656,1444.1076115485548,276.3347798464726,68.17870712343765,0.14,-5.53,2.0,2.7
1.759687032357444E9,42.2654272,-71.8511552,1429.343832020996,275.3726699862331,67.8857124420725,-2.43,-6.09,2.0,2.7
1.759687033151422E9,42.2654464,-71.8514944,1419.5013123359565,274.4846060095446,67.61955243524106,-3.0300000000000002,-5.28,2.0,2.7
1.759687034357305E9,42.2654656,-71.8519872,1404.7408136482925,273.40821222815686,67.35671356563012,-1.12,-4.49,2.0,2.7
1.7596870351465921E9,42.2654848,-71.8523328,1396.5387139107597,272.9399490913155,66.70334302148916,1.26,-3.38,2.0,2.7
1.759687036357743E9,42.2654976,-71.852832,1381.7749343832006,272.8640971388669,65.74519157016938,0.13,-4.22,2.0,2.7
1.759687037146836E9,42.2655072,-71.8531584,1370.2919947506548,272.8845570825425,65.27925580499286,-0.46,-5.48,2.0,2.7
1.7596870383573542E9,42.2655264,-71.8536448,1357.1686351706023,272.73851803431097,65.09593897958743,1.67,-5.72,2.0,2.7
1.759687039151418E9,42.265536,-71.8539648,1334.2027559055105,272.92159683233945,64.83372981024198,2.5100000000000002,-5.17,2.0,2.7
1.7596870397513762E9,42.2655488,-71.8542016,1330.9219160104974,272.98932116436976,64.85715135974571,1.98,-5.93,2.0,2.7
1.759687041152555E9,42.265568,-71.8547648,1304.6784776902873,273.28963774551,64.70056527888583,1.25,-5.55,2.0,2.7
1.759687041751202E9,42.265584,-71.855008,1289.9146981627282,273.48953401982305,64.83078367244056,-0.3,-5.48,2.0,2.7
1.7596870431533809E9,42.2656096,-71.8555648,1270.2296587926496,272.5060638084394,64.46121868918136,-1.73,-5.4,2.0,2.7
1.7596870437512488E9,42.2656128,-71.8558144,1260.3871391076102,271.85599755079835,64.21943560545353,-2.16,-4.7,2.0,2.7
1.759687045151406E9,42.2656256,-71.8563776,1234.1404199475053,271.6963873027856,64.35001694020961,2.27,-4.83,2.0,2.7
1.7596870457512422E9,42.2656352,-71.8566144,1222.6607611548543,272.013475495391,64.731110177507,1.5,-5.53,2.0,2.7
1.759687047151248E9,42.265648,-71.857184,1196.4140419947494,271.77880031567383,65.75306768551083,2.36,-4.57,2.0,2.7
1.759687047746192E9,42.2656544,-71.8574272,1196.4140419947494,271.9108421918364,65.8746441830707,3.85,-3.85,2.0,2.7
1.759687049151259E9,42.2656672,-71.8580096,1170.1673228346444,273.86410897728575,66.6309544403422,5.14,-3.96,2.0,2.7
1.759687049746162E9,42.26568,-71.8582528,1166.8864829396312,274.4089812423468,66.50133200822421,3.73,-3.42,2.0,2.7
1.759687050362266E9,42.265696,-71.8585024,1158.6843832020984,274.6354634269026,66.38561057767745,2.14,-3.47,2.0,2.7
1.759687051746233E9,42.2657312,-71.8590848,1143.9238845144346,274.9383873350518,66.16136794279656,2.47,-4.05,2.0,2.7
1.759687052362515E9,42.265744,-71.859328,1142.283464566928,274.8741566446569,66.1159835241957,1.51,-5.25,2.0,2.7
1.759687053747709E9,42.2657824,-71.859904,1129.1601049868755,274.315065756343,65.3623830314821,-2.19,-3.72,2.0,2.7
1.75968705436276E9,42.265792,-71.8601408,1124.2388451443558,274.0285032965139,65.29956942811651,1.1400000000000001,-3.65,2.0,2.7
1.7596870557463431E9,42.2658272,-71.8607104,1111.1154855643033,273.8324344521874,64.56338358188061,3.22,-2.72,2.0,2.7
1.7596870563623881E9,42.26584,-71.8609472,1111.1154855643033,274.2459877969901,64.32341199559988,6.42,-2.89,2.0,2.7
1.7596870577463698E9,42.265872,-71.861504,1091.4337270341196,275.2989802862947,64.61740531146478,2.31,-5.14,2.0,2.7
1.7596870583622751E9,42.2658848,-71.8617536,1076.6699475065604,275.17435708949125,65.3071723897894,-0.02,-4.44,2.0,2.7
1.7596870597464318E9,42.2659264,-71.862336,1063.546587926508,274.31293329404843,67.72093084687134,1.61,-1.81,2.0,2.7
1.759687060362344E9,42.2659424,-71.8625856,1056.9849081364819,273.725401835479,68.50977803460759,0.75,-1.69,2.0,2.7
1.759687061746426E9,42.265968,-71.8631808,1055.3444881889752,273.1067821664223,68.50457137755576,-0.08,-1.02,2.0,2.7
1.7596870623623152E9,42.2659808,-71.8634432,1055.3444881889752,273.21694874819855,68.23928029621209,2.34,-0.56,2.0,2.7
1.7596870637463012E9,42.2659936,-71.864032,1048.7860892388442,273.3108043229156,66.98004390300625,0.9500000000000001,-2.58,2.0,2.7
1.759687064362951E9,42.2660096,-71.8642816,1045.5052493438309,273.4479903740347,66.5805670331042,1.7,-3.12,2.0,2.7
1.759687065746385E9,42.2660416,-71.8648448,1035.6627296587917,273.8702427438259,65.94953595812099,0.91,-2.08,2.0,2.7
1.759687066362235E9,42.2660576,-71.8650944,1030.741469816272,274.0082358468409,65.62921062090047,0.58,-2.19,2.0,2.7
1.759687067951285E9,42.2660864,-71.8657472,1015.9776902887129,273.18751360909175,64.32413746395125,0.03,-1.99,2.0,2.7
1.7596870685461879E9,42.2660928,-71.8659968,1011.0564304461932,272.9495218545542,63.842674492172314,-2.33,-2.24,2.0,2.7
1.759687069951102E9,42.266112,-71.8665408,1004.4980314960619,273.2517441121973,62.71220115745245,4.14,-0.36,2.0,2.7
1.7596870713463569E9,42.2661408,-71.8670912,997.9363517060357,274.09079383654785,61.309548560410356,0.52,1.43,2.0,2.7
1.759687071951336E9,42.2661568,-71.8673088,999.5767716535422,274.22075117916717,60.481527281135925,0.34,2.32,2.0,2.7
1.7596870733463101E9,42.2661888,-71.8678272,1001.2171916010487,274.1346713737364,58.23363600224307,1.55,2.48,2.0,2.7
1.759687073951277E9,42.266192,-71.8680448,997.9363517060357,274.02471538248375,57.329286543375986,0.25,2.04,2.0,2.7
1.759687075357366E9,42.2662208,-71.8684608,997.9363517060357,273.88262489319465,55.117863902981725,1.06,2.52,2.0,2.7
1.759687076351675E9,42.26624,-71.868864,994.6587926509177,273.5022584901169,53.458370572227736,0.73,1.32,2.0,2.7
1.75968707694645E9,42.2662464,-71.8690624,994.6587926509177,273.74515734301303,52.67404319068691,0.73,1.24,2.0,2.7
1.759687078351249E9,42.2662656,-71.8695168,994.6587926509177,273.7749136109413,51.078422783625236,1.02,0.58,2.0,2.7
1.759687078946322E9,42.2662816,-71.8697024,996.2992125984242,273.4994991603286,50.6343730337081,1.07,0.9400000000000001,2.0,2.7
1.7596870803514009E9,42.266304,-71.8701376,1001.2204724409439,274.30205614090255,49.49366285870594,0.35000000000000003,0.43,2.0,2.7
1.759687080946315E9,42.26632,-71.8703232,999.5800524934374,274.75800345225656,49.21278741059548,0.86,0.66,2.0,2.7
1.759687082351316E9,42.2663392,-71.8707584,997.9396325459307,273.60546923058524,50.075354477525636,0.61,0.85,2.0,2.7
1.759687082951283E9,42.2663456,-71.870944,996.2992125984242,273.4410645008425,50.84545062419601,0.21,0.64,2.0,2.7
1.759687084351361E9,42.2663616,-71.8713984,997.9429133858257,273.6283292602326,53.44622253251389,0.75,0.36,2.0,2.7
1.759687084951179E9,42.2663712,-71.8715968,997.9429133858257,273.7274231235966,54.71834195951645,-0.08,0.55,2.0,2.7
1.759687086351294E9,42.2664,-71.8720832,996.3024934383192,274.2342737020481,58.182568014268064,-0.77,0.37,2.0,2.7
1.759687086951302E9,42.266416,-71.8723072,997.9429133858257,274.4601891605751,59.74031220760762,-0.72,0.66,2.0,2.7
1.7596870883524818E9,42.266448,-71.8728512,999.5833333333322,274.22859255501186,63.26942387524195,-0.59,1.29,2.0,2.7
1.759687089151311E9,42.2664608,-71.8731584,988.1003937007864,273.88459688098123,65.1323610972474,-0.31,1.51,2.0,2.7
1.759687090363141E9,42.2664832,-71.8736576,997.9461942257207,273.27095653131903,67.7951123427043,-0.05,2.81,2.0,2.7
1.7596870911512609E9,42.266496,-71.8740032,996.3057742782141,273.43331025999055,69.46160403035046,-0.02,4.08,2.0,2.7
1.759687091751257E9,42.2665056,-71.8742592,994.6653543307075,273.6059109672046,70.4678026129947,0.09,4.47,2.0,2.7
1.759687093151373E9,42.2665376,-71.8748864,1009.4291338582666,273.8171565227708,72.12111804802392,-0.03,5.43,2.0,2.7
1.759687093751282E9,42.2665472,-71.8751616,1009.4291338582666,274.11941059186137,72.79064605323742,-0.52,5.68,2.0,2.7
1.75968709515127E9,42.2665792,-71.8757952,1020.9120734908125,273.534146538752,74.10421141068304,-0.76,4.76,2.0,2.7
1.759687095751229E9,42.2665888,-71.8760768,1027.4770341207338,273.66836002953124,74.73844451193555,0.72,5.99,2.0,2.7
1.7596870971513228E9,42.266624,-71.8767296,1037.3195538057732,274.38621593572475,75.23330365617974,0.25,7.65,2.0,2.7
1.759687097751711E9,42.26664,-71.8770112,1040.6003937007863,274.4372364719261,75.37495067634582,-0.35000000000000003,6.71,2.0,2.7
1.7596870991512709E9,42.2666752,-71.8776768,1057.004593175852,274.5862559431939,75.6049312275377,-3.11,6.92,2.0,2.7
1.759687099751293E9,42.2666976,-71.877952,1060.285433070865,274.26789330029084,75.74784621875797,-1.36,7.03,2.0,2.7
1.759687101151151E9,42.26672,-71.8786112,1078.3333333333321,274.1692174786723,75.93312460271169,0.8300000000000001,7.16,2.0,2.7
1.759687102362148E9,42.2667616,-71.8791744,1098.018372703411,275.6156649599746,75.8825428050752,4.15,7.0,2.0,2.7
1.759687103151232E9,42.2667872,-71.8795648,1111.1417322834634,276.1264387695933,75.95213601754604,1.84,7.5,2.0,2.7
1.759687104362248E9,42.2668416,-71.8801216,1125.9055118110225,276.6430156062821,75.9505216502156,0.12,7.43,2.0,2.7
1.759687105751169E9,42.2668992,-71.8807744,1143.9501312335944,276.7726167820989,75.65752904793605,0.51,7.91,2.0,2.7
1.759687106357185E9,42.2669184,-71.8810624,1150.5150918635159,276.7589725859236,75.47922123228386,0.26,7.640000000000001,2.0,2.7
1.759687107751281E9,42.2669792,-71.8817152,1173.4809711286077,276.64756257159223,75.2271333619569,-1.27,7.15,2.0,2.7
1.759687108357191E9,42.2670016,-71.8819968,1180.042650918634,276.50381872714536,75.16625211200842,-1.12,6.92,2.0,2.7
1.759687109751137E9,42.2670592,-71.8826432,1191.52559055118,276.0555311437877,75.1797531496,-1.87,6.36,2.0,2.7
1.759687110357152E9,42.2670752,-71.8829184,1189.8851706036733,275.74006096708854,75.21515044541283,-1.51,6.2700000000000005,2.0,2.7
1.759687111751117E9,42.2671232,-71.883584,1204.6489501312324,275.8087122836688,75.67365628190163,0.39,5.66,2.0,2.7
1.759687112357143E9,42.2671424,-71.8838592,1204.6522309711274,275.982956502816,76.088323281919,2.54,5.64,2.0,2.7
1.75968711375114E9,42.2672,-71.8845184,1216.1351706036733,276.6886941425838,76.93618131105306,2.04,5.5200000000000005,2.0,2.7
1.759687114357234E9,42.267232,-71.8848064,1227.618110236219,277.05525691156214,77.23056592594298,0.47000000000000003,5.3100000000000005,2.0,2.7
1.7596871157511969E9,42.2672928,-71.8854912,1242.3818897637782,277.05581858120166,77.8574364770919,-1.8,5.94,2.0,2.7
1.759687116357086E9,42.2673216,-71.8857792,1248.9435695538045,276.9120878295689,77.85309522117092,-2.9,6.22,2.0,2.7
1.759687117751066E9,42.2673792,-71.8864512,1258.7893700787388,276.71816831555236,78.095630702644,-0.02,6.38,2.0,2.7
1.759687118357098E9,42.267408,-71.8867328,1263.7106299212585,276.8795301082562,78.21975399946172,1.6300000000000001,6.54,2.0,2.7
1.75968711975106E9,42.267472,-71.8874176,1276.833989501311,277.46878690077324,78.3602869520329,0.75,6.74,2.0,2.7
1.759687120357192E9,42.2674944,-71.8877184,1281.7552493438307,277.89309529321514,78.41896557343568,2.59,6.84,2.0,2.7
1.7596871217511191E9,42.267568,-71.8883904,1289.9573490813634,278.72783106431507,78.52703023580848,0.31,7.09,2.0,2.7
1.759687122357143E9,42.2676,-71.8886848,1293.2381889763765,279.0964358909508,78.56691920987804,0.07,6.88,2.0,2.7
1.759687123751091E9,42.2676896,-71.8893504,1309.6456692913373,279.4365828658609,78.24895472724707,-0.68,7.59,2.0,2.7
1.75968712435711E9,42.2677216,-71.8896384,1311.2860892388437,279.4975392455795,77.9869173892642,-3.3200000000000003,7.2,2.0,2.7
1.759687125751095E9,42.2678112,-71.8903104,1334.2519685039356,279.53539149393936,77.68018240367314,-0.86,7.88,2.0,2.7
1.759687126356866E9,42.2678496,-71.890592,1345.7349081364816,279.48824043525985,77.70888813119879,-0.09,7.32,2.0,2.7
1.759687127751021E9,42.2679328,-71.8912704,1367.0603674540669,279.84314441281595,77.88955764645044,-0.79,6.11,2.0,2.7
1.7596871283571029E9,42.2679712,-71.8915648,1373.622047244093,280.2525425410058,78.08700346758127,-0.08,6.49,2.0,2.7
1.759687129751107E9,42.2680576,-71.8922368,1385.104986876639,279.77182485027873,78.6815089756039,-1.54,5.41,2.0,2.7
1.7596871303571482E9,42.2680928,-71.8925248,1393.3103674540666,279.6684629031005,79.05156929350215,-0.59,5.05,2.0,2.7
1.7596871317510262E9,42.2681824,-71.8931968,1406.433727034119,280.3411428859011,79.59089957377881,2.48,6.6000000000000005,2.0,2.7
1.759687132357088E9,42.2682176,-71.8934912,1404.7933070866127,280.8438113200683,79.6622145486569,3.34,6.390000000000001,2.0,2.7
1.7596871339460201E9,42.2683328,-71.8942784,1444.16338582677,281.61763461940916,80.2135030553454,0.3,6.37,2.0,2.7
1.75968713455106E9,42.2683808,-71.8945664,1444.16338582677,281.8815103625801,80.25064925404317,1.2,6.69,2.0,2.7
1.759687135946197E9,42.2684896,-71.895264,1468.7696850393684,282.08411593485977,80.41029632267654,0.88,6.51,2.0,2.7
1.759687136551034E9,42.2685344,-71.895552,1480.2526246719144,282.62073888783146,80.15707857332416,-0.31,8.27,2.0,2.7
1.7596871379510689E9,42.2686496,-71.8962432,1503.2217847769014,282.94431690329816,79.66148883704949,1.1400000000000001,7.01,2.0,2.7
1.759687138551066E9,42.268704,-71.8965248,1513.0643044619408,283.13810468851347,79.70396029705499,1.11,6.2,2.0,2.7
1.75968713995113E9,42.2688256,-71.8972032,1527.8280839894996,283.94192951276045,80.19401532147899,1.9100000000000001,5.97,2.0,2.7
1.759687140551062E9,42.2688832,-71.8974976,1534.389763779526,284.2043841388894,80.32625898667338,1.17,6.29,2.0,2.7
1.759687141950996E9,42.269008,-71.8981696,1550.7939632545915,284.68185000062215,79.91610904850783,0.25,7.1000000000000005,2.0,2.7
1.7596871425510402E9,42.2690624,-71.8984704,1555.7152230971112,284.710160852719,79.76568884577624,-0.28,7.0200000000000005,2.0,2.7
1.759687143951038E9,42.2692,-71.8991296,1573.7598425196834,285.2772482194073,79.45350634186302,2.04,7.13,2.0,2.7
1.75968714455096E9,42.2692608,-71.899424,1573.7598425196834,285.5075756356244,79.31958610747986,1.76,7.16,2.0,2.7
1.759687145950844E9,42.2694048,-71.900096,1593.448162729657,286.5023615639686,79.10740190178298,0.65,7.05,2.0,2.7
1.759687146551046E9,42.2694752,-71.9003648,1600.0098425196834,286.759954613639,79.07160380624781,-0.29,6.47,2.0,2.7
1.759687147950912E9,42.2696128,-71.9010304,1618.0544619422556,286.7897140218195,79.0027688857542,-1.09,6.71,2.0,2.7
1.75968714855113E9,42.2696768,-71.9013184,1626.2565616797883,286.7140957447161,79.01198238093265,-0.14,6.4,2.0,2.7
1.75968714995101E9,42.2698272,-71.9019776,1636.0990813648277,286.5807450587337,79.22067807679068,-0.3,6.24,2.0,2.7
1.759687150551033E9,42.2698912,-71.9022528,1641.0203412073474,286.4823892700997,79.20059539868754,0.52,6.44,2.0,2.7
1.7596871519510279E9,42.2700448,-71.9029312,1655.7841207349063,286.9286783704338,79.50787336507956,-0.08,6.16,2.0,2.7
1.759687152550774E9,42.2701152,-71.9032192,1667.2670603674524,287.1078708320479,79.62469655535237,0.54,6.55,2.0,2.7
1.759687153950996E9,42.270272,-71.9038784,1672.188320209972,287.71375654324453,79.60349828638914,0.81,6.98,2.0,2.7
1.759687154550945E9,42.2703296,-71.9041536,1673.8287401574785,288.0850755663131,79.52491126625293,2.04,7.07,2.0,2.7
1.759687155951261E9,42.270496,-71.9048128,1688.5958005249324,289.3105031047566,79.64952075681475,0.63,6.68,2.0,2.7
1.759687156551186E9,42.2705728,-71.905088,1695.1574803149588,289.541762044871,79.55671302661145,-0.13,6.8100000000000005,2.0,2.7
1.759687157950976E9,42.2707456,-71.9057472,1711.5616797900243,289.82246457036524,79.96486948304342,-0.37,3.5100000000000002,2.0,2.7
1.759687158551038E9,42.270816,-71.9060288,1718.1233595800506,289.8979119185241,80.4163649350156,-0.19,2.32,2.0,2.7
1.759687159951038E9,42.2709952,-71.9066944,1721.4041994750637,289.3610684563221,82.14662436152484,-2.44,0.54,2.0,2.7
1.7596871605511951E9,42.2710816,-71.9069824,1721.4041994750637,288.96564668312334,82.95699971459862,-2.5500000000000003,0.45,2.0,2.7
1.759687161951005E9,42.271248,-71.9076864,1724.6850393700768,289.4094844528827,84.93275879368066,7.54,2.29,2.0,2.7
1.759687162551029E9,42.271328,-71.9079872,1724.6850393700768,290.1428032330431,85.80072329057836,8.77,2.35,2.0,2.7
1.759687163950935E9,42.2715328,-71.9086848,1723.0446194225703,294.08486337096684,87.78729271768907,16.04,5.09,2.0,2.7
1.759687164545938E9,42.2716416,-71.9089792,1736.1679790026228,296.79073501044275,88.27948938927261,19.26,6.87,2.0,2.7
1.75968716614593E9,42.271968,-71.9097536,1755.8530183727014,305.04830488205414,89.1586629714261,22.77,6.09,2.0,2.7
1.7596871667528381E9,42.2721216,-71.9100096,1768.9763779527539,308.33447785566835,89.28661977170646,25.2,5.89,2.0,2.7
1.759687168145915E9,42.2725216,-71.9105856,1790.3018372703393,318.59229037022396,89.28462863479032,26.35,8.26,2.0,2.7
1.759687168750911E9,42.2727136,-71.9107968,1798.503937007872,322.5981442716491,89.19131702862772,25.46,8.57,2.0,2.7
1.75968717014606E9,42.2731968,-71.9112,1823.1069553805755,331.69585725799703,89.08483423984705,25.8,6.37,2.0,2.7
1.759687170750997E9,42.2734272,-71.9113536,1832.949475065615,335.5395197761904,89.24308817421708,25.22,5.9,2.0,2.7
1.75968717214641E9,42.2739744,-71.9116288,1847.7132545931738,343.92380755716226,90.06188984427244,23.21,4.41,2.0,2.7
1.7596871727508779E9,42.274224,-71.911712,1855.9120734908117,347.14008367501407,90.4811900086839,22.11,4.7,2.0,2.7
1.759687174145865E9,42.2748064,-71.9118272,1873.956692913384,355.0797852535982,91.56201899140235,23.8,2.12,2.0,2.7
1.7596871747510052E9,42.2750592,-71.91184,1885.4363517060349,357.90577989540833,92.02474750854645,21.47,1.87,2.0,2.7
1.759687176145856E9,42.2756704,-71.9118272,1901.8405511811004,3.9497255545586567,92.84470779401838,5.76,0.92,2.0,2.7
1.7596871769459128E9,42.2760192,-71.9117824,1914.9606299212576,4.894669041456705,93.17781001751314,3.66,0.96,2.0,2.7
1.759687178350988E9,42.2766272,-71.91168,1929.7211286089218,6.125199210805388,93.82070899008332,2.17,1.62,2.0,2.7
1.759687178945934E9,42.2768832,-71.9116352,1939.563648293961,6.380709319394148,94.10127886868779,3.29,1.32,2.0,2.7
1.75968718035078E9,42.2775008,-71.9115264,1965.807086614171,8.238380337433139,94.55241047168234,11.69,6.03,2.0,2.7
1.759687180945992E9,42.2777568,-71.9114752,1967.4475065616778,9.644329749446996,94.56327159989364,14.58,5.89,2.0,2.7
1.759687182350935E9,42.2783616,-71.9113024,1988.7696850393681,15.033063165986563,94.57806278585312,18.400000000000002,6.45,2.0,2.7
1.7596871829455729E9,42.2786176,-71.9112,2000.252624671914,17.478308773958542,94.62129636134942,17.8,6.8,2.0,2.7
1.759687183550777E9,42.2788704,-71.9110848,2015.016404199473,19.94179593449169,94.43791510950281,19.07,6.62,2.0,2.7
1.75968718494591E9,42.2794336,-71.9107584,2034.6981627296568,26.173490253796626,94.13148379220465,20.5,6.0200000000000005,2.0,2.7
1.759687185550925E9,42.2796672,-71.9105984,2044.537401574801,29.052301214049727,93.94830678256679,21.29,5.6000000000000005,2.0,2.7
1.759687186945836E9,42.2801792,-71.9101504,2062.582020997373,35.20552803806286,93.16111738601151,24.66,6.34,2.0,2.7
1.7596871875508552E9,42.2803872,-71.9099456,2067.4999999999977,38.07907704121867,92.85091392891108,24.560000000000002,4.34,2.0,2.7
1.759687188945952E9,42.2808384,-71.9093952,2070.777559055116,45.09305374583016,93.09538845114723,26.84,0.59,2.0,2.7
1.7596871895505672E9,42.2810144,-71.9091392,2077.339238845142,47.80867496963274,93.68888831866421,25.61,0.27,2.0,2.7
1.759687190950972E9,42.2813888,-71.9084864,2064.2125984251948,54.85841016707516,95.77402285812256,21.650000000000002,-2.79,2.3,2.9
1.759687191550844E9,42.2815424,-71.9081792,2059.291338582675,57.817620294365696,96.71485107697995,21.42,-2.89,2.3,2.9
1.759687192950811E9,42.2818368,-71.9074304,2046.1646981627277,64.49651254470679,99.00574193190641,18.07,-3.49,2.3,2.9
1.759687193550788E9,42.2819488,-71.9070912,2034.6817585301817,67.09437507504275,99.83559942823366,14.72,-3.48,2.3,2.9
1.7596871943508391E9,42.2820896,-71.906624,2034.6817585301817,70.19239504521198,100.84549249715853,9.78,-2.38,2.3,2.9
1.759687195550818E9,42.2822528,-71.9058944,2021.555118110234,73.27341497838628,101.44560684137561,7.78,0.43,2.3,2.9
1.75968719635078E9,42.282352,-71.9053952,2026.4763779527536,75.1025715395789,101.31695092369044,9.15,2.67,2.3,2.9
1.759687197550808E9,42.2824864,-71.9046656,2039.5964566929113,77.91143923837328,100.43005322433636,8.2,3.24,2.3,2.9
1.75968719895133E9,42.282592,-71.903808,2056.0006561679766,80.26641570111126,99.22317974590514,2.06,2.47,2.0,2.7
1.759687199550911E9,42.2826432,-71.9034368,2067.4803149606278,80.86922759505298,98.85302613262435,2.72,2.87,2.0,2.7
1.759687200350801E9,42.2826944,-71.9029568,2069.120734908134,81.3588995453626,98.32779559337291,3.14,3.4,2.0,2.7
1.75968720155085E9,42.2827744,-71.9022208,2078.9632545931736,82.20554192604011,97.60806793784201,4.57,3.02,2.0,2.7
1.759687202350836E9,42.2828128,-71.9017344,2082.240813648292,82.94605255475584,97.18919205528873,4.83,3.18,2.0,2.7
1.759687203550818E9,42.2828736,-71.9010176,2085.521653543305,84.0103264360866,96.49439253169997,4.04,2.31,2.0,2.7
1.7596872043508139E9,42.2829088,-71.900544,2088.802493438318,84.76050665204957,96.2141072784363,4.3,1.19,2.0,2.7
1.759687204950803E9,42.282928,-71.9001792,2093.7237532808376,85.25368537030766,96.0832657359826,3.83,2.1,2.0,2.7
1.759687206350724E9,42.2829792,-71.8993472,2100.282152230969,86.09290003379024,95.56768655448025,2.16,2.65,2.0,2.7
1.759687206950883E9,42.282992,-71.8989952,2103.5629921259824,86.36019416923683,95.22664217444517,3.99,3.14,2.0,2.7
1.759687208350569E9,42.283024,-71.8981632,2113.4022309711263,87.73064262565892,94.25318687400323,6.2,3.34,2.0,2.7
1.759687208950726E9,42.2830272,-71.8978112,2123.2447506561657,88.58660280402515,93.78015240215935,5.86,3.8000000000000003,2.0,2.7
1.759687210350844E9,42.2830368,-71.8969856,2129.806430446192,89.8557692674916,92.66336043297498,1.47,2.7,2.0,2.7
1.7596872109507608E9,42.2830368,-71.8966528,2131.4468503936982,89.95189272372043,92.60478414581911,1.1500000000000001,-0.75,2.0,2.7
1.759687212350745E9,42.2830368,-71.8958464,2126.522309711284,89.9880782815884,93.4211682117101,2.7600000000000002,-1.3800000000000001,2.0,2.7
1.7596872129505138E9,42.2830304,-71.895488,2113.3989501312312,89.96447875252792,94.06265294776743,1.6,-1.83,2.0,2.7
1.75968721435074E9,42.2830368,-71.8946688,2100.275590551179,89.81435211339685,95.98754478708229,0.97,-3.34,2.0,2.7
1.7596872149508529E9,42.2830368,-71.894304,2092.073490813646,89.94245102426144,96.76462752306783,2.31,-2.5300000000000002,2.0,2.7
1.759687215551001E9,42.2830368,-71.8939456,2082.2276902887115,90.18279747992132,97.48429730801958,3.08,-1.68,2.0,2.7
1.7596872169506059E9,42.2830368,-71.8930816,2074.025590551179,89.7517724964786,98.70934956722408,-0.34,-1.76,2.0,2.7
1.759687217750801E9,42.2830368,-71.8925952,2067.463910761153,89.67465052928199,99.27373861344228,-0.16,-1.07,2.0,2.7
1.7596872183620949E9,42.28304,-71.8922176,2069.1043307086593,89.55404068905878,99.89719432288494,0.18,-1.83,2.0,2.7
1.759687219750685E9,42.2830368,-71.8913344,2060.8989501312317,89.39155253636385,100.67738287372944,2.85,0.13,2.0,2.7
1.7596872203619308E9,42.28304,-71.8909504,2059.258530183725,89.8124711641072,100.96382359761687,4.69,0.65,2.0,2.7
1.759687221750691E9,42.28304,-71.8900736,2075.662729658791,90.50673661564633,101.10330606305264,2.98,0.85,2.0,2.7
1.759687223145689E9,42.283024,-71.8891968,2078.9402887139086,91.58498575467203,100.4963333886711,7.71,2.68,2.0,2.7
1.759687223750709E9,42.2830112,-71.8888256,2087.142388451441,92.4939040228457,100.0666996141398,7.24,3.41,2.0,2.7
1.75968722514572E9,42.2829888,-71.8879552,2096.9849081364805,93.91917428313987,98.68650562569394,3.42,3.0100000000000002,2.0,2.7
1.759687225750709E9,42.2829664,-71.8875904,2096.9816272965854,94.28745830442732,98.28368391104759,1.16,2.0300000000000002,2.0,2.7
1.7596872271457691E9,42.2829216,-71.8867328,2103.543307086612,93.95891211709092,97.69748676829956,-4.13,0.97,2.0,2.7
1.75968722775071E9,42.2828992,-71.886368,2110.104986876638,93.35908470440067,97.53474255871488,-3.56,0.77,2.0,2.7
1.759687229145724E9,42.2828672,-71.8855232,2105.1837270341184,92.50301445593514,97.03210058972078,-1.58,2.1,2.0,2.7
1.7596872297509952E9,42.2828544,-71.885152,2103.540026246717,91.94558085455125,96.76204441811707,-2.95,1.68,2.0,2.7
1.759687231351815E9,42.2828448,-71.884192,2095.337926509184,90.84252426074042,96.50287379070555,-2.13,1.1,2.0,2.7
1.759687231945807E9,42.282832,-71.8838336,2090.4166666666642,90.31144973020979,96.55218228514644,-2.52,0.34,2.0,2.7
1.759687233361707E9,42.282832,-71.8829888,2083.851706036743,89.26533181276284,97.0252545124876,-0.11,0.44,2.0,2.7
1.759687234150487E9,42.2828416,-71.8825024,2075.6496062992105,89.08371219621071,97.24353622514148,1.8900000000000001,0.86,2.0,2.7
1.75968723536167E9,42.2828512,-71.8817728,2064.1666666666647,89.31535886270181,97.60740016630419,4.75,1.01,2.0,2.7
1.759687236150764E9,42.2828512,-71.88128,2064.1666666666647,89.87487540744073,97.91168043847179,4.42,1.06,2.0,2.7
1.759687237361424E9,42.2828512,-71.8805568,2055.9612860892366,90.55548184294248,98.2465177198401,4.23,1.2,2.0,2.7
1.7596872381507149E9,42.282848,-71.880064,2047.759186351704,90.9750566692287,98.23668692918397,4.01,2.13,2.0,2.7
1.7596872393616009E9,42.2828416,-71.879328,2049.3996062992105,91.47607599934977,98.0995070680481,2.45,1.24,2.0,2.7
1.7596872401506639E9,42.2828224,-71.878848,2044.4750656167955,91.67197948694,97.93370390156807,2.0100000000000002,1.44,2.0,2.7
1.759687241361747E9,42.2828064,-71.878112,2046.1154855643022,91.65318121057071,97.69941280565425,-0.2,1.83,2.0,2.7
1.759687242150698E9,42.2828,-71.8776256,2042.834645669289,91.5419865772922,97.51911538110544,0.8200000000000001,1.75,2.0,2.7
1.759687243361455E9,42.282784,-71.8768896,2044.4750656167955,91.42149667706579,97.16381105954724,0.48,2.5,2.0,2.7
1.759687244150679E9,42.2827712,-71.8764096,2044.4717847769007,91.32073928552548,96.98472892715205,2.59,2.54,2.0,2.7
1.759687245361627E9,42.2827584,-71.8756864,2044.4717847769007,91.43928962788242,96.73678375753937,-0.52,2.56,2.0,2.7
1.759687246150722E9,42.2827488,-71.8752,2047.7526246719137,91.38424401477559,96.55949626557687,0.6,2.8000000000000003,2.0,2.7
1.7596872473615952E9,42.2827328,-71.8744832,2054.31430446194,91.07352084349982,96.48993820170062,1.19,2.8000000000000003,2.0,2.7
1.759687248151151E9,42.2827296,-71.8740032,2055.9514435695514,90.80871913980288,96.40485136817628,-1.37,1.71,2.0,2.7
1.759687249550694E9,42.2827232,-71.873152,2059.2322834645647,90.51917831467834,96.535280527136,3.15,2.59,2.0,2.7
1.759687250350704E9,42.2827232,-71.872672,2064.1535433070844,90.50794846906895,96.47679330304418,1.97,2.74,2.0,2.7
1.759687251550704E9,42.2827136,-71.8719488,2072.3523622047223,91.08593634972655,96.41256451977468,0.52,2.56,2.0,2.7
1.759687252350666E9,42.2827008,-71.8714752,2077.273622047242,91.17904450319566,96.35733407141493,2.2800000000000002,2.61,2.0,2.7
1.75968725355063E9,42.2826944,-71.870752,2093.6778215223076,91.20824939253242,95.87228825334398,1.53,3.58,2.0,2.7
1.7596872543506E9,42.282688,-71.870272,2100.2395013123337,91.2134155162133,95.46417206020175,1.54,4.0200000000000005,2.0,2.7
1.7596872555505981E9,42.2826752,-71.869568,2108.4383202099716,90.96325841023373,94.81469488201371,-1.08,3.7600000000000002,1.9,2.7
1.759687256350668E9,42.2826688,-71.869088,2110.078740157478,90.7098019622215,94.14761306910185,-0.47000000000000003,3.52,1.9,2.7
1.7596872575506349E9,42.282672,-71.8683904,2131.4041994750637,90.49164280126408,92.88030909431664,1.6500000000000001,3.86,2.0,2.7
1.7596872583506842E9,42.2826688,-71.8679296,2137.9625984251943,90.62840351609947,92.16321040255069,3.5100000000000002,3.35,2.0,2.7
1.759687259550568E9,42.2826624,-71.8672384,2147.8051181102337,90.91092249261098,91.7027339872846,4.44,-0.74,2.0,2.7
1.75968726035064E9,42.2826496,-71.866784,2144.524278215221,91.34631822452828,91.83312652428847,2.98,-1.44,2.0,2.7
1.7596872615645518E9,42.28264,-71.8661056,2139.603018372701,91.92801689211937,92.44326221932035,2.98,-2.34,2.0,2.7
1.759687262350549E9,42.2826304,-71.8656384,2137.9593175852997,91.77159306576824,93.05743929725402,0.51,-3.89,2.0,2.7
1.759687263550602E9,42.2826048,-71.8649472,2121.5551181102337,92.03275669028973,94.25801949874945,4.17,-3.71,2.0,2.7
1.759687264350523E9,42.282592,-71.8644608,2108.4317585301815,92.24183411783214,94.91281690019761,4.13,-2.97,2.0,2.7
1.759687265550597E9,42.2825664,-71.8637568,2110.072178477688,92.81080413528196,95.92750451639952,-0.06,-2.74,2.0,2.7
1.7596872669505901E9,42.2825312,-71.8629248,2106.78805774278,92.70642851641715,95.9190846524809,2.04,1.1400000000000001,2.0,2.7
1.759687267550636E9,42.2825216,-71.8625536,2106.78805774278,92.85832868542045,95.50326575297045,2.41,1.83,2.0,2.7
1.759687268950593E9,42.2824832,-71.861728,2111.7093175852997,93.3497883548202,94.14573678039433,2.57,1.44,2.0,2.7
1.759687269550601E9,42.2824704,-71.861376,2114.9901574803125,93.36925551133437,93.60239566679618,0.73,-0.55,2.0,2.7
1.759687270950589E9,42.2824352,-71.860576,2106.784776902885,93.53543641504666,91.72965075549325,0.56,-0.91,2.0,2.7
1.759687271550651E9,42.2824256,-71.8602304,2103.503937007872,93.59008297872526,90.95603147683795,-0.06,-0.63,2.0,2.7
1.759687272950845E9,42.2823904,-71.8594432,2098.5826771653524,92.62297273877817,89.1992854052898,-4.43,-1.1400000000000001,2.0,2.7
1.759687273750617E9,42.2823744,-71.8590016,2093.6614173228327,92.11783112171695,88.36921653128358,-0.41000000000000003,-1.22,2.0,2.7
1.7596872743616009E9,42.282368,-71.8586752,2096.938976377951,91.8888840449774,87.87064036594847,1.73,-1.53,2.0,2.7
1.759687275751265E9,42.282352,-71.8579072,2080.534776902885,91.51046607008578,87.01727711463819,0.48,-2.5,2.0,2.7
1.7596872763615289E9,42.282352,-71.8575872,2080.534776902885,91.50136017643062,86.80301722602692,1.1300000000000001,-2.85,2.0,2.7
1.759687277950501E9,42.2823296,-71.8567168,2062.490157480313,91.83040063524882,87.63434784736593,1.8,-2.27,2.0,2.7
1.75968727855056E9,42.2823168,-71.8563904,2059.2060367454046,91.65936499067635,87.93752457308945,1.75,-0.99,2.0,2.7
1.75968727995052E9,42.2822944,-71.8556288,2042.8018372703389,92.1523009621245,88.50736374572926,6.29,0.16,2.0,2.7
1.759687280545505E9,42.2822944,-71.8553024,2036.2401574803127,92.43878542135374,88.62238587701563,3.24,-0.48,2.0,2.7
1.759687281950645E9,42.2822688,-71.8545216,2028.03805774278,93.15543559201575,88.63762491534537,1.37,0.46,2.0,2.7
1.75968728254544E9,42.282256,-71.8541952,2028.034776902885,93.36055129290047,88.53885822624854,1.92,0.24,2.0,2.7
1.759687284145539E9,42.2822144,-71.8532992,2021.4730971128588,92.67472021067469,88.30786891907339,-1.83,-1.08,2.0,2.7
1.759687284750448E9,42.2822048,-71.8529792,2011.6305774278194,92.48735982408772,88.23648224738076,-0.92,-0.67,2.0,2.7
1.759687286145484E9,42.2821856,-71.8522048,1995.2263779527536,91.98924938792594,88.47880691790802,-0.14,-1.25,2.0,2.7
1.759687287356436E9,42.2821632,-71.8515392,1993.5826771653522,91.47972827639752,88.82443711863424,0.9500000000000001,-1.96,2.0,2.7
1.7596872881454391E9,42.2821632,-71.851104,1985.3805774278194,91.33949550837187,88.97463771113203,1.98,-0.93,2.0,2.7
1.759687289356667E9,42.282144,-71.8504384,1970.6167979002605,91.61336287544624,89.06338452324216,4.17,-0.22,2.0,2.7
1.759687290145626E9,42.2821312,-71.8499968,1955.8530183727014,92.02842984392748,88.96719496854469,3.6,-0.27,2.0,2.7
1.7596872909455462E9,42.2821248,-71.8495552,1950.9284776902869,92.66066918136877,88.77388601853988,3.1,0.21,2.0,2.7
1.759687292350579E9,42.282096,-71.8487808,1944.3667979002605,93.3479936430182,88.53772088937036,1.93,0.04,2.0,2.7
1.75968729295054E9,42.2820832,-71.848448,1946.0072178477672,93.21336461039101,88.42845134901289,0.11,-0.19,2.0,2.7
1.759687294351645E9,42.2820448,-71.84768,1947.6476377952736,93.96791813798691,87.64421246495611,4.38,2.59,2.0,2.7
1.7596872949454842E9,42.282032,-71.8473536,1942.723097112859,94.35940784434483,86.94701458483584,1.93,3.25,2.0,2.7
1.759687296350754E9,42.2819872,-71.8465984,1942.723097112859,94.69208569924464,85.30965662653524,1.76,1.73,2.0,2.7
1.7596872975503678E9,42.2819392,-71.8459648,1939.442257217846,94.87991577590296,84.31859888219019,1.29,1.19,2.0,2.7
1.759687298350419E9,42.2819104,-71.8455424,1936.1614173228327,95.13073357342495,83.90205008415941,2.35,1.16,2.0,2.7
1.759687299750451E9,42.2818592,-71.8448192,1924.6751968503916,95.51901335961956,83.87694605415578,8.11,-0.51,2.0,2.7
1.759687300361393E9,42.2818368,-71.8444992,1926.3156167978982,96.35041922142518,84.1795922834346,12.17,-0.55,2.0,2.7
1.759687301150341E9,42.2817952,-71.844096,1916.4730971128588,98.82329789254281,84.52728586871967,17.14,0.6,2.0,2.7
1.7596873023614101E9,42.2817088,-71.8434688,1918.1135170603652,104.42952826050059,84.4813913656236,21.63,2.7800000000000002,2.0,2.7
1.7596873031504421E9,42.2816192,-71.8430656,1914.8326771653522,108.6939771245321,84.30049042698559,22.89,2.77,2.0,2.7
1.759687304550359E9,42.2814016,-71.8423872,1909.9114173228324,116.57100831778361,83.61059052764949,25.41,2.5500000000000003,2.0,2.7
1.759687305350524E9,42.2812544,-71.842016,1918.1135170603652,122.2732642545741,83.29339162990262,27.2,1.84,2.0,2.7
1.759687306550477E9,42.2809856,-71.8415168,1924.6751968503916,129.855806222877,82.3208318960039,28.240000000000002,2.89,2.0,2.7
1.759687307351015E9,42.2807744,-71.841216,1918.1135170603652,135.4432481128401,81.73054987851475,27.87,1.33,2.0,2.7
1.759687308550393E9,42.2804288,-71.8408128,1914.8326771653522,143.55045801647952,81.07604796088455,24.17,-0.12,2.0,2.7
1.7596873093501968E9,42.2801792,-71.8406016,1916.4730971128588,148.44221953547589,80.70905291185204,21.19,-0.27,2.0,2.7
1.759687310571101E9,42.2797824,-71.8403136,1923.0380577427802,155.0428729050626,79.93009361079223,20.26,0.73,2.0,2.7
1.759687311386874E9,42.279504,-71.8401664,1918.1167979002605,159.07549825507886,79.2478483712857,20.43,1.72,2.0,2.7
1.7596873120003839E9,42.2792928,-71.840064,1918.1167979002605,162.42108494063638,78.58556512002197,21.830000000000002,2.35,2.0,2.7
1.759687313383373E9,42.2788032,-71.8399104,1914.8392388451425,170.63792024320432,76.71514712744828,21.42,3.25,2.0,2.7
1.759687313997062E9,42.2785824,-71.8398848,1916.479658792649,173.964139644968,75.97843865490941,19.82,3.41,2.0,2.7
1.75968731538211E9,42.2780928,-71.8398592,1914.8425196850374,180.8993889080685,74.3028905274629,14.88,2.63,2.0,2.7
1.759687315994839E9,42.277888,-71.839872,1914.8425196850374,183.52261341246495,73.71378684878603,13.47,2.34,2.0,2.7
1.75968731735034E9,42.2774112,-71.8399488,1916.482939632544,187.63018980173285,72.46669465477514,4.6000000000000005,1.07,2.0,2.7
1.759687318000135E9,42.2772064,-71.8399872,1918.1266404199455,188.7167430023127,71.95639189753939,2.9,1.26,2.0,2.7
1.759687319374058E9,42.276752,-71.8401024,1916.4862204724388,189.51120279473656,71.17058437749152,0.31,-1.04,2.0,2.7
1.7596873199878979E9,42.2765504,-71.8401472,1905.0065616797879,189.28965193068822,71.04625033902184,2.17,-1.24,2.0,2.7
1.759687320602135E9,42.2763584,-71.8401856,1903.3661417322812,189.07110783559887,71.14026019013573,2.7800000000000002,-1.98,2.0,2.7
1.7596873219879022E9,42.2759008,-71.8403008,1895.1640419947485,189.42662231887263,71.80331322563009,5.53,-2.57,2.0,2.7
1.759687322598876E9,42.2757088,-71.840352,1893.5269028871373,189.74103295117933,72.26432940073195,4.5,-2.63,2.0,2.7
1.7596873239812741E9,42.2752352,-71.8404608,1870.5610236220455,190.6280132516152,73.6720292895602,1.97,-4.01,2.0,2.7
1.759687324595813E9,42.2750336,-71.8405056,1860.721784776901,190.83059180922828,74.2755494198905,1.79,-3.7800000000000002,2.0,2.7
1.759687325979306E9,42.2745568,-71.84064,1841.0367454068223,190.85661141967583,75.64770720411263,1.16,-3.48,1.9,2.7
1.7596873265934482E9,42.2743584,-71.8406912,1837.7559055118093,190.79180839679464,76.30415650536925,0.5700000000000001,-3.7,1.9,2.7
1.7596873279764981E9,42.2738528,-71.8408128,1811.5124671915992,190.24578926422583,77.59150334919694,-2.32,-3.21,2.0,2.7
1.759687328589387E9,42.2736512,-71.8408576,1804.9507874015728,188.4982336955809,77.87009971948629,-8.370000000000001,-4.89,1.9,2.7
1.759687329973785E9,42.2731392,-71.8409216,1793.4711286089218,181.16105062078563,78.66409866903767,-15.27,-4.7700000000000005,1.9,2.7
1.7596873305874119E9,42.2729248,-71.8409216,1783.6286089238827,179.69128215751127,79.36832263777596,-8.07,-1.86,1.9,2.7
1.759687331970251E9,42.2724032,-71.840928,1772.1489501312317,181.90216434745466,79.644318848578,10.68,-1.34,1.9,2.7
1.759687332583462E9,42.2721856,-71.8409344,1768.8681102362184,182.88817429146047,79.85737600696544,7.82,-1.36,2.0,2.7
1.7596873339675322E9,42.2716672,-71.8409728,1768.8713910761137,183.50836891676835,79.73041853327331,-0.84,-3.7600000000000002,1.9,2.7
1.759687334581219E9,42.27144,-71.8409856,1757.3884514435679,183.5963980596997,79.64063959206766,1.75,-4.0600000000000005,1.9,2.7
1.759687335398934E9,42.271152,-71.8410112,1759.0288713910745,183.72712854393302,79.24319705818219,3.5300000000000002,-1.6500000000000001,1.9,2.7
1.759687336578971E9,42.2707136,-71.8410496,1745.908792650917,184.1067135365088,78.98682386784927,2.29,-3.7,1.9,2.7
1.75968733796586E9,42.2702016,-71.8411008,1729.5078740157462,184.7495291403813,78.64586534729821,4.86,-3.71,1.9,2.7
1.759687338575314E9,42.269984,-71.8411328,1719.6653543307068,185.0395516109617,78.77753263513875,5.36,-4.43,1.9,2.7
1.759687339392572E9,42.269696,-71.8411648,1714.744094488187,185.70918931088372,78.94233921854735,6.84,-4.16,1.9,2.7
1.7596873405733042E9,42.2692512,-71.8412416,1703.2644356955361,188.0381797956912,78.81975173790455,12.030000000000001,-3.21,2.0,2.7
1.7596873413904428E9,42.2689728,-71.8412992,1699.983595800523,190.03777393514858,77.95568214729765,14.97,-0.75,2.0,2.7
1.759687342570424E9,42.2685504,-71.8414208,1693.4251968503918,195.38299643945348,75.62285846356998,18.19,1.56,2.0,2.7
1.759687343387816E9,42.2682848,-71.8415296,1688.503937007872,199.19018066543202,73.68405547246316,19.54,2.07,2.0,2.7
1.759687344565366E9,42.2679168,-71.8417344,1677.0242782152213,205.2848330495987,70.81458292375832,19.71,1.57,2.0,2.7
1.7596873453837729E9,42.2676896,-71.8418944,1675.3838582677147,209.37613637212667,69.30684779478786,18.26,0.28,2.0,2.7
1.759687346562398E9,42.26736,-71.8421696,1663.904199475064,215.11666145556603,67.3468621550715,16.66,-0.59,2.0,2.7
1.759687347350081E9,42.2671648,-71.8423744,1652.4212598425179,218.54739709572334,66.53521016066259,14.48,-1.29,2.0,2.7
1.759687347993626E9,42.2670304,-71.842528,1649.1404199475048,221.16368239963674,65.9453504779053,13.96,-1.49,2.0,2.7
1.75968734937683E9,42.2667232,-71.8429312,1622.896981627295,226.36421486820024,65.23878333901294,11.07,-3.0700000000000003,2.0,2.7
1.759687349991002E9,42.2666048,-71.8431168,1616.3353018372686,228.52275378466794,65.09588093398358,10.15,-3.21,2.0,2.7
1.759687351374131E9,42.2663392,-71.8435648,1588.451443569552,232.97631148710536,65.17734054111082,12.4,-3.12,2.0,2.7
1.759687351987911E9,42.2662272,-71.843776,1575.3280839894996,234.94375471788948,65.34979970003882,12.22,-3.47,2.0,2.7
1.759687352602261E9,42.2661312,-71.8439744,1565.4855643044605,237.0671220549084,65.6819990756844,12.950000000000001,-4.28,2.0,2.7
1.7596873539847832E9,42.2659136,-71.8444672,1540.879265091862,242.736986559642,66.3683308917537,16.19,-4.64,2.0,2.7
1.75968735459888E9,42.2658432,-71.8446976,1535.9612860892373,245.73121894369172,66.82564465052978,15.81,-4.47,2.0,2.7
1.759687355981627E9,42.2656864,-71.8452544,1501.5124671915994,252.0182985181863,68.38110066871256,13.08,-6.3500000000000005,2.0,2.7
1.759687356596006E9,42.2656352,-71.8454976,1496.5912073490797,254.41369550852684,69.01747356071014,12.47,-6.93,2.0,2.7
1.75968735797818E9,42.265536,-71.8460928,1471.9881889763763,259.4647901525036,70.48626179495493,10.63,-6.19,2.0,2.7
1.759687358592581E9,42.265504,-71.8463616,1457.2244094488174,261.27292638790374,70.97507562539256,9.290000000000001,-5.0600000000000005,2.0,2.7
1.75968735997523E9,42.265456,-71.846976,1437.5393700787386,264.5722545897793,71.30893033410905,6.78,-3.5,2.0,2.7
1.75968736058937E9,42.2654368,-71.8472448,1432.6181102362189,265.873211274461,71.3101596496028,6.86,-3.7800000000000002,2.0,2.7
1.7596873619727778E9,42.2654144,-71.8478784,1406.374671916009,268.3531215871532,71.0185360135986,5.47,-3.34,2.0,2.7
1.759687362586237E9,42.2654112,-71.8481344,1401.4534120734893,269.10384382238794,70.84235836993304,3.71,-3.0100000000000002,2.0,2.7
1.759687363969081E9,42.2654144,-71.8487552,1383.4087926509171,269.90432108056564,69.84242990720968,-1.22,-2.7600000000000002,2.0,2.7
1.759687364583228E9,42.2654144,-71.849024,1376.847112860891,269.83937306025007,69.33720543386357,-3.58,-3.18,2.0,2.7
1.759687365967902E9,42.2654112,-71.8496192,1365.364173228345,267.9774753199568,67.74630752030427,-3.33,-4.5600000000000005,2.0,2.7
1.759687366581746E9,42.2654048,-71.8498624,1360.4461942257203,267.35694714709655,67.44539834460852,0.79,-5.03,2.0,2.7
1.759687367963543E9,42.2653888,-71.8504576,1350.603674540681,267.7047038431654,66.49395366695491,9.15,-2.68,2.0,2.7
1.7596873685783439E9,42.2653824,-71.8507008,1339.120734908135,268.87505160265727,66.33675986765968,9.700000000000001,-3.0700000000000003,2.0,2.7
1.759687369962127E9,42.2653824,-71.8512704,1322.7165354330693,271.8142685807498,65.69599981478599,6.34,-4.05,1.9,2.7
1.7596873705734591E9,42.2653952,-71.8515264,1317.7952755905499,272.6048806494501,65.4391082989067,4.0600000000000005,-4.03,2.0,2.7
1.759687371392587E9,42.265408,-71.8518528,1309.5964566929122,273.57421238768256,65.479416551395,3.2,-4.97,2.0,2.7
1.7596873725714579E9,42.2654336,-71.8523392,1296.4730971128597,274.2186751731024,65.0033368536897,4.57,-5.0200000000000005,2.0,2.7
1.759687373390664E9,42.2654496,-71.8526592,1288.2709973753267,274.6368498051844,64.92307028666048,3.18,-4.47,2.0,2.7
1.7596873743635159E9,42.265472,-71.853056,1266.9455380577415,274.642839655698,65.07964064323293,-0.77,-5.83,2.0,2.7
1.759687375590857E9,42.265504,-71.8535488,1257.103018372702,274.16335203900337,65.33006561418566,-0.38,-5.51,2.0,2.7
1.759687376359488E9,42.2655168,-71.8538752,1247.260498687663,273.7372890504046,65.60820429040963,0.52,-5.7,2.0,2.7
1.759687377587521E9,42.265536,-71.8543616,1235.780839895012,273.2033216230633,65.74635537518431,-2.9,-5.18,2.0,2.7
1.759687378358769E9,42.2655488,-71.8546816,1229.2191601049856,272.1604431689382,66.00155870195978,-2.6,-5.5600000000000005,2.0,2.7
1.7596873799941459E9,42.265568,-71.8553472,1222.6574803149592,271.76938637078194,66.10279197792538,5.26,-4.08,2.0,2.7
1.759687380560363E9,42.2655744,-71.8555904,1216.095800524933,272.14610819448905,65.92312946570463,2.63,-3.86,2.0,2.7
1.759687381377778E9,42.2655872,-71.8559296,1209.5341207349068,272.83962461167255,65.9189537729998,5.59,-4.84,2.0,2.7
1.7596873821956968E9,42.2655904,-71.856256,1198.051181102361,273.8742735064678,66.45640718868937,7.75,-4.9,2.0,2.7
1.759687383378288E9,42.2656256,-71.8567552,1181.6502624671903,275.73860176914604,67.26366236728965,5.05,-4.82,2.0,2.7
1.759687384192615E9,42.2656512,-71.8570944,1171.8077427821509,275.99270754626303,67.95885505171954,1.47,-4.62,2.0,2.7
1.759687385370946E9,42.2656928,-71.8576,1163.605643044618,275.80563496978505,68.79563344633318,-0.62,-3.7800000000000002,2.0,2.7
1.759687386189577E9,42.2657152,-71.8579392,1150.4822834645656,275.0286862605859,68.74625003034896,-2.11,-4.38,2.0,2.7
1.759687387361054E9,42.2657504,-71.8584512,1145.561023622046,274.07983131444604,68.57767103729093,0.46,-3.87,2.0,2.7
1.759687388186363E9,42.2657696,-71.8587904,1143.9206036745393,273.67196119755704,68.29138464267828,-0.84,-2.6,2.0,2.7
1.759687388800579E9,42.2657856,-71.85904,1135.7185039370065,273.22429257227515,68.08401834386288,-0.08,-2.73,2.0,2.7
1.7596873901832871E9,42.2657952,-71.8596352,1135.7217847769018,272.61600507861016,67.71635824134414,1.86,-2.58,2.0,2.7
1.7596873907976089E9,42.2658112,-71.8598848,1137.3622047244082,272.5561500785783,67.55750076552984,4.23,-2.7,2.0,2.7
1.7596873914348888E9,42.2658144,-71.8601408,1132.4409448818885,272.80929904298455,67.02655702516903,5.8100000000000005,-1.05,2.0,2.7
1.759687392180553E9,42.2658304,-71.8604736,1124.2388451443558,273.0154277410145,66.51326006296394,2.33,-2.16,2.0,2.7
1.7596873934088678E9,42.2658496,-71.8609664,1120.9580052493427,273.8951218553804,65.81509539745349,4.42,-2.45,2.0,2.7
1.7596873947912312E9,42.2658816,-71.861536,1107.837926509185,274.6926080307238,65.10376015136777,2.62,-1.58,1.9,2.7
1.759687395561016E9,42.2658944,-71.8618624,1091.4337270341196,274.174894854627,64.88275126412806,-1.56,-3.47,1.9,2.7
1.759687396379482E9,42.2659136,-71.8621824,1086.5124671915999,273.9837173459681,64.6334869808985,0.48,-3.49,1.9,2.7
1.7596873969928432E9,42.2659264,-71.8624192,1083.2316272965868,274.19246365025873,64.61133819942401,5.86,-3.0300000000000002,1.9,2.7
1.7596873983753638E9,42.2659616,-71.8629824,1076.6699475065604,273.8589333038553,64.40952989959722,-1.04,-3.0500000000000003,1.9,2.7
1.7596873989897141E9,42.2659648,-71.8632256,1063.546587926508,272.75807727018184,65.03862276100253,-1.44,-4.86,1.9,2.7
1.759687400372474E9,42.2659904,-71.8637824,1050.4232283464555,272.4137294996797,65.07933872993613,0.22,-2.35,2.0,2.7
1.759687400986826E9,42.2659936,-71.8640384,1047.1456692913375,272.79145126599997,65.05992044050294,3.22,-1.71,1.9,2.7
1.7596874016006641E9,42.2660032,-71.8642816,1035.6627296587917,273.03077845392113,65.07374146821122,1.23,-2.54,1.9,2.7
1.759687402983211E9,42.2660256,-71.8648384,1029.1010498687654,273.46458190386676,64.65380187187002,2.0300000000000002,-1.9100000000000001,1.9,2.7
1.759687403597394E9,42.2660416,-71.865088,1025.8202099737523,273.9451862290376,64.41614394480705,1.8900000000000001,-1.6300000000000001,2.0,2.7
1.759687404980094E9,42.2660736,-71.8656448,1007.7755905511801,275.0173857338165,63.78870155220086,0.09,-2.15,2.0,2.7
1.7596874055944052E9,42.2660896,-71.8658752,1011.0564304461932,275.02851187222427,63.20438382457659,-2.2,-1.02,1.9,2.7
1.759687406977436E9,42.2661248,-71.866432,1004.4980314960619,274.0366493443227,61.578247578922095,-2.25,1.1400000000000001,1.9,2.7
1.759687407591312E9,42.2661312,-71.866656,994.6555118110225,273.46545789269896,60.778524831974096,-1.1500000000000001,1.93,1.9,2.7
1.759687408950069E9,42.26616,-71.8671808,999.5767716535422,273.1238586643361,58.49945332874815,0.02,1.62,1.9,2.7
1.759687409588152E9,42.2661664,-71.8673856,1002.8576115485554,273.1733933561653,57.58722550059444,1.41,2.5100000000000002,2.0,2.7
1.759687410972146E9,42.2661888,-71.8678912,997.9363517060357,273.9410392191762,55.43345892847288,1.1300000000000001,2.86,2.0,2.7
1.7596874115853581E9,42.2662016,-71.868096,1001.2171916010487,274.2809905921596,54.42398353262096,0.9,1.6,1.9,2.7
1.7596874129500709E9,42.266224,-71.8685632,1004.4980314960619,273.03508765466006,52.49912656626608,0.99,0.97,1.9,2.7
1.759687413582103E9,42.2662272,-71.8687488,997.9396325459307,273.2907227306591,51.81113199904196,0.9,0.6,1.9,2.7
1.759687414400597E9,42.2662432,-71.8690112,999.5800524934374,273.73993098805244,50.959495117341376,0.8300000000000001,0.3,1.9,2.7
1.7596874155792289E9,42.2662624,-71.8693824,1002.8608923884505,273.9467278679096,49.70535033005996,0.56,0.02,1.9,2.7
1.759687416397656E9,42.2662784,-71.869632,1004.501312335957,274.3552533843231,49.146236040218255,1.23,0.76,1.9,2.7
1.759687417577255E9,42.2662976,-71.8699776,1002.8608923884505,274.48189914363945,48.2577198206964,1.3900000000000001,0.62,2.0,2.7
1.7596874189607081E9,42.2663232,-71.8704064,1004.501312335957,274.2546106458672,47.42442781247648,2.38,0.71,1.9,2.7
1.759687419573725E9,42.2663296,-71.8705728,1002.8608923884505,273.8689573343487,47.245903105305366,2.2,0.59,1.9,2.7
1.759687420391464E9,42.2663456,-71.870816,1004.501312335957,274.14939061484193,47.28160283482791,1.82,0.18,1.9,2.7
1.759687421570411E9,42.2663584,-71.871168,1007.7854330708651,273.7363660620258,48.621705942329484,1.6600000000000001,0.47000000000000003,1.9,2.7
1.759687422388092E9,42.266368,-71.8714112,991.3812335957995,273.39773991759716,50.18108249320578,1.17,1.09,1.9,2.7
1.7596874235675669E9,42.2663808,-71.8718016,994.6620734908126,273.1194711434958,53.22357319714737,0.89,0.99,1.9,2.7
1.759687424385361E9,42.2664,-71.872064,996.3024934383192,273.4609301235989,55.383946801639716,0.53,0.9400000000000001,1.9,2.7
1.7596874255646958E9,42.266416,-71.8724928,997.9429133858257,273.9693407275495,58.689378094580455,0.25,0.8300000000000001,1.9,2.7
1.759687426382262E9,42.2664352,-71.8727872,994.6620734908126,274.1862548219814,60.71273633495459,-0.06,1.3,1.9,2.7
1.759687427561507E9,42.2664512,-71.8732544,994.6620734908126,273.8548381627711,63.6104361149035,-0.04,2.2,1.9,2.7
1.759687428379513E9,42.2664768,-71.8735744,997.9461942257207,273.6623432827709,65.42735113826197,-0.64,3.91,1.9,2.7
1.759687429559482E9,42.2664992,-71.8740864,1002.8674540682404,273.59174033118677,67.64258474276906,-1.16,4.58,1.9,2.7
1.759687430375133E9,42.2665184,-71.8744128,1004.5078740157469,273.4093360204901,68.64200425258396,-1.25,5.49,1.9,2.7
1.759687431556164E9,42.2665344,-71.8749376,1009.4291338582666,272.98677562651426,69.76215228336373,-1.16,6.16,1.9,2.7
1.759687432373831E9,42.2665472,-71.8752896,1020.9120734908125,272.9145900406708,70.34153074636642,0.06,7.03,1.9,2.7
1.759687433600656E9,42.2665696,-71.8758144,1027.4737532808388,273.20070670101836,71.0222363153451,0.01,7.03,1.9,2.7
1.759687434371299E9,42.2665824,-71.8761728,1038.9599737532799,273.3765523094376,71.28790151824322,1.03,8.120000000000001,1.9,2.7
1.7596874349835858E9,42.2666016,-71.8764416,1048.802493438319,273.89590369633584,71.52381281965697,1.79,7.78,1.9,2.7
1.759687436369053E9,42.2666336,-71.8770752,1065.2066929133848,274.60965564396986,72.0776383585285,-2.48,7.5600000000000005,1.9,2.7
1.75968743718653E9,42.2666496,-71.8774272,1070.1279527559045,274.5997423528301,72.23264398620982,-0.66,7.62,1.9,2.7
1.759687437799275E9,42.2666688,-71.877696,1079.9704724409437,274.68439093076813,72.35833111581722,-0.67,7.44,1.9,2.7
1.7596874391834822E9,42.2667136,-71.878336,1096.3746719160094,274.57878456212904,73.04955179288174,0.13,7.47,1.9,2.7
1.759687439796152E9,42.26672,-71.8785984,1096.3779527559043,274.67796770657816,73.41085125713586,1.75,7.54,1.9,2.7
1.759687441179179E9,42.2667616,-71.8792448,1111.1417322834634,274.8896814702283,74.11638668605255,-3.14,6.49,1.9,2.7
1.759687441792645E9,42.2667808,-71.8795136,1111.1417322834634,274.9229898757823,74.29567920970052,-0.29,7.01,1.9,2.7
1.759687443177453E9,42.2668224,-71.8801664,1129.1863517060356,274.63466652324036,75.29804741868364,-0.77,6.1000000000000005,1.9,2.7
1.7596874437902498E9,42.2668352,-71.8804544,1130.826771653542,274.8798105434657,75.637009857873,0.49,6.87,1.9,2.7
1.759687444405374E9,42.266848,-71.880736,1135.7480314960617,275.04030121440053,75.88956599080257,-0.59,7.140000000000001,1.9,2.7
1.7596874457866259E9,42.2669056,-71.8814016,1150.5150918635159,275.05441921296506,76.3400471094604,0.6,7.2700000000000005,1.9,2.7
1.759687446401547E9,42.2669184,-71.8816896,1160.3576115485553,275.3830183169094,76.45814492313973,-0.6,7.54,1.9,2.7
1.759687447783732E9,42.26696,-71.8823616,1175.1213910761144,275.49987303979503,76.25818871252493,-3.19,7.49,1.9,2.7
1.759687448398686E9,42.2669856,-71.8826368,1189.8851706036733,274.8484345371935,76.355290373476,-6.17,5.78,1.9,2.7
1.759687449781034E9,42.2670304,-71.8833152,1198.0872703412062,273.4629950946314,77.23390011563203,-2.33,4.66,1.9,2.7
1.7596874503958821E9,42.26704,-71.8836032,1204.6522309711274,273.238621076296,77.76134078742125,-0.17,6.09,1.9,2.7
1.759687451777794E9,42.2670752,-71.8842752,1225.9776902887127,272.9371191960206,78.90711030466709,-0.22,5.66,1.9,2.7
1.759687452392884E9,42.2670784,-71.884576,1230.8989501312324,273.4983833648556,79.32059838305854,0.7000000000000001,6.4,1.9,2.7
1.759687453774946E9,42.267104,-71.8852672,1252.2244094488176,273.92343384606096,79.261352559221,-1.51,8.13,1.9,2.7
1.759687454390084E9,42.2671232,-71.885568,1260.4265091863504,274.30462014827566,78.98739552378679,-2.33,7.66,1.9,2.7
1.759687455771785E9,42.2671616,-71.8862464,1278.4744094488174,274.4379400757607,78.37754539302139,-0.06,8.34,1.9,2.7
1.75968745638697E9,42.2671776,-71.8865344,1288.3169291338568,274.3495338198549,78.17330789323451,-2.39,6.43,1.9,2.7
1.759687457769637E9,42.2672128,-71.8872128,1298.1594488188962,273.7125152884076,78.05364440568648,-1.7,6.6000000000000005,1.9,2.7
1.7596874583833141E9,42.267232,-71.8875136,1309.642388451442,273.5576303483992,78.0012890057614,-0.8200000000000001,7.18,1.9,2.7
1.759687459765975E9,42.267264,-71.8881856,1326.0465879265078,273.1624548392058,78.22279484165553,-2.83,5.76,1.9,2.7
1.7596874603803492E9,42.2672736,-71.88848,1330.9711286089225,272.72698630924765,78.4452045434463,-0.78,6.19,1.9,2.7
1.75968746119769E9,42.2672896,-71.8888768,1332.6115485564292,272.5448043798131,78.80341726554795,1.42,7.08,1.9,2.7
1.759687462377969E9,42.2673088,-71.8894592,1353.9370078740144,272.95923032967806,78.6945701796531,-0.34,7.47,1.9,2.7
1.759687463194296E9,42.2673216,-71.889856,1355.5774278215208,273.3190117874378,78.56590684234165,0.29,7.6000000000000005,1.9,2.7
1.7596874643739161E9,42.2673504,-71.8904448,1376.9028871391063,273.36896342757063,78.39466025810174,-2.88,6.61,1.9,2.7
1.7596874657591128E9,42.267376,-71.8911232,1398.2316272965863,273.01278750418334,78.77626875827202,-1.18,5.38,1.9,2.7
1.759687466372525E9,42.267392,-71.8914176,1408.0741469816257,272.83634280131037,78.95849899505119,-0.1,6.44,1.9,2.7
1.75968746718799E9,42.2673952,-71.8918144,1414.635826771652,272.91871071440534,79.02259581824589,2.08,7.57,1.9,2.7
1.759687468368726E9,42.267424,-71.8924032,1431.0400262467176,273.6968328279226,78.9872520122249,1.2,7.140000000000001,1.9,2.7
1.7596874691863189E9,42.2674496,-71.8928,1437.6017060367437,273.99713381858516,78.91766602686458,0.93,7.4,1.9,2.7
1.759687469799305E9,42.267472,-71.893088,1450.7283464566915,274.11785125580917,78.77355147425904,0.22,7.3500000000000005,1.9,2.7
1.75968747118438E9,42.2675072,-71.8937728,1465.4921259842504,274.26577886202415,78.39861005323927,-1.75,7.61,1.9,2.7
1.759687471796146E9,42.2675168,-71.8940672,1472.0538057742767,273.9809902622858,78.11721155136041,-1.69,7.61,1.9,2.7
1.759687473180602E9,42.2675488,-71.894752,1480.2559055118095,274.1726767998265,77.473177431656,1.54,7.6000000000000005,1.9,2.7
1.759687473792704E9,42.2675744,-71.8950272,1493.379265091862,274.43622714368075,77.40252073779986,0.12,6.76,1.9,2.7
1.759687475178505E9,42.2676128,-71.8957056,1504.8654855643028,274.31386522118845,77.52633056726117,-0.35000000000000003,6.1000000000000005,1.9,2.7
1.7596874757906442E9,42.2676224,-71.8959936,1506.5059055118095,274.4416581832139,77.55906630443049,0.18,7.17,1.9,2.7
1.7596874764040809E9,42.2676416,-71.8962752,1514.7080052493422,274.61457401918,77.5581041157189,1.05,7.03,1.9,2.7
1.759687477788087E9,42.2676896,-71.89696,1531.1122047244078,275.09706447299766,77.67215603358453,-0.03,7.13,1.9,2.7
1.759687478401633E9,42.2676992,-71.897248,1534.3930446194208,275.05674264753054,77.62827117627296,-1.06,6.92,1.9,2.7
1.759687479784624E9,42.2677472,-71.8979264,1549.160104986875,274.91702616995326,77.78734740801808,-0.67,6.61,1.9,2.7
1.7596874803988972E9,42.2677568,-71.8982144,1550.8005249343817,274.6971181749904,77.85976352356707,-0.52,5.95,1.9,2.7
1.759687481780961E9,42.2677984,-71.8988864,1555.7217847769014,274.71300625259613,78.54419431002147,1.42,6.21,1.9,2.7
1.7596874823958712E9,42.2678176,-71.8991872,1562.2834645669275,274.83994211004244,78.79283185109152,1.96,6.43,1.9,2.7
1.759687483778963E9,42.2678688,-71.899872,1570.4855643044605,275.4370070670171,79.39391233146772,1.85,5.5,1.9,2.7
1.759687484393146E9,42.2678912,-71.9001664,1575.40682414698,275.8371227916812,79.7026731846519,0.38,5.58,1.9,2.7
1.759687485775933E9,42.2679488,-71.9008704,1585.2526246719144,276.1283386421265,80.1165923728325,0.52,6.390000000000001,1.9,2.7
1.759687486390082E9,42.2679712,-71.9011584,1595.0951443569536,275.9318860245319,80.12666573650273,-1.33,5.99,1.9,2.7
1.759687487160131E9,42.2680064,-71.9015552,1603.2972440944866,275.6273608213824,79.88824609446438,-1.68,6.59,1.9,2.7
1.759687487772142E9,42.268032,-71.901856,1613.1397637795258,275.91475874824573,79.7919585041291,3.86,6.83,1.9,2.7
1.7596874891564078E9,42.2680768,-71.9025408,1641.0269028871373,276.29078020896475,79.65240502463602,-3.85,7.58,1.9,2.7
1.759687489768766E9,42.2681088,-71.9028416,1652.5098425196834,276.3510552701599,79.25095942527231,-0.26,9.02,1.9,2.7
1.759687491201098E9,42.2681664,-71.9035264,1680.40026246719,275.989633417466,78.23921914261258,0.15,8.57,1.9,2.7
1.75968749176469E9,42.2681824,-71.9038208,1685.3215223097097,275.8088998615314,77.78386935013602,-0.18,9.21,1.9,2.7
1.759687492585287E9,42.2682112,-71.9042112,1701.7257217847753,276.29089617468946,77.34479061173697,0.7000000000000001,8.06,1.9,2.7
1.759687493968307E9,42.2682656,-71.9048704,1713.208661417321,275.89824083570295,77.36638310264561,-1.57,4.18,1.9,2.7
1.759687494581173E9,42.2682816,-71.9051584,1719.7703412073474,275.89729795950507,77.75708892481916,0.16,3.38,1.9,2.7
1.7596874959656901E9,42.2683264,-71.9058432,1718.1332020997359,276.2891356547621,79.4957039160414,6.37,2.97,1.9,2.7
1.759687496578577E9,42.2683616,-71.9061376,1723.0544619422553,277.0786522144778,80.44686552244406,7.82,2.62,1.9,2.7
1.759687497349891E9,42.2684032,-71.9065344,1721.414041994749,278.2820087868815,81.91257583570598,9.08,1.83,1.9,2.7
1.759687497962263E9,42.2684416,-71.9068352,1723.0544619422553,279.58397850797064,82.77738457881493,9.5,3.52,1.9,2.7
1.7596874993931022E9,42.268544,-71.9075456,1727.975721784775,283.29343156988085,84.3686284547787,11.040000000000001,4.74,1.9,2.7
1.759687499958024E9,42.2686048,-71.9078592,1737.8182414698144,285.1366655029623,84.93823070343682,11.84,4.75,1.9,2.7
1.759687501349942E9,42.268768,-71.908576,1765.705380577426,290.44726074419276,85.0774389727888,14.540000000000001,7.84,1.9,2.7
1.759687501956376E9,42.2688608,-71.908864,1773.9074803149588,292.70370744284276,84.81152116830285,16.92,8.35,1.9,2.7
1.759687503387344E9,42.269088,-71.909536,1809.996719160103,299.3389095853239,83.70866973086642,19.32,9.94,1.9,2.7
1.7596875040012E9,42.2692064,-71.9098048,1818.1988188976359,302.49379255412373,83.15126934313433,18.41,10.08,1.9,2.7
1.759687504771357E9,42.2693856,-71.9101504,1839.524278215221,306.29450084435723,82.45815362562296,18.61,10.25,1.9,2.7
1.7596875061568189E9,42.2697248,-71.910688,1864.1305774278196,312.8559281412999,81.19390966997763,19.26,10.49,1.9,2.7
1.759687506768571E9,42.2698816,-71.910912,1870.6922572178457,316.04410999214895,80.71062593759449,20.11,10.15,1.9,2.7
1.7596875073607922E9,42.2700544,-71.9111168,1887.0964566929115,318.85570474714126,80.53588646331472,19.3,9.06,1.9,2.7
1.759687508199779E9,42.2702784,-71.9113664,1890.3772965879245,322.7629683022437,80.69452906515264,19.240000000000002,7.59,1.9,2.7
1.759687509379568E9,42.2706656,-71.911712,1901.8602362204704,328.4700048168977,80.95869374982894,18.86,7.46,1.9,2.7
1.759687510196059E9,42.2709184,-71.911904,1913.3398950131213,331.97978141640715,81.47227366654958,17.26,6.46,1.9,2.7
1.75968751137671E9,42.2713344,-71.9121728,1919.9015748031477,336.69510946079686,82.5445271601108,15.51,4.43,1.9,2.7
1.7596875121930652E9,42.2716224,-71.9123136,1926.463254593174,339.8423891054552,83.42758174480612,16.330000000000002,3.2600000000000002,1.9,2.7
1.7596875133745952E9,42.2720672,-71.9125056,1929.7408136482918,344.80130990000987,84.82215954264983,18.6,3.85,1.9,2.7
1.759687514149808E9,42.2723776,-71.912608,1931.3812335957982,348.1814632243764,85.89208527242639,18.72,3.1,1.9,2.7
1.75968751537187E9,42.2728544,-71.9126976,1931.3779527559034,353.54595618156793,87.5027270210089,18.46,2.81,1.9,2.7
1.759687516186777E9,42.2731872,-71.9127424,1937.9396325459297,357.0308356958394,88.56381621204555,18.29,2.77,1.9,2.7
1.7596875168011189E9,42.2734368,-71.9127488,1936.299212598423,359.4886668276659,89.30377218048697,15.83,2.3000000000000003,1.9,2.7
1.759687517355859E9,42.2736864,-71.9127424,1937.9396325459297,1.6701380887618087,90.03824938957264,11.01,2.15,1.9,2.7
1.759687518185214E9,42.2740256,-71.9127104,1939.5767716535413,3.685852720875735,90.71247466201257,5.21,1.41,1.9,2.7
1.7596875193660522E9,42.274528,-71.9126592,1949.4160104986856,4.959224074805548,91.74301042065706,2.73,0.89,1.9,2.7
1.759687520182526E9,42.2748768,-71.9126144,1964.1797900262447,5.498806451494038,92.09551175811828,2.5100000000000002,2.64,1.9,2.7
1.759687521362493E9,42.275392,-71.9125376,1987.1423884514415,6.344194618182553,92.1778866116389,4.07,4.88,1.9,2.7
1.7596875221499848E9,42.2757216,-71.9124864,1992.0636482939613,7.182340771508489,91.57384547992484,4.91,6.76,1.9,2.7
1.7596875234060469E9,42.2762304,-71.9123776,2015.0262467191578,8.939291265378602,90.31952467700233,6.46,8.58,1.9,2.7
1.759687524176176E9,42.2765632,-71.9123008,2033.07086614173,10.370661345320343,89.30117636325616,9.22,9.200000000000001,1.9,2.7
1.759687525402619E9,42.2770432,-71.9121728,2054.3930446194204,12.638618949672061,89.1072774198391,13.22,6.76,1.9,2.7
1.759687526173969E9,42.2773696,-71.9120576,2059.31430446194,14.717013016667655,89.67641251344673,18.080000000000002,3.08,1.9,2.7
1.759687527356601E9,42.2778464,-71.9118656,2057.6706036745386,18.52749812379441,91.33188864054912,24.39,2.48,1.9,2.7
1.759687528783968E9,42.2784096,-71.9115648,2044.543963254591,26.031074413358663,94.21161526608687,31.95,1.68,1.9,2.7
1.759687529397819E9,42.2786432,-71.9113984,2039.6227034120714,29.918635971303644,95.4053846503985,32.230000000000004,0.29,1.9,2.7
1.759687530370988E9,42.2790176,-71.9110656,2033.0577427821502,37.84988254891319,97.28809622177901,32.44,0.17,1.9,2.7
1.7596875315978708E9,42.2794144,-71.91056,2015.013123359578,47.10994284813326,99.306633732982,26.96,0.56,2.2,2.9
1.759687532367762E9,42.2796512,-71.910176,2015.0098425196827,52.80615011695252,100.38950946777013,25.68,0.66,2.2,2.9
1.759687533594703E9,42.2799584,-71.909536,2005.1673228346433,60.9421997214037,101.53629409645933,27.830000000000002,0.8300000000000001,2.2,2.9
1.759687534364945E9,42.280128,-71.9090752,2010.0853018372682,65.79219387770277,101.87414508380931,25.37,0.44,2.2,2.9
1.7596875355921822E9,42.2803296,-71.9083392,2011.7224409448797,73.08606434902866,102.35862789625278,25.48,0.46,2.2,2.9
1.759687536362189E9,42.2804224,-71.9078528,2008.4416010498667,77.16974989243971,102.59172204918143,21.73,-0.81,2.2,2.9
1.759687537588937E9,42.2805248,-71.9070848,2015.0032808398928,83.00929137395082,102.85534940936606,17.330000000000002,-1.4000000000000001,2.2,2.9
1.759687538359453E9,42.2805504,-71.90656,2008.4383202099716,86.4344750020892,102.83404194891109,15.83,-0.51,2.2,2.9
1.759687538973669E9,42.2805504,-71.906176,2016.6404199475046,88.7857368375878,102.73581329745096,12.27,0.19,2.2,2.9
1.759687540404912E9,42.2805376,-71.9052736,2031.4041994750635,92.27001534008998,101.58727881830173,1.93,1.9100000000000001,2.2,2.9
1.759687541174247E9,42.28048,-71.9047488,2051.089238845142,92.55240615148415,100.83005428501855,-3.17,0.32,1.9,2.7
1.759687541788243E9,42.2804672,-71.9043712,2059.28805774278,92.45577572727714,100.2583846719676,-3.12,1.6600000000000001,1.9,2.7
1.759687543172377E9,42.2804416,-71.9035136,2077.3326771653524,91.86915538573213,98.33309850156704,-0.25,3.2,1.9,2.7
1.759687543785829E9,42.2804384,-71.9031552,2093.736876640418,91.70282471665053,97.46852829754974,1.52,2.83,1.9,2.7
1.759687545168678E9,42.280416,-71.9023232,2121.6240157480293,92.48853347856186,94.91024112268974,0.89,4.18,1.9,2.7
1.759687545781355E9,42.2804032,-71.9019648,2129.8228346456667,92.37704041115636,93.7350837266393,0.24,3.79,1.9,2.7
1.759687547165049E9,42.2803808,-71.9011456,2164.2716535433046,92.3960679432985,91.59628107479698,2.2800000000000002,3.5,1.9,2.7
1.75968754777954E9,42.2803712,-71.9008128,2172.4737532808376,92.39002481736325,90.8954840545565,1.6300000000000001,1.03,1.9,2.7
1.759687548393567E9,42.2803616,-71.9004736,2175.7545931758505,92.53933297033541,90.38032625320183,1.2,0.03,1.9,2.7
1.759687549777149E9,42.2803392,-71.8996864,2179.0321522309687,92.53848367894757,89.97165853823849,0.05,-1.29,1.9,2.7
1.759687550390511E9,42.2803264,-71.8993536,2172.4704724409426,92.57169465848625,90.1101920752883,-1.44,-2.2,1.9,2.7
1.759687551774677E9,42.2803008,-71.89856,2169.1896325459293,92.68837179966769,90.76079701601579,2.95,-1.6300000000000001,1.9,2.7
1.759687552387638E9,42.280288,-71.8982144,2167.549212598423,92.47412895618055,90.95952097109435,1.73,-1.6600000000000001,1.9,2.7
1.7596875537720752E9,42.2802592,-71.8974336,2156.062992125982,92.88806114511377,91.0486882141236,2.5,-0.47000000000000003,1.9,2.7
1.759687554384564E9,42.2802496,-71.8971008,2159.3438320209953,93.14038333805543,90.83619203552647,1.7,-1.29,1.9,2.7
1.7596875557675838E9,42.2802176,-71.8963072,2154.4225721784755,93.2320064266965,89.98762434578951,-1.11,-2.18,1.9,2.7
1.759687556382206E9,42.2802016,-71.8959744,2144.580052493436,92.96200262200539,89.90628970352222,-2.5,-3.9,1.9,2.7
1.759687557766804E9,42.2801792,-71.8951936,2128.1725721784755,92.50679705210204,89.77489575795697,-0.31,-4.45,1.9,2.7
1.759687558380194E9,42.2801632,-71.8948608,2115.049212598423,92.43585995719657,90.10085116194,2.8000000000000003,-4.03,1.9,2.7
1.759687559194889E9,42.2801472,-71.8944064,2100.285433070864,92.42435666319736,90.52811236445508,1.35,-4.11,1.9,2.7
1.75968755976377E9,42.2801376,-71.8940736,2097.004593175851,92.57914750028343,90.71392212465882,2.64,-3.41,1.9,2.7
1.759687561191681E9,42.2801184,-71.8932736,2082.240813648292,93.55879990772758,91.12821336233674,2.33,-3.41,1.9,2.7
1.759687561760679E9,42.2801024,-71.892928,2077.316272965877,93.80515745565862,91.3872082514905,1.8800000000000001,-3.8000000000000003,1.9,2.7
1.7596875631885638E9,42.2800608,-71.8921344,2047.7887139107593,93.6367888811969,91.93459729444302,-2.65,-3.66,1.9,2.7
1.759687563754624E9,42.2800384,-71.8917952,2046.1482939632526,93.41157988199038,92.76915502425285,-3.09,-3.93,1.9,2.7
1.759687565185734E9,42.28,-71.890976,2041.227034120733,92.5811622204843,94.52787043747841,3.88,-2.04,1.9,2.7
1.759687565799736E9,42.2799904,-71.8906176,2037.9429133858246,92.06213230029586,95.07669091302503,1.01,-2.5,1.9,2.7
1.759687567182637E9,42.2799648,-71.8897856,2021.5387139107588,92.76064902414741,95.65096421946325,1.51,0.24,1.9,2.7
1.7596875677964702E9,42.2799488,-71.8894208,2026.4599737532785,92.73239223332654,95.82384638575324,1.96,0.28,1.9,2.7
1.759687568410908E9,42.2799328,-71.8890688,2023.1791338582655,92.67542665602916,95.78042776879934,5.0600000000000005,1.73,1.9,2.7
1.759687569180659E9,42.27992,-71.8885888,2026.4599737532785,92.72963885470948,95.5122583224663,-0.55,1.74,1.9,2.7
1.759687569794276E9,42.2799136,-71.8882368,2029.7375328083967,92.8501605449319,95.3858118260079,-1.54,0.6900000000000001,1.9,2.7
1.759687571177686E9,42.2798816,-71.8874048,2036.299212598423,92.40014409168047,94.68998050142623,0.4,1.99,1.9,2.7
1.7596875717914681E9,42.2798688,-71.8870528,2042.8608923884492,92.2693573743411,94.25318687400323,0.67,2.56,1.9,2.7
1.7596875731737409E9,42.2798432,-71.88624,2054.3438320209953,92.66908831982877,93.50316521282518,-0.2,1.1400000000000001,1.9,2.7
1.759687573788248E9,42.2798304,-71.885888,2064.1830708661396,92.31927130526141,93.18648567923564,-3.17,2.02,1.9,2.7
1.759687575171102E9,42.279808,-71.8850816,2069.1043307086593,91.30250067437231,92.35647650932331,-0.07,2.77,1.9,2.7
1.759687575785108E9,42.279808,-71.884736,2078.9468503936987,90.75129753179192,91.91286915494452,-2.69,2.48,1.9,2.7
1.759687577167453E9,42.2798016,-71.883936,2080.587270341205,90.46244527254677,91.51917954260868,0.36,1.73,1.9,2.7
1.759687577781944E9,42.2798016,-71.8835904,2090.4265091863494,89.97559285365394,91.26350708598734,-0.41000000000000003,1.97,1.9,2.7
1.759687579371305E9,42.2798144,-71.8826816,2098.6286089238824,89.75525232370656,91.0116293659361,0.68,1.18,1.9,2.7
1.7596875805964599E9,42.2798144,-71.8819968,2095.347769028869,89.57123907423033,90.91615242073728,0.32,1.48,1.9,2.7
1.759687581367175E9,42.2798144,-71.8815488,2098.625328083987,89.57133072556083,90.93559032148332,1.54,0.87,1.9,2.7
1.75968758259333E9,42.2798208,-71.880864,2096.9849081364805,89.60924200385081,91.20730460636244,1.5,0.72,1.9,2.7
1.759687583364695E9,42.279824,-71.880416,2100.265748031494,89.32954807651451,91.3669462728618,-0.33,0.07,1.9,2.7
1.759687584181106E9,42.279824,-71.8799616,2092.063648293961,89.08617203652938,91.4111942807847,-0.47000000000000003,0.38,1.9,2.7
1.759687585409329E9,42.2798336,-71.8792704,2088.779527559053,88.72372972661644,91.6361239209389,-0.72,0.22,1.9,2.7
1.759687586178769E9,42.2798464,-71.878816,2080.57742782152,87.91479196664575,91.8880600763715,-2.67,-0.55,1.9,2.7
1.7596875873604112E9,42.2798688,-71.8781312,2082.217847769027,87.61555955905904,92.50990378970823,3.6,0.16,1.9,2.7
1.759687588176971E9,42.2798816,-71.877664,2070.731627296586,87.62999720195776,93.07313356274443,5.03,-0.85,1.9,2.7
1.7596875895603828E9,42.279904,-71.8768384,2069.091207349079,88.56553378550541,93.95601046602141,1.57,-1.03,1.9,2.7
1.7596875903774881E9,42.2799136,-71.8763712,2074.0124671915987,88.8303785872839,94.27666216904437,-2.41,-0.46,1.9,2.7
1.759687590991046E9,42.2799136,-71.8760192,2069.091207349079,88.45629893652865,94.52458662557308,-2.43,-0.22,1.9,2.7
1.759687592374782E9,42.2799456,-71.8752,2078.930446194224,86.62040872285013,94.63542367381191,-2.17,0.8,1.9,2.7
1.7596875929869761E9,42.2799648,-71.874848,2077.290026246717,86.19141154048724,94.52408894722855,-0.6900000000000001,2.22,1.9,2.7
1.7596875937616649E9,42.2799936,-71.8743808,2083.851706036743,85.95825892803336,94.04382522042422,1.22,3.7600000000000002,1.9,2.7
1.759687595190702E9,42.2800384,-71.873568,2090.4101049868746,86.24161854897883,93.11602705849438,3.87,3.75,1.9,2.7
1.7596875959607038E9,42.2800512,-71.8731008,2090.4101049868746,86.94999393177957,92.7945123866056,3.59,3.27,1.9,2.7
1.759687597349504E9,42.2800896,-71.8722944,2101.8930446194204,86.93587958760163,92.3674751714675,-1.6,2.47,1.9,2.7
1.759687597957972E9,42.2801056,-71.8719488,2108.4514435695514,86.69674127884299,92.096859531163,-0.88,3.27,1.9,2.7
1.7596875987741451E9,42.2801184,-71.871488,2113.372703412071,86.5501311238119,91.74076369460256,2.4,4.4,1.9,2.7
1.759687600159443E9,42.2801504,-71.870688,2115.0131233595775,86.26966352807901,91.12611319144813,-2.33,2.92,1.9,2.7
1.759687601589113E9,42.2802016,-71.8699008,2126.4927821522288,85.04032501145335,91.06017057303468,-4.6000000000000005,0.87,1.9,2.7
1.75968760236007E9,42.2802304,-71.8694464,2137.9757217847746,84.147408674058,91.31181301331084,-0.93,0.8200000000000001,1.9,2.7
1.7596876029724488E9,42.2802592,-71.8691008,2137.9757217847746,83.47468088210822,91.68249640580432,-1.5,-0.06,1.9,2.7
1.75968760435674E9,42.2803264,-71.8683008,2141.253280839893,83.39389285185281,91.57996651150249,3.89,1.6600000000000001,1.9,2.7
1.759687605174684E9,42.2803648,-71.8678528,2141.253280839893,83.56835457355602,91.45029967428391,5.34,0.81,1.9,2.7
1.759687605787812E9,42.2803904,-71.8675072,2144.534120734906,83.86717632737768,91.33915731264487,3.94,0.12,1.9,2.7
1.759687607173563E9,42.2804512,-71.86672,2137.9724409448795,85.10718340257078,90.93395524607608,3.41,-0.09,1.9,2.7
1.7596876077855911E9,42.2804768,-71.8663808,2139.6095800524913,85.45389885710533,90.9860367539115,3.97,-1.1,1.9,2.7
1.759687609170119E9,42.2805248,-71.8655872,2134.6883202099716,85.50611901906854,91.5449347349966,1.46,-3.3000000000000003,1.9,2.7
1.759687609782593E9,42.2805376,-71.8652416,2131.4074803149583,85.74926366557257,91.78812481418534,1.6500000000000001,-2.91,1.9,2.7
1.759687611166874E9,42.2805824,-71.8644416,2121.5616797900243,85.64839996147802,92.4825910482143,1.8,-2.44,1.9,2.7
1.759687611778805E9,42.2806016,-71.864096,2116.6404199475046,85.68329443427108,92.71224728397169,2.73,-2.2800000000000002,1.9,2.7
1.759687612393434E9,42.2806272,-71.8637568,2111.719160104985,86.01020119355384,92.7517859253116,4.41,-1.9100000000000001,1.9,2.7
1.759687613777893E9,42.280656,-71.8629376,2098.595800524932,87.02128632380459,92.76896766389594,5.3,-2.06,1.9,2.7
1.759687614391335E9,42.2806688,-71.862592,2095.311679790024,87.44106470917589,92.73610246828882,4.8,-2.0,1.9,2.7
1.759687615775508E9,42.2806944,-71.8617856,2075.626640419945,88.1256654162419,92.71267113991196,0.78,-1.7,1.9,2.7
1.759687616387487E9,42.2807008,-71.86144,2064.143700787399,88.22209447882335,92.7271442499542,-0.39,-1.57,1.9,2.7
1.759687617772259E9,42.28072,-71.86064,2057.578740157478,88.01761465664143,92.71855805403416,1.1500000000000001,-1.56,1.9,2.7
1.759687618385005E9,42.2807232,-71.860288,2047.7362204724386,87.68724982424526,92.48570223187834,0.13,-1.29,1.9,2.7
1.759687619768918E9,42.2807584,-71.8594816,2046.0958005249322,87.75592065378336,91.8393310749627,1.02,0.15,1.9,2.7
1.759687620381571E9,42.2807616,-71.859136,2028.05118110236,87.82079111524831,91.5046227338334,-0.27,0.07,1.9,2.7
1.759687621198659E9,42.2807744,-71.8586816,2031.3287401574783,87.73724733079862,91.08181795675486,1.0,0.22,1.9,2.7
1.759687621766123E9,42.280784,-71.8583424,2031.3287401574783,87.82338974558225,90.59019835347357,1.9100000000000001,1.1,1.9,2.7
1.759687623195057E9,42.2807968,-71.8575616,2018.2053805774258,88.07053065070684,89.48702136953649,2.5500000000000003,0.97,1.9,2.7
1.759687623764215E9,42.2808128,-71.8572288,2021.4862204724388,88.31237598599921,89.10560455464407,2.86,0.64,1.9,2.7
1.7596876251919188E9,42.2808256,-71.8564544,2014.9212598425177,89.19378015166862,88.41480025579678,2.59,0.21,1.9,2.7
1.7596876259629102E9,42.2808288,-71.8560192,2013.280839895011,89.38231365664647,88.35286632243636,2.34,-1.31,1.9,2.7
1.7596876265754051E9,42.2808288,-71.8556928,2005.0787401574783,89.64640479186181,88.19390399065803,5.6000000000000005,-0.61,1.9,2.7
1.75968762795963E9,42.2808288,-71.8549184,2000.1541994750637,91.24508815849744,87.66864718730422,6.7700000000000005,0.62,1.9,2.7
1.759687628572789E9,42.2808256,-71.854592,1990.3116797900243,91.97011662656232,87.64143815348433,2.68,-0.62,1.9,2.7
1.759687629957244E9,42.2808032,-71.8538304,1987.0308398950112,92.8884467395007,87.56481132103836,4.63,-1.8,1.9,2.7
1.7596876305698972E9,42.2807936,-71.8534976,1983.749999999998,93.3985825719415,87.54922154280759,8.44,-0.32,1.9,2.7
1.75968763138743E9,42.280768,-71.8530624,1977.1883202099718,94.38892958653331,87.37934499952523,10.63,0.16,1.9,2.7
1.759687631953043E9,42.2807488,-71.852736,1972.2670603674521,95.8812964246654,87.64274879486732,12.19,-1.1500000000000001,1.9,2.7
1.759687633384234E9,42.2806784,-71.8519808,1959.1404199475044,99.25600577637948,87.85886803493227,12.11,-0.68,1.9,2.7
1.759687634007605E9,42.2806336,-71.8516608,1954.2191601049847,100.90136005171787,87.67503655096193,14.41,0.16,1.9,2.7
1.759687635381732E9,42.2804992,-71.8509056,1931.2532808398928,105.75148751490498,87.57364609457507,17.44,0.11,1.9,2.7
1.759687635995278E9,42.2804288,-71.8505984,1927.9724409448797,108.31415677521781,87.4716629468791,19.740000000000002,-0.01,1.9,2.7
1.7596876373495011E9,42.280224,-71.8498944,1916.4895013123337,114.79747113887325,87.08581685018629,21.71,-0.53,1.9,2.7
1.7596876379915872E9,42.280112,-71.8495936,1905.0065616797879,117.89460648276962,86.91999697985246,23.73,-0.67,1.9,2.7
1.75968763937577E9,42.2798112,-71.8489536,1891.8832020997354,126.06992325892327,86.59893742825615,25.16,-0.26,1.9,2.7
1.759687639989577E9,42.2796672,-71.848704,1875.4790026246699,130.01171758742584,86.46776375731508,26.44,-0.44,1.9,2.7
1.759687641372931E9,42.279264,-71.84816,1859.0748031496041,138.89760514309742,86.54661493562448,26.6,-0.85,1.9,2.7
1.7596876419867768E9,42.2790752,-71.8479488,1852.513123359578,142.71020015287945,86.46841268101012,25.8,-1.54,1.9,2.7
1.759687643370734E9,42.278608,-71.847552,1826.2696850393684,151.6905265997853,86.52811904237879,24.76,-1.9100000000000001,1.9,2.7
1.7596876439843159E9,42.2783808,-71.8474048,1813.146325459316,155.39301625215606,86.50375527991625,24.22,-1.62,1.9,2.7
1.759687645366673E9,42.2778496,-71.8471424,1800.0229658792634,163.98007650818357,86.21414894805369,21.72,-1.28,1.9,2.7
1.759687645979632E9,42.2776096,-71.8470656,1790.1837270341189,167.52735084136563,86.04365661407327,19.64,-0.99,1.9,2.7
1.759687647349469E9,42.2770624,-71.8469632,1777.0603674540664,174.42558735280747,85.44728694051108,13.290000000000001,-0.59,1.9,2.7
1.759687647977251E9,42.276816,-71.8469376,1772.1391076115467,176.87548731566523,84.877795482041,10.98,-0.2,1.9,2.7
1.75968764940947E9,42.276272,-71.8469376,1773.7828083989482,180.94874331528175,82.1775724842641,4.74,0.72,1.9,2.7
1.7596876501777081E9,42.2759744,-71.8469632,1781.988188976376,181.74156485069716,80.59014219296287,0.6900000000000001,-0.86,1.9,2.7
1.759687651564327E9,42.275456,-71.8469952,1793.4711286089218,182.42669619374902,78.50452722670892,4.47,-1.36,1.9,2.7
1.759687652993524E9,42.2749504,-71.8470336,1785.2723097112842,183.65499261027566,76.8409594681623,6.19,-0.97,1.9,2.7
1.759687653558332E9,42.2747392,-71.8470528,1785.2723097112842,184.35614291176515,76.26350763246418,4.71,-1.18,1.9,2.7
1.7596876549582438E9,42.2742464,-71.847104,1780.3543307086597,185.6383654115163,75.18231887678687,1.83,-2.59,1.9,2.7
1.7596876555566878E9,42.2740352,-71.8471424,1772.152230971127,185.81850023378996,74.97156456518569,0.86,-2.94,1.9,2.7
1.759687656987843E9,42.2735552,-71.8472128,1765.5938320209955,185.43748810930765,74.25855629252784,0.11,-2.82,1.9,2.7
1.759687657559197E9,42.2733536,-71.8472384,1762.3129921259824,185.28676253258394,74.25974441153812,1.56,-2.33,1.9,2.7
1.759687659189626E9,42.2728128,-71.8473024,1757.3917322834627,185.70757725269803,73.49177057389369,3.2,-2.15,1.9,2.7
1.7596876597556782E9,42.2726112,-71.8473344,1747.5524934383184,185.98592785093572,73.25470999897172,3.48,-2.29,1.9,2.7
1.759687661185801E9,42.2721376,-71.8474176,1742.6312335957987,188.01495039838667,72.49432184399451,10.86,-0.86,1.9,2.7
1.7596876617999759E9,42.2719392,-71.847456,1739.3536745406805,189.46485730733428,72.225126564886,10.53,-0.79,1.9,2.7
1.759687662570045E9,42.2716736,-71.8475264,1742.6345144356935,191.67207763604563,71.77358539955372,12.49,-0.42,1.9,2.7
1.759687663387428E9,42.2714112,-71.8476032,1727.8707349081346,194.20638352993055,71.44408111754166,12.11,-0.9400000000000001,1.9,2.7
1.7596876645665622E9,42.2710368,-71.8477504,1722.9527559055098,197.1625786998943,71.14420112686743,4.63,-4.36,1.9,2.7
1.7596876653840132E9,42.2707872,-71.8478592,1713.1102362204704,198.57365526355008,71.09613281613498,3.24,-5.4,1.9,2.7
1.759687665998589E9,42.2705984,-71.8479488,1711.469816272964,199.1475215354443,71.17519254406626,2.6,-5.0,1.9,2.7
1.7596876673493152E9,42.2701632,-71.8481536,1690.147637795274,198.7292738684805,71.79762704673547,-1.55,-6.82,1.9,2.7
1.759687667995257E9,42.2699776,-71.8482368,1693.428477690287,198.4694970534314,71.36025742141452,0.08,-4.75,1.9,2.7
1.759687669379086E9,42.2695424,-71.8484352,1685.2296587926492,198.80020384387922,70.39045254726187,2.83,-4.26,1.9,2.7
1.759687669991984E9,42.2693568,-71.8485248,1681.948818897636,198.89756925166625,70.0409277019228,1.84,-4.48,1.9,2.7
1.759687671375485E9,42.268928,-71.8487168,1670.4691601049851,199.42121171052517,68.92395902987882,2.65,-4.17,1.9,2.7
1.7596876719894729E9,42.2687584,-71.8488,1667.188320209972,199.67795921945896,68.29053256233307,2.38,-4.39,1.9,2.7
1.759687672555931E9,42.2685696,-71.8488896,1660.6266404199457,199.8762770967891,67.69347662604564,2.19,-4.61,1.9,2.7
1.759687673372041E9,42.268336,-71.8490048,1649.146981627295,200.26833429453632,67.05480554386018,3.61,-4.84,1.9,2.7
1.7596876746000109E9,42.2679904,-71.849184,1636.0236220472425,201.48012227849307,66.30270053019068,8.75,-3.74,1.9,2.7
1.759687675369917E9,42.26776,-71.849312,1627.8248031496046,203.51538334427843,66.01354557997252,12.97,-2.71,1.9,2.7
1.759687676597309E9,42.2674368,-71.8495232,1622.9035433070849,208.0775100614111,65.21255257630735,13.49,-2.39,1.9,2.7
1.759687677349337E9,42.267232,-71.8496832,1626.184383202098,211.30751523048124,64.45425459838562,15.08,-1.71,1.9,2.7
1.759687678593402E9,42.2669344,-71.849952,1616.3451443569536,217.39876674363347,63.17763734465535,17.740000000000002,-1.77,1.9,2.7
1.759687679361826E9,42.2667488,-71.8501568,1614.704724409447,221.98853088279066,62.79165927165087,20.05,-2.33,1.9,2.7
1.759687680591241E9,42.2665024,-71.8504896,1606.5059055118093,228.17006601302057,62.635851632108896,17.97,-4.39,1.9,2.7
1.759687681349071E9,42.2663584,-71.8507264,1601.5846456692898,232.37755553340247,63.04820273827554,19.86,-6.890000000000001,1.9,2.7
1.759687682587319E9,42.2661664,-71.8511168,1586.8208661417307,239.15028268573644,63.64647347881878,19.76,-6.26,1.9,2.7
1.7596876834065871E9,42.26608,-71.851328,1575.3379265091846,242.40514505409635,64.33091006524342,17.05,-8.01,1.9,2.7
1.75968768478863E9,42.2658848,-71.8519232,1555.6561679790009,250.01118246097337,66.64543334406044,17.09,-10.4,1.9,2.7
1.759687685403271E9,42.2658272,-71.8521728,1544.173228346455,252.83272821325306,67.23978659411978,15.43,-10.02,1.9,2.7
1.7596876867854671E9,42.2657152,-71.8527552,1526.131889763778,258.4297782407058,68.81078805509073,11.49,-10.55,1.9,2.7
1.759687688169615E9,42.2656512,-71.8533568,1501.5255905511797,262.8411503071644,69.41151043095272,9.73,-10.620000000000001,1.9,2.7
1.759687688782981E9,42.2656352,-71.8536128,1494.9639107611533,264.6684759441421,69.87248184683742,9.040000000000001,-11.14,1.9,2.7
1.759687689397388E9,42.2656224,-71.8538752,1483.4809711286075,266.4354641860151,70.6593755490847,9.17,-11.75,1.9,2.7
1.7596876907794662E9,42.2656064,-71.8545024,1450.675853018371,269.1726252761817,71.34653144037284,5.32,-10.22,1.9,2.7
1.759687691395114E9,42.2656128,-71.8547776,1450.675853018371,269.76582236864544,71.3396886456481,5.28,-10.89,1.9,2.7
1.759687692776391E9,42.265616,-71.8553984,1419.5078740157464,270.43440321865876,71.78824031407427,1.1400000000000001,-10.6,1.9,2.7
1.7596876943653932E9,42.265616,-71.856128,1389.9803149606284,270.61506793973297,72.43181915630942,-2.5300000000000002,-7.17,1.9,2.7
1.75968769497853E9,42.2656256,-71.8563904,1381.7782152230957,270.72659397697345,72.04466981051186,-3.72,-4.82,1.9,2.7
1.759687695592133E9,42.2656352,-71.8566656,1380.141076115484,270.88714980642703,71.56149374291907,-3.69,-5.79,1.9,2.7
1.7596876969746819E9,42.265648,-71.8572864,1373.5793963254578,271.87656371561127,69.45193421752943,-4.92,-7.78,1.9,2.7
1.7596876975887542E9,42.2656512,-71.8575424,1362.096456692912,271.7054940366466,69.23153266134103,-0.33,-7.38,1.9,2.7
1.7596876989730601E9,42.2656736,-71.8581568,1348.9730971128595,273.3560941392959,69.39763585923525,2.71,-11.21,1.9,2.7
1.7596876995856361E9,42.2656864,-71.8584128,1334.2093175853004,274.2683705304819,69.4713051311118,0.19,-11.120000000000001,1.9,2.7
1.759687700969338E9,42.2657312,-71.8590144,1317.80839895013,276.4327309405986,70.44133315573859,-0.9400000000000001,-9.66,1.9,2.7
1.7596877015825229E9,42.26576,-71.8592768,1306.3254593175839,276.89742755775177,70.41022533513727,-2.27,-7.05,1.9,2.7
1.759687702965769E9,42.2658016,-71.8598784,1278.4383202099725,276.6586449718512,69.90566675588515,-4.61,-6.88,1.9,2.7
1.7596877035803242E9,42.2658304,-71.8601408,1275.1574803149592,276.75210348552275,69.27312511799045,-4.8500000000000005,-8.040000000000001,1.9,2.7
1.759687704398495E9,42.2658624,-71.86048,1258.7532808398937,276.2507230811005,68.73476445702458,-8.89,-7.79,1.9,2.7
1.759687705576311E9,42.2658944,-71.860992,1230.8661417322821,273.9682004133341,68.2565098235265,-14.42,-9.0,1.9,2.7
1.759687706395351E9,42.2659072,-71.8613312,1202.9790026246706,272.4055612386645,68.54204331394085,-10.61,-8.88,1.9,2.7
1.759687707573946E9,42.26592,-71.8618368,1181.6568241469804,270.73822409282377,69.40100880312646,-1.6,-8.24,1.9,2.7
1.759687708392067E9,42.2659136,-71.8621888,1155.4101049868755,270.60611314138646,69.82680114220445,3.33,-8.15,1.9,2.7
1.7596877095698051E9,42.2659264,-71.8627136,1132.4442257217836,272.32665824513225,70.38631909662932,4.5200000000000005,-7.4,1.9,2.7
1.759687710389563E9,42.2659328,-71.8630656,1122.6017060367442,273.3367612306989,70.46719669672062,2.18,-6.21,1.9,2.7
1.759687711566545E9,42.2659648,-71.8635968,1106.1975065616787,274.2702451313849,70.48508779984277,1.6,-6.890000000000001,1.9,2.7
1.759687712385879E9,42.2659872,-71.8639424,1093.0774278215213,274.23001164409123,70.8907320080819,-0.72,-8.32,1.9,2.7
1.7596877130004048E9,42.2660032,-71.8642112,1081.5944881889752,274.0196670843496,70.9888840743478,-0.27,-7.84,1.9,2.7
1.7596877143826861E9,42.2660256,-71.864832,1070.1115485564294,273.208464557727,71.19799539218015,-0.97,-6.91,1.9,2.7
1.7596877149969769E9,42.2660384,-71.8650944,1060.26902887139,273.0987253247276,70.84007816892363,-0.81,-5.5200000000000005,1.9,2.7
1.759687716379435E9,42.2660672,-71.8657152,1043.8648293963245,273.27506488486296,69.41142061039115,1.25,-2.56,1.9,2.7
1.759687716993579E9,42.2660864,-71.8659776,1045.5052493438309,273.3655064812141,68.54153614176121,2.17,-2.41,1.9,2.7
1.759687718376199E9,42.2661056,-71.86656,1025.8234908136471,274.233331672651,67.14864416972472,3.5100000000000002,-3.88,1.9,2.7
1.759687718990598E9,42.2661248,-71.8668032,1025.8234908136471,274.5999042278989,66.65530055740801,3.11,-4.0200000000000005,1.9,2.7
1.759687720374418E9,42.2661632,-71.8673856,1012.7001312335947,274.78749680560065,65.91246759810141,-1.79,-1.67,1.9,2.7
1.7596877209879642E9,42.2661792,-71.8676288,1011.0597112860881,274.4392599333522,65.29524101494513,-0.87,-0.3,1.9,2.7
1.7596877223704839E9,42.266208,-71.8682048,999.5767716535422,273.6298971409667,63.55514825212679,-0.64,1.28,1.9,2.7
1.759687722983963E9,42.2662176,-71.8684288,1004.4980314960619,272.8880535828549,62.885487315312176,-4.3,0.91,1.9,2.7
1.7596877235986218E9,42.2662368,-71.8686656,1009.4192913385816,273.33997163179276,61.72471501413915,1.41,2.24,1.9,2.7
1.759687724981374E9,42.266256,-71.8692032,1002.8608923884505,274.31109500164126,59.474974141930325,0.05,0.86,1.9,2.7
1.75968772559545E9,42.2662688,-71.869408,1004.501312335957,273.776044984895,58.44220748464841,0.02,1.32,1.9,2.7
1.759687726979069E9,42.2662912,-71.8699136,1006.1417322834636,274.61892661723857,56.24313412871334,1.27,2.36,1.9,2.7
1.759687727592243E9,42.266304,-71.8701184,997.9396325459307,274.82028439451807,55.518172390987736,-0.78,1.72,1.9,2.7
1.7596877289765248E9,42.2663296,-71.8705856,994.6587926509177,274.19556938699304,53.40445561520983,-2.02,3.3200000000000003,1.9,2.7
1.759687729589191E9,42.2663456,-71.870784,996.2992125984242,273.69275140705804,52.51508060589988,-2.38,3.38,1.9,2.7
1.759687730972503E9,42.2663616,-71.871232,997.9429133858257,272.55949472609774,50.493136997217555,1.36,4.38,1.9,2.7
1.7596877315860329E9,42.2663712,-71.8714112,993.021653543306,272.8221552998118,49.744997225361786,1.69,4.75,1.9,2.7
1.759687732970568E9,42.2663808,-71.87184,989.7408136482929,273.7110305983429,47.45154932375844,1.34,0.7000000000000001,1.9,2.7
1.759687733583304E9,42.266384,-71.8720192,996.3024934383192,273.2535613486166,46.92228413854243,0.96,0.06,1.9,2.7
1.759687734966964E9,42.2664032,-71.872416,991.3812335957995,273.31742582583814,45.34812970953256,0.05,-0.14,1.9,2.7
1.759687735580515E9,42.266416,-71.8725888,993.021653543306,274.0962202367823,44.90087645534513,0.16,-0.45,1.9,2.7
1.759687736398757E9,42.2664192,-71.8728,988.1003937007864,274.9062830086449,44.092443562493216,-0.02,-0.72,1.9,2.7
1.759687737576128E9,42.266448,-71.8731328,991.3812335957995,274.9753167426044,43.258021964564996,0.29,-0.22,1.9,2.7
1.759687738395781E9,42.2664608,-71.873344,989.7408136482929,274.70149878720514,43.16250991822233,0.73,1.35,1.9,2.7
1.759687739574366E9,42.2664832,-71.8736704,993.024934383201,273.97673097507754,43.72514749955183,0.77,1.27,1.9,2.7
1.759687740392055E9,42.2664832,-71.8738944,988.1036745406813,273.44014346683457,44.380187660427836,0.38,0.88,1.9,2.7
1.759687741571706E9,42.2665056,-71.8742208,989.7440944881879,273.9468207761376,46.880080859880835,0.04,0.46,1.9,2.7
1.7596877423905392E9,42.2665184,-71.874464,991.3845144356944,274.00621490772903,48.96846756814462,-0.11,1.01,1.9,2.7
1.759687743773643E9,42.266544,-71.8749056,991.3845144356944,274.10811217713587,52.911325616645556,-0.5700000000000001,1.01,1.9,2.7
1.759687744360213E9,42.2665504,-71.875104,986.4632545931747,273.8235885675471,54.51010292892642,-0.78,0.96,1.9,2.7
1.759687745754292E9,42.2665792,-71.8755968,997.9461942257207,273.92609487812024,58.19921693319866,-0.98,1.42,1.9,2.7
1.759687747154031E9,42.2666048,-71.8761152,994.6686351706027,273.6878967029677,61.65034191244822,-1.11,1.55,1.9,2.7
1.7596877477672648E9,42.2666144,-71.876352,996.3090551181092,273.50029270419094,63.039847826370995,-1.23,1.92,1.9,2.7
1.759687749198844E9,42.26664,-71.8769152,997.9494750656157,274.2681441629608,66.07958893136698,0.24,5.44,1.9,2.7
1.75968774976461E9,42.2666496,-71.8771584,1001.2303149606289,274.77053566007237,67.08119745945793,1.24,6.390000000000001,1.9,2.7
1.759687751195465E9,42.2666944,-71.8777536,1007.7919947506551,275.55049978958294,68.53082125231444,-1.77,6.6000000000000005,1.9,2.7
1.7596877517613878E9,42.2667136,-71.878016,1014.3536745406814,275.3272368396196,69.09108332801368,-2.81,5.3500000000000005,1.9,2.7
1.759687753192457E9,42.2667456,-71.878624,1020.9186351706026,274.88964416400574,70.46811629326683,-2.04,5.59,1.9,2.7
1.759687753759077E9,42.266768,-71.8788864,1024.1994750656156,274.5864334407626,70.98323911749148,-3.0100000000000002,5.95,1.9,2.7
1.75968775518981E9,42.2668064,-71.8795072,1040.6036745406814,274.11880927187605,71.71870817064901,-1.8900000000000001,6.95,1.9,2.7
1.759687755756655E9,42.266816,-71.879776,1043.8845144356944,274.0955559112814,71.85303560698719,-1.99,7.82,1.9,2.7
1.759687756369817E9,42.2668256,-71.8800448,1047.1653543307075,273.9457181096899,72.03467532923739,-2.48,7.63,1.9,2.7
1.7596877571863918E9,42.2668416,-71.8804096,1057.007874015747,273.9987867407189,72.19519559770379,1.1400000000000001,7.42,1.9,2.7
1.7596877585699248E9,42.26688,-71.8810368,1070.1345144356944,274.4995491999067,72.8465467719983,-0.45,7.09,1.9,2.7
1.7596877593875952E9,42.2669056,-71.8814016,1075.0557742782141,274.4673955257169,73.36977876105765,-1.79,6.63,1.9,2.7
1.7596877605674E9,42.2669408,-71.8819648,1086.5387139107602,274.30979599239953,73.97808625488838,-0.51,6.09,1.9,2.7
1.759687761385285E9,42.2669632,-71.8823232,1096.3812335957994,274.61690831105335,74.3795780916557,0.77,6.95,1.9,2.7
1.759687761999011E9,42.2669856,-71.8826048,1106.2237532808388,274.75495938450626,74.5698194823516,0.09,7.49,1.9,2.7
1.7596877633819308E9,42.2670144,-71.883264,1109.5045931758518,275.14217497836864,75.25752790331958,0.19,6.0200000000000005,1.9,2.7
1.759687763995428E9,42.2670368,-71.8835392,1116.069553805773,275.06882735346835,75.4635831992204,-3.0700000000000003,6.72,1.9,2.7
1.7596877653793569E9,42.2670784,-71.884192,1135.7545931758518,274.7465759525933,75.87577045422944,0.81,7.0600000000000005,1.9,2.7
1.759687765992347E9,42.2670976,-71.8844736,1132.4737532808388,274.8390532365704,76.04210327686322,2.89,6.79,1.9,2.7
1.759687766558892E9,42.2671136,-71.8847552,1143.9566929133846,275.05531351805416,76.10598026033449,2.13,7.41,1.9,2.7
1.759687767989677E9,42.2671616,-71.8854208,1148.8779527559043,275.556603837166,76.28502726281465,-1.23,7.01,1.9,2.7
1.759687768555972E9,42.2671808,-71.8857024,1152.1587926509173,275.3621800939948,76.3383864986522,-2.27,6.66,1.9,2.7
1.759687769986918E9,42.267232,-71.886368,1170.2066929133846,274.4800612728629,76.64671504910642,-2.5500000000000003,6.32,1.9,2.7
1.7596877706002069E9,42.2672384,-71.886656,1173.4875328083976,274.1299737291288,76.92329310064557,-1.51,6.5200000000000005,1.9,2.7
1.759687771983849E9,42.2672768,-71.887328,1186.61089238845,273.5986781816833,77.73210757326534,-0.38,5.12,1.9,2.7
1.759687772754809E9,42.267296,-71.8877184,1189.8917322834632,272.9866369904752,78.34615722423004,-1.28,4.65,1.9,2.7
1.7596877741853828E9,42.2673184,-71.8884032,1199.7375328083976,273.1915223405399,79.25683552739524,-1.42,5.96,1.9,2.7
1.759687774798616E9,42.2673312,-71.8886976,1204.6587926509173,273.29004552044654,79.59555193048165,-1.11,5.29,1.9,2.7
1.7596877761827989E9,42.2673568,-71.8893952,1219.4225721784765,273.3722090467875,79.64114013276168,1.1400000000000001,7.88,1.9,2.7
1.759687776749079E9,42.2673728,-71.889696,1227.6246719160092,274.0286577769509,79.40787703607374,3.59,8.24,1.9,2.7
1.759687777565629E9,42.267392,-71.8900928,1239.107611548555,274.97340808829773,78.925661483549,4.71,9.06,1.9,2.7
1.759687778383741E9,42.2674176,-71.8904896,1257.1522309711272,275.9183187500405,78.42448966271958,4.15,9.81,1.9,2.7
1.759687779563188E9,42.267472,-71.8910592,1276.8405511811009,276.73510915277296,77.23711919669088,-1.23,10.03,1.9,2.7
1.759687780380508E9,42.2675008,-71.8914432,1289.9639107611533,276.7683745862876,76.69433200634056,0.06,7.96,1.9,2.7
1.759687781560906E9,42.2675552,-71.8920128,1304.7276902887124,276.7089885469011,76.70451244175243,1.71,6.67,1.9,2.7
1.7596877823782449E9,42.2675904,-71.8923904,1314.5702099737518,276.72762237384063,76.82489037881544,1.33,7.47,1.9,2.7
1.759687783557899E9,42.2676416,-71.8929664,1319.4914698162715,276.9291003082834,76.85724643155727,1.23,6.98,1.9,2.7
1.759687784374789E9,42.2676736,-71.8933504,1332.614829396324,276.94735280418945,76.97771930798051,-0.41000000000000003,6.21,1.9,2.7
1.759687785555243E9,42.2677216,-71.89392,1337.5393700787388,276.68040131072155,77.36544537957187,-1.01,5.7700000000000005,1.9,2.7
1.7596877863724198E9,42.26776,-71.8943104,1344.1010498687651,276.45881637871867,77.76137237181636,1.17,5.84,1.9,2.7
1.7596877875987601E9,42.2678016,-71.8948928,1345.7414698162715,276.16292256138627,78.40127285956339,0.13,5.6000000000000005,1.9,2.7
1.759687789186905E9,42.267872,-71.8956736,1357.2244094488176,276.2375391208562,79.07720892873603,0.28,6.51,1.9,2.7
1.759687789800364E9,42.2678944,-71.895968,1360.5052493438307,276.36039641437037,79.1350455958263,1.06,7.12,1.9,2.7
1.759687791149082E9,42.2679488,-71.8966528,1375.2723097112846,276.158861879753,79.35868628463335,-1.95,5.73,1.9,2.7
1.7596877917973561E9,42.2679744,-71.8969472,1376.9127296587912,276.25822801564084,79.53009960488825,-4.16,6.11,1.9,2.7
1.7596877931825042E9,42.268016,-71.8976384,1393.3169291338568,275.62326264336605,79.94628059382602,0.29,5.57,1.9,2.7
1.759687793794541E9,42.268048,-71.8979328,1406.4402887139092,275.4495443115778,80.23521594887065,0.16,5.39,1.9,2.7
1.759687794408469E9,42.2680672,-71.8982336,1406.4402887139092,275.27072151179664,80.62166436860248,-1.77,4.94,1.9,2.7
1.759687795996846E9,42.268128,-71.89904,1439.2519685039356,275.244205863643,81.02815439392282,-1.81,7.62,1.9,2.7
1.759687796561965E9,42.2681472,-71.8993472,1444.1732283464553,275.26818469775577,80.66037695703574,-1.45,8.43,1.9,2.7
1.75968779799326E9,42.2681952,-71.9000384,1460.5774278215208,275.02651764449496,79.86870974989033,-1.54,7.97,1.9,2.7
1.7596877985590959E9,42.2682144,-71.9003392,1473.7007874015733,274.7984543119692,79.7048420637206,0.54,7.84,1.9,2.7
1.759687799989737E9,42.2682624,-71.9010304,1485.1837270341193,274.6996370890728,79.4788784440743,1.3800000000000001,7.79,1.9,2.7
1.759687800557118E9,42.268272,-71.9013312,1486.8274278215208,275.1069002759688,79.4883267213492,3.2,7.28,1.9,2.7
1.7596878019861321E9,42.2683232,-71.9020224,1504.872047244093,275.5603167696706,79.64472685365969,-0.02,6.57,1.9,2.7
1.759687802600271E9,42.2683424,-71.9023232,1513.0741469816257,275.60778566111213,79.7683699645155,-0.64,6.28,1.9,2.7
1.759687803982765E9,42.2683904,-71.9030144,1522.9166666666652,274.3230821701353,80.19793774692666,-7.0,4.45,1.9,2.7
1.759687804597506E9,42.2684064,-71.9033024,1522.9166666666652,274.20982118624863,80.49796830782385,-1.1400000000000001,5.78,1.9,2.7
1.759687805980165E9,42.2684416,-71.9040128,1536.0433070866125,273.48682977103715,81.50076572423237,1.53,5.57,1.9,2.7
1.759687806799005E9,42.2684544,-71.904416,1537.683727034119,273.293769582829,81.87391074946706,-0.26,5.45,1.9,2.7
1.7596878081828809E9,42.2684896,-71.9051264,1552.447506561678,273.63508204103516,82.77993620147151,0.54,4.8100000000000005,1.9,2.7
1.759687808795749E9,42.2685088,-71.9054464,1559.0091863517043,273.7775676678003,83.20236868904622,0.92,5.67,1.9,2.7
1.759687810179599E9,42.2685344,-71.9061632,1577.0538057742765,273.16949351894567,83.67442925817764,-2.13,5.29,1.9,2.7
1.7596878107926478E9,42.2685536,-71.9064896,1585.2591863517043,273.35707867898554,83.6511066540695,1.46,6.74,1.9,2.7
1.759687812176083E9,42.2685824,-71.9072128,1613.146325459316,273.2087381797287,83.34665022523527,-1.1500000000000001,7.24,1.9,2.7
1.759687812790627E9,42.2686016,-71.9075264,1624.629265091862,273.0614598074819,82.98452440308262,-0.48,8.34,1.9,2.7
1.759687814377923E9,42.2686336,-71.9083392,1662.3589238845127,273.1473482380316,81.78426717614981,-0.34,8.52,1.9,2.7
1.759687814990896E9,42.2686464,-71.9086464,1672.204724409447,273.06161341104297,81.524569090461,-0.76,8.08,1.9,2.7
1.7596878163744512E9,42.2686688,-71.9093632,1696.8110236220455,272.579517833001,81.19890760374483,0.26,7.54,1.9,2.7
1.759687816988154E9,42.2686816,-71.9096704,1706.6535433070849,272.6696772618518,81.37990100253427,2.1,6.55,1.9,2.7
1.759687818372303E9,42.2687072,-71.9103744,1724.698162729657,273.3187605666273,82.26539578872396,3.6,4.03,1.9,2.7
1.7596878189851708E9,42.2687264,-71.910688,1732.9002624671898,273.58052990086145,82.79444335178239,4.36,4.3100000000000005,1.9,2.7
1.759687820370172E9,42.2687616,-71.9114048,1741.1056430446174,275.0955308895041,83.60470405995247,3.69,4.94,1.9,2.7
1.7596878209826531E9,42.268784,-71.9117184,1742.746062992124,275.63646329755295,83.71794303889739,3.75,4.82,1.9,2.7
1.7596878223676438E9,42.2688448,-71.912448,1750.9481627296568,277.13161287531113,83.7668450601402,8.950000000000001,6.5,1.9,2.7
1.759687823183969E9,42.2688832,-71.912864,1754.2290026246699,278.9317193891152,83.5093895429133,9.52,8.08,1.9,2.7
1.75968782379742E9,42.2689216,-71.9131712,1755.8694225721765,280.7924430584802,83.15112620179382,12.01,9.040000000000001,1.9,2.7
1.759687825181328E9,42.2690432,-71.9138688,1777.198162729657,286.09432214819213,82.17986915719366,17.91,8.88,1.9,2.7
1.759687825793946E9,42.2691104,-71.9141632,1785.4002624671898,288.8901448092091,82.01554217136557,18.87,8.66,1.9,2.7
1.759687827178343E9,42.2693184,-71.9148224,1805.0853018372686,297.007691529822,82.14390127012202,24.98,8.950000000000001,1.9,2.7
1.7596878277908568E9,42.2694272,-71.9150976,1819.8490813648277,300.62050548284503,82.35635776440559,24.990000000000002,8.38,1.9,2.7
1.759687828405282E9,42.2695456,-71.9153536,1828.0511811023605,304.2767569982422,82.6630491311624,24.46,7.7700000000000005,1.9,2.7
1.7596878297890348E9,42.2698976,-71.9159168,1844.4520997375307,314.18060283067655,83.61972785462147,29.650000000000002,7.05,1.9,2.7
1.7596878304019852E9,42.2700736,-71.9161408,1860.8562992125962,318.4147772339683,84.22805580584237,29.85,6.75,1.9,2.7
1.759687831785538E9,42.2705152,-71.9165824,1875.6200787401553,328.44512809229985,85.95314592350407,28.810000000000002,4.82,1.9,2.7
1.759687832399879E9,42.27072,-71.9167296,1880.541338582675,332.9696067897797,86.69951310907666,27.35,3.83,1.9,2.7
1.759687833782274E9,42.271264,-71.9169984,1900.2230971128588,343.32861040191807,88.08485997132934,27.16,4.29,1.9,2.7
1.759687834396673E9,42.271504,-71.9170944,1900.2230971128588,347.56260568252657,88.54006809765954,26.150000000000002,3.65,1.9,2.7
1.759687835780534E9,42.2720832,-71.9171904,1910.0656167978982,357.55676278996884,89.82895957511202,22.05,4.55,1.9,2.7
1.7596878363935819E9,42.272336,-71.9171904,1919.9048556430425,1.2997028787963563,89.98427352480701,17.06,4.78,2.0,2.9
1.759687837778388E9,42.2729248,-71.9171072,1944.5078740157462,8.279929462532142,89.35691590117418,8.33,7.0600000000000005,2.0,2.9
1.759687838392085E9,42.273168,-71.917056,1952.709973753279,9.750496861984528,88.95233947376443,5.18,5.29,2.0,2.9
1.7596878397746181E9,42.273744,-71.9169024,1982.2342519685017,10.535745517703097,88.87413679404415,0.32,2.11,2.0,2.9
1.759687840387747E9,42.2739872,-71.916832,1990.4363517060344,10.851536796672669,89.10523138904888,0.61,0.89,2.0,2.9
1.7596878417721229E9,42.2745568,-71.9166784,1992.073490813646,11.47971880989939,90.05201103742763,9.67,1.81,2.0,2.9
1.7596878423854442E9,42.2748,-71.9166016,1993.7139107611526,12.500755595152766,90.43330529425423,15.25,3.5,2.0,2.9
1.759687843770236E9,42.275376,-71.9163904,1998.6318897637775,18.519467143627722,91.67609989006598,23.17,4.54,2.0,2.9
1.759687844383925E9,42.2756128,-71.9162816,1992.0702099737512,21.95440185841738,91.9231296201858,23.09,5.14,2.0,2.9
1.7596878451990762E9,42.2759328,-71.9160896,2003.5498687664021,27.491093461160332,92.51575255368354,26.740000000000002,5.03,2.0,2.9
1.7596878463789802E9,42.2763712,-71.9157184,2006.8307086614152,35.16133116132141,93.2293533674186,28.91,4.4,2.0,2.8
1.759687847196055E9,42.2766528,-71.9154304,2008.4678477690268,40.60515043670638,93.99015766704638,31.01,3.79,2.0,2.8
1.759687848376178E9,42.2769696,-71.9148736,2037.995406824145,50.03370132137278,94.93211509271845,25.900000000000002,3.16,2.2,2.8
1.7596878491924071E9,42.2771872,-71.914496,2036.351706036743,55.13276550442509,95.78507091330074,22.07,2.25,2.2,2.8
1.7596878503742661E9,42.2774688,-71.9138688,2034.7112860892366,61.183656198266895,96.70755275318928,25.6,3.3200000000000003,2.6,3.0
1.759687851189796E9,42.2776352,-71.9134528,2023.2250656167957,65.66785096459719,97.28052046200455,23.19,1.76,2.2,2.8
1.759687852371688E9,42.27784,-71.9127552,2018.303805774276,72.2579233120791,98.10676346524754,19.19,0.46,2.2,2.8
1.7596878531865191E9,42.2779424,-71.912288,2021.5813648293943,76.1893076434801,98.20411636790323,17.26,0.98,2.2,2.8
1.759687853800564E9,42.278,-71.9119168,2019.9409448818876,79.1397687150131,98.11361302717108,16.62,1.52,2.2,2.9
1.7596878551839728E9,42.2780832,-71.9110784,2019.9376640419928,84.26891155273789,97.32882742273702,8.82,2.24,2.2,2.9
1.759687855797636E9,42.2781152,-71.91072,2018.2972440944861,85.55541850713212,96.82248623285261,5.62,2.14,2.2,2.9
1.759687857182009E9,42.278144,-71.9098752,2021.5780839894992,87.10392177254914,95.7983777785538,0.68,1.36,2.2,2.9
1.759687857794436E9,42.2781568,-71.9095168,2024.8589238845125,87.41014689273082,95.5014339027155,0.38,0.97,2.2,2.9
1.7596878591786098E9,42.2781824,-71.9086912,2023.2152230971108,88.40299139743917,94.8575796134233,2.19,1.18,2.2,2.9
1.759687859791147E9,42.2781792,-71.9083328,2024.8556430446174,89.0112250488939,94.62100085518847,0.49,0.9,2.2,2.9
1.7596878603598828E9,42.2781824,-71.9079808,2029.776902887137,89.35135174074243,94.43801713684911,-1.58,0.59,2.2,2.9
1.759687861175355E9,42.278192,-71.9075136,2028.1364829396305,89.12622444599691,94.3263031971585,-4.3100000000000005,-0.12,2.2,2.9
1.759687862359665E9,42.2781952,-71.9068096,2029.7736220472418,88.63354919100067,94.55604697067524,0.47000000000000003,-0.21,2.2,2.9
1.759687863173973E9,42.2781952,-71.9063232,2023.2119422572155,88.86104559461882,94.85891403405812,3.67,-0.91,2.2,2.9
1.759687864401649E9,42.2782112,-71.9056256,2015.0098425196827,89.57991627240787,95.44532982417611,3.95,-1.05,2.2,2.9
1.7596878651705608E9,42.2782112,-71.9051456,2013.3694225721763,90.11610071143512,95.92892252602833,1.03,-1.1500000000000001,2.2,2.9
1.7596878663597531E9,42.2782016,-71.9044288,2000.2427821522288,90.76281985352375,96.36491182861565,5.19,-0.16,2.2,2.9
1.759687867167223E9,42.2781952,-71.9039488,1998.6023622047223,91.25461960214582,96.76833902934081,4.16,-0.45,2.2,2.8
1.759687868394367E9,42.278176,-71.9032192,1996.9619422572157,92.16388510036523,97.30048493965569,-0.09,0.13,2.2,2.8
1.759687869164575E9,42.2781632,-71.9027392,2000.239501312334,91.87301304136012,97.53591251068207,-5.25,0.0,2.2,2.8
1.759687870392488E9,42.2781568,-71.9020032,1993.6778215223076,90.58114251172931,97.74152861181491,-4.84,0.45,2.2,2.8
1.759687871160517E9,42.2781536,-71.9015168,1993.6778215223076,89.71624746883849,98.12647319846161,-4.11,-0.44,2.2,2.8
1.7596878717754269E9,42.2781536,-71.901152,1992.0374015748012,89.12903549887415,98.46709991224482,-5.07,-0.11,2.2,2.8
1.759687873363215E9,42.278176,-71.9001664,1990.3937007873997,87.552566236808,98.77908907730517,-6.83,0.78,2.2,2.9
1.7596878739755092E9,42.2781856,-71.8997952,1988.753280839893,87.12634431416085,98.87162978274647,-4.99,0.19,2.2,2.8
1.7596878753632321E9,42.278224,-71.8989248,1992.034120734906,85.57216613733955,99.70579261225897,-0.11,0.8300000000000001,2.2,2.8
1.759687875972465E9,42.2782528,-71.8985536,1988.749999999998,85.27334718697128,100.02049887194724,0.12,1.08,2.2,2.8
1.759687876585669E9,42.2782784,-71.8981888,1993.6712598425177,85.45888479406523,100.1697468098164,-0.23,2.34,2.2,2.8
1.759687877969207E9,42.2783232,-71.8973056,1992.0308398950112,85.2695962652029,100.17707955890683,1.04,2.99,2.2,2.8
1.759687878582326E9,42.278352,-71.896928,2003.5104986876618,85.01054968219135,100.35218375008449,1.06,1.46,2.2,2.8
1.7596878799686399E9,42.278416,-71.896064,2008.4317585301815,85.4889234159741,100.34107935232824,1.82,2.82,1.9,2.7
1.7596878813975549E9,42.2784576,-71.8951936,2023.1922572178455,86.32907345808431,99.8852865551978,1.04,4.79,1.9,2.7
1.759687882576657E9,42.278496,-71.8944384,2039.5964566929113,86.0625478214015,99.07835621856367,-1.07,4.78,1.9,2.7
1.759687883394333E9,42.2785152,-71.893952,2051.0793963254573,85.7364790882472,98.5729999895436,-3.63,3.91,1.9,2.7
1.759687884573889E9,42.2785568,-71.893216,2065.8398950131213,85.08404421037727,97.76568133075351,-1.69,4.84,1.9,2.7
1.759687885391636E9,42.278592,-71.892736,2077.322834645667,84.66236307394507,97.1664729243798,-0.22,5.0200000000000005,1.9,2.7
1.7596878865720701E9,42.27864,-71.8920128,2095.367454068239,84.55747552146175,96.3240927326695,1.93,4.93,1.9,2.7
1.759687887348906E9,42.2786752,-71.8915392,2106.8471128608903,84.73304083606604,95.92553502380751,2.4,4.92,1.9,2.7
1.759687888567771E9,42.2787232,-71.8908224,2123.251312335956,85.09293503519973,95.44269319787193,3.12,4.16,1.9,2.7
1.759687889348845E9,42.278752,-71.8903424,2124.8917322834623,85.4158314644051,95.33954830592738,2.85,3.73,1.9,2.7
1.759687890348913E9,42.2787904,-71.8897472,2142.9330708661396,85.9035828847123,95.51182710990814,3.7600000000000002,2.16,1.9,2.7
1.759687890973948E9,42.2788032,-71.8894016,2142.9330708661396,86.31386751195355,95.54323130334828,3.3200000000000003,1.78,1.9,2.7
1.759687891587704E9,42.2788224,-71.8890432,2146.213910761153,86.72252912566636,95.54071800307975,5.03,2.09,1.9,2.7
1.7596878923495169E9,42.2788416,-71.8885696,2146.213910761153,87.47045904122642,95.57476948011158,4.37,2.34,1.9,2.7
1.759687893583996E9,42.2788672,-71.8878464,2154.4127296587903,87.69684068848578,95.77283138307828,4.21,0.99,1.9,2.7
1.759687894356468E9,42.2788768,-71.8873856,2160.9744094488165,88.53951748815636,96.0960122814621,3.69,-0.21,1.9,2.7
1.759687895581911E9,42.2788768,-71.8866496,2165.895669291336,89.47056431428025,96.76870997690352,1.21,-0.46,1.9,2.7
1.759687896353868E9,42.2788768,-71.8861696,2159.33398950131,89.1754924321966,97.26061016063495,2.68,-0.5700000000000001,1.9,2.7
1.759687897578707E9,42.2788928,-71.88544,2152.769028871389,89.60093137215621,97.6805549564509,2.19,0.25,1.9,2.7
1.759687898396157E9,42.2788928,-71.8849536,2146.2073490813627,89.63614997060958,97.95229892223492,0.74,0.02,1.9,2.7
1.7596878995759568E9,42.2788928,-71.884224,2151.128608923882,89.84090859743961,98.00901700490522,2.6,1.3,1.9,2.7
1.759687900392964E9,42.278896,-71.8837376,2152.765748031494,90.03413849418045,97.87258744448793,3.0700000000000003,1.83,1.9,2.7
1.759687901571991E9,42.2788928,-71.8830016,2144.5636482939613,90.71886968729525,97.60811439134426,3.5,1.1300000000000001,1.9,2.7
1.7596879023904638E9,42.2788896,-71.8825088,2152.765748031494,91.18730731572883,97.56306346390991,2.0300000000000002,0.9,1.9,2.7
1.7596879035705771E9,42.2788736,-71.8817856,2159.32742782152,91.5993868238454,97.50234829807265,0.62,1.16,1.9,2.7
1.759687904387436E9,42.2788672,-71.8812992,2159.3241469816253,91.66078007524943,97.25251551905527,0.31,1.67,1.9,2.7
1.759687905567401E9,42.2788512,-71.8805824,2162.604986876638,91.51046864549437,96.60376161294116,0.0,1.82,1.9,2.7
1.759687906384553E9,42.278848,-71.880096,2175.728346456691,91.43934793321884,95.95900302511158,-0.86,2.15,1.9,2.7
1.759687907564149E9,42.278832,-71.8793792,2179.0091863517036,90.85562213254683,95.02571418035213,-2.69,1.06,1.9,2.7
1.759687908382286E9,42.2788288,-71.8789056,2183.9271653543283,90.77964702011106,94.285186625441,0.36,1.6500000000000001,1.9,2.7
1.759687909767416E9,42.2788096,-71.87808,2193.7696850393677,90.52728364946725,92.93914064863117,1.36,1.86,1.9,2.7
1.75968791037954E9,42.2788096,-71.8777408,2197.0505249343805,90.62787381899773,92.24095950961228,1.85,1.41,1.9,2.7
1.759687911196525E9,42.2788032,-71.87728,2203.612204724407,90.93999130584746,91.23690007299814,2.77,-0.3,1.9,2.7
1.759687912376791E9,42.2787936,-71.8766016,2195.406824146979,91.24778064336714,90.15744791690581,1.44,-2.58,1.9,2.7
1.759687913193399E9,42.2787872,-71.87616,2187.2047244094465,91.60935646663242,89.97717676263044,2.62,-4.3,1.9,2.7
1.759687914374594E9,42.2787712,-71.875488,2170.800524934381,91.62847431640651,90.28916607746027,-1.04,-6.18,1.9,2.7
1.75968791519032E9,42.2787616,-71.8750336,2157.6771653543283,91.67784432037453,90.9526020874674,0.07,-5.9,1.9,2.7
1.7596879163719E9,42.2787488,-71.8743488,2128.1463254593154,91.52929071499034,92.50163034298586,0.54,-4.88,1.9,2.7
1.759687917188139E9,42.2787392,-71.873888,2119.9442257217825,91.16889597689332,93.38228323014366,-1.78,-3.85,1.9,2.7
1.759687918369633E9,42.2787232,-71.873184,2106.82086614173,90.64665176912891,94.72957518293288,-1.36,-2.35,1.9,2.7
1.759687919185682E9,42.27872,-71.8727168,2090.4133858267696,90.63126849627687,95.27360102836674,1.61,-1.11,1.9,2.7
1.759687919797749E9,42.27872,-71.872352,2087.1325459317563,90.46552523841606,95.69862298722006,-0.13,-1.5,1.9,2.7
1.759687921182688E9,42.27872,-71.8715136,2067.4475065616775,90.17323807169994,96.43456595116835,0.59,-0.87,1.9,2.7
1.759687922409678E9,42.2787104,-71.870784,2067.4475065616775,90.42364212810736,97.2726372391676,3.62,-0.85,1.9,2.7
1.7596879231787481E9,42.2787104,-71.8702976,2055.9612860892366,90.84285921212805,97.78595828092585,4.46,-0.6900000000000001,1.9,2.7
1.7596879244058561E9,42.2786944,-71.8695616,2051.040026246717,91.22684878839439,98.05055473069505,0.43,-0.4,1.9,2.7
1.7596879251751928E9,42.2786912,-71.8690688,2046.1187664041975,91.40686249892994,98.17430232598733,-0.15,-0.08,1.9,2.7
1.759687926402606E9,42.2786784,-71.8683456,2037.9133858267694,90.67175995533138,97.82097799805723,-5.37,0.41000000000000003,1.9,2.7
1.759687927173615E9,42.2786784,-71.8678592,2032.9921259842497,89.82859311352652,97.46479887143174,-6.33,0.9,1.9,2.7
1.759687928400265E9,42.2786816,-71.8671296,2034.632545931756,88.45898753648662,96.85792452144226,-2.68,1.3900000000000001,1.9,2.7
1.7596879291700978E9,42.2787008,-71.8666432,2037.9133858267694,87.85888366796134,96.77382695581667,1.09,1.47,1.9,2.7
1.7596879303598661E9,42.2787296,-71.86592,2034.6292650918613,87.5743453192156,96.90972712410745,1.59,0.64,1.9,2.7
1.759687931348658E9,42.2787392,-71.8653184,2032.9888451443546,88.28727109122552,96.90506378181574,4.4,1.62,1.9,2.7
1.7596879319840112E9,42.2787424,-71.86496,2031.3484251968482,88.65224819035275,96.69413654404082,4.29,2.71,1.9,2.7
1.759687932597828E9,42.2787552,-71.8645888,2029.7080052493416,88.84709103768209,96.60919044318176,3.29,1.86,1.9,2.7
1.759687933980875E9,42.278768,-71.8637568,2026.4238845144334,89.20073749614406,96.15190370525589,0.6900000000000001,1.93,1.9,2.7
1.759687934594644E9,42.278768,-71.8633984,2031.3451443569531,89.43100913988506,95.9140166213481,0.26,1.99,1.9,2.7
1.759687935978164E9,42.2787808,-71.8625536,2031.3451443569531,88.916218069803,95.57649318276259,-0.37,0.99,1.9,2.7
1.759687936591185E9,42.2787808,-71.862208,2036.263123359578,88.78559544808806,95.3864357309032,-0.67,1.31,1.9,2.7
1.759687937975543E9,42.2788032,-71.861376,2031.3418635170583,88.28129145180951,95.27180243972667,-1.07,1.07,1.9,2.7
1.759687938588609E9,42.2788032,-71.8610176,2034.6227034120714,88.00130534360711,95.306362317528,-0.22,1.32,1.9,2.7
1.7596879399720402E9,42.2788352,-71.8601856,2032.9790026246699,87.68556984546386,95.30668741549513,-0.01,1.18,1.9,2.7
1.75968794058716E9,42.2788384,-71.8598272,2034.6194225721765,87.51298217730954,95.4160081033958,0.81,1.1300000000000001,1.9,2.7
1.7596879419697108E9,42.2788672,-71.8590016,2029.6981627296568,87.15389778782134,95.52171286083261,1.04,0.86,1.9,2.7
1.75968794258371E9,42.27888,-71.8586368,2036.259842519683,87.24930499492827,95.59178177622579,1.6500000000000001,1.2,1.9,2.7
1.759687943354869E9,42.2789024,-71.8581632,2031.335301837268,87.1846337260468,95.77218435068494,1.3800000000000001,0.99,1.9,2.7
1.759687944580608E9,42.2789312,-71.8574464,2026.4140419947485,87.06046042153963,95.89940193762219,0.77,1.31,1.9,2.7
1.7596879453978748E9,42.2789504,-71.8569664,2029.6948818897615,87.09702113812192,95.95466954146603,0.65,1.1500000000000001,1.9,2.7
1.7596879465787501E9,42.2789728,-71.8562496,2021.4895013123337,86.87511899178517,95.56542299142475,2.15,0.6900000000000001,1.9,2.7
1.759687947348731E9,42.2789952,-71.855776,2018.2086614173206,87.0271792822939,95.20155159903052,2.31,0.42,1.9,2.7
1.759687948574218E9,42.2790144,-71.8550592,2003.4448818897615,87.31897679919908,94.74949891720786,1.82,0.0,1.9,2.7
1.75968794939253E9,42.2790272,-71.854592,2003.4416010498667,87.27649193443854,94.49982944743844,0.74,-0.25,1.9,2.7
1.759687950571183E9,42.2790592,-71.8538816,1988.6778215223076,87.20960105165538,94.23268104079064,0.0,-1.12,1.9,2.7
1.7596879513485951E9,42.2790752,-71.8534144,1982.1161417322814,86.91582327152682,94.29640911737896,-2.68,-2.02,1.9,2.7
1.759687952160322E9,42.2790944,-71.8529536,1973.9140419947487,86.33069859325808,94.15846270271196,-1.58,-0.63,1.9,2.7
1.759687953387804E9,42.2791328,-71.8522496,1960.7874015748012,85.39908794521105,93.7816834619572,-0.49,-0.53,1.9,2.7
1.759687954769054E9,42.2791872,-71.8514304,1950.9448818897617,85.22736085653479,92.51732904271819,1.48,0.17,1.9,2.7
1.759687955586595E9,42.2792128,-71.850976,1949.3044619422553,85.11231547001472,91.71363389217063,0.19,-0.05,1.9,2.7
1.759687956971499E9,42.279264,-71.8501824,1941.0990813648275,84.98387457241874,90.48260567543667,1.2,-0.51,1.9,2.7
1.759687957584958E9,42.2792896,-71.8498432,1934.5374015748014,85.00458384913883,90.18705272798101,2.23,-1.6400000000000001,1.9,2.7
1.7596879584029331E9,42.2793056,-71.8495104,1936.1778215223078,85.10055488084116,89.90084068050368,3.08,-1.6400000000000001,1.9,2.7
1.759687959785744E9,42.2793568,-71.8486144,1942.7362204724388,86.31101949574331,89.42719268759994,3.06,-1.42,1.9,2.7
1.7596879605563788E9,42.279376,-71.8481728,1932.8937007873994,86.38072873342828,88.99174410346855,0.29,-0.88,1.9,2.7
1.759687961374223E9,42.2793952,-71.8477312,1942.7362204724388,86.24785928637611,88.51803389742874,-0.5700000000000001,-0.7000000000000001,1.9,2.7
1.759687962554861E9,42.2794272,-71.8470784,1929.6095800524913,86.42445602063665,87.8967983224131,4.5600000000000005,-0.16,1.9,2.7
1.759687963372148E9,42.2794464,-71.8466432,1931.249999999998,87.09239879684534,87.37165824586879,6.67,0.19,1.9,2.7
1.7596879639850059E9,42.2794528,-71.8463104,1921.4074803149585,87.96095811303894,87.41171924388999,9.040000000000001,-1.2,1.9,2.7
1.75968796459781E9,42.2794656,-71.845984,1921.4074803149585,88.76129632281922,87.22124667415522,11.13,-0.88,1.9,2.7
1.759687965981492E9,42.2794624,-71.8452288,1911.5649606299191,93.01886133324713,86.73808106875941,20.87,0.42,1.9,2.7
1.7596879667992501E9,42.2794368,-71.8448,1911.5616797900243,96.9750653235465,86.59770480029393,22.66,-0.32,1.9,2.7
1.75968796818505E9,42.2793376,-71.844064,1901.719160104985,104.8198659510736,86.17997223730775,27.54,-0.21,1.9,2.7
1.75968796879635E9,42.2792672,-71.8437504,1893.5170603674521,108.7988434787609,86.13931207088721,28.900000000000002,0.55,1.9,2.7
1.759687970180756E9,42.2790464,-71.8430656,1888.5958005249324,119.15309374999842,85.67131558274974,32.78,-0.92,1.9,2.7
1.759687970793143E9,42.2789184,-71.8427904,1883.6745406824127,124.22474999088378,85.50362974686571,34.96,-1.29,1.9,2.7
1.75968797217712E9,42.2785568,-71.8422144,1867.2703412073472,136.78788550104318,85.02707544025272,33.63,-2.49,1.9,2.7
1.7596879727899709E9,42.2783744,-71.8420096,1854.1469816272947,142.107774164796,84.97896977816009,31.18,-2.42,1.9,2.7
1.759687973560988E9,42.2781216,-71.84176,1855.7874015748012,148.57853634013688,84.71448464443826,29.07,-2.5300000000000002,1.9,2.7
1.7596879743793721E9,42.27784,-71.841568,1836.1056430446174,154.94083124015359,84.35255995558201,28.45,-1.46,1.9,2.7
1.759687975556713E9,42.2773888,-71.8413568,1831.1843832020977,163.57201270575857,83.37340272673181,23.56,-1.49,1.9,2.7
1.759687976375777E9,42.2770912,-71.8412544,1822.982283464565,169.312333958027,82.48927803031,23.8,-1.54,1.9,2.7
1.759687977553967E9,42.2766304,-71.8411968,1811.502624671914,177.511641038564,81.03753627499592,22.3,-0.35000000000000003,1.9,2.7
1.7596879783725572E9,42.2763328,-71.8411968,1811.502624671914,183.02083209631434,80.04210874250846,21.990000000000002,-0.48,1.9,2.7
1.75968797918964E9,42.2760352,-71.8412416,1811.5059055118093,187.9701703773106,78.78696910141147,19.7,0.32,1.9,2.7
1.759687980372898E9,42.2756,-71.8413696,1806.5846456692896,194.4608048269855,76.98543524674524,13.9,0.84,1.9,2.7
1.759687981186753E9,42.2753248,-71.8414848,1806.5879265091846,197.99224929172985,75.57932601247559,10.620000000000001,1.77,1.9,2.7
1.7596879825722098E9,42.2748672,-71.8417152,1813.1496062992107,201.17177985350216,73.25100640895126,1.09,1.78,1.9,2.7
1.7596879833890982E9,42.2746208,-71.8418496,1811.5124671915992,201.6633961327357,71.92927777505088,-2.81,-0.15,1.9,2.7
1.759687984569141E9,42.2742464,-71.8420608,1811.5124671915992,201.8748731084094,70.38059628248234,-0.59,-2.5300000000000002,1.9,2.7
1.759687985384882E9,42.2740096,-71.8421952,1803.3136482939613,201.4498516748246,70.00645487220825,-0.53,-3.99,1.9,2.7
1.759687986564261E9,42.273648,-71.8423872,1790.1902887139088,201.12740721154185,70.26989227883644,0.76,-5.57,1.9,2.7
1.759687987348634E9,42.2733984,-71.8425152,1777.0702099737512,201.20395943345164,70.61900353188456,0.81,-5.8100000000000005,1.9,2.7
1.759687988563004E9,42.2730368,-71.8427072,1759.025590551179,201.88529782979543,71.49599029905532,2.29,-5.61,1.9,2.7
1.7596879893815532E9,42.2727936,-71.8428416,1745.9022309711265,202.10944834375167,72.51126725268925,1.79,-7.16,1.9,2.7
1.759687990198081E9,42.2725408,-71.8429888,1726.2204724409432,202.16478492689902,73.42132228940389,0.76,-7.3,1.9,2.7
1.759687991379147E9,42.2721568,-71.8431936,1699.9737532808383,201.81793155428807,75.10554538916446,-1.37,-7.51,1.9,2.7
1.759687992195023E9,42.2718976,-71.8433408,1688.4940944881873,201.5582617767869,75.70181264997595,-1.43,-5.94,1.9,2.7
1.759687993374285E9,42.271504,-71.8435456,1663.8877952755888,201.35098024765358,75.76122615743098,2.29,-3.48,1.9,2.7
1.75968799419154E9,42.2712416,-71.84368,1655.688976377951,201.57642003269228,75.37684555906745,3.14,-2.87,1.9,2.7
1.759687994758778E9,42.2710496,-71.8437888,1655.688976377951,201.77099037754215,74.78790548996167,0.78,-3.58,1.9,2.7
1.759687996189167E9,42.2706016,-71.844032,1636.0072178477672,202.16115457633123,73.58733912092944,2.82,-3.59,1.9,2.7
1.759687996802562E9,42.270416,-71.8441344,1631.0859580052474,202.16843173221378,73.25530575397809,1.76,-2.58,1.9,2.7
1.759687998185205E9,42.2699808,-71.8443776,1621.2467191601033,202.77073049749893,72.11987112025574,2.67,-0.55,1.9,2.7
1.759687998800056E9,42.2697984,-71.84448,1621.2467191601033,203.31672597410267,71.798963773423,2.93,-0.53,1.9,2.7
1.7596880001824589E9,42.2693696,-71.8447296,1621.2467191601033,203.51254831698975,69.87025111301674,0.99,0.9400000000000001,1.9,2.7
1.7596880007963638E9,42.2691872,-71.8448256,1619.6095800524918,203.91162066692766,68.9148388299298,4.59,0.0,1.9,2.7
1.7596880014107409E9,42.2690112,-71.8449344,1621.2499999999982,204.7568509125649,68.0489872765633,8.16,-0.13,1.9,2.7
1.7596880027931418E9,42.2686304,-71.8452096,1611.410761154854,207.90767520361572,66.78162545815093,12.07,-0.18,1.9,2.7
1.759688003407761E9,42.268464,-71.845312,1606.4895013123344,209.79485216545208,66.34708873099706,14.35,-0.52,1.9,2.7
1.7596880043814778E9,42.2682048,-71.8455296,1595.0065616797883,213.96105590016455,66.11369462529281,16.87,-1.67,1.9,2.7
1.759688005560015E9,42.2679072,-71.8458176,1578.6056430446176,219.64788659293933,66.01667360236557,19.42,-2.19,1.9,2.7
1.759688006377248E9,42.2677184,-71.8460416,1568.7631233595785,224.01367352607554,66.27473577906733,19.63,-3.11,1.9,2.7
1.759688006991339E9,42.2675968,-71.8462144,1570.4035433070849,227.1642176073772,66.24344242543752,18.150000000000002,-3.42,1.9,2.7
1.7596880083756142E9,42.2673152,-71.8466624,1537.598425196849,234.00850374202514,66.18790773889712,14.530000000000001,-3.72,1.9,2.7
1.759688008988945E9,42.2672192,-71.8468736,1532.6771653543292,236.5346206536447,65.98946371634787,11.43,-3.71,1.9,2.7
1.7596880103706079E9,42.2670048,-71.8473664,1519.5570866141716,241.28802657421204,65.67058747393166,6.97,-3.65,1.9,2.7
1.759688010985909E9,42.2669312,-71.8475904,1511.3549868766388,242.8041811378427,65.54153029067317,4.74,-3.27,1.9,2.7
1.759688012368494E9,42.2667456,-71.8481088,1501.5124671915994,244.73951670620016,64.9110915939786,6.6000000000000005,-2.7800000000000002,1.9,2.7
1.759688012982156E9,42.2666752,-71.8483328,1493.3103674540666,245.41676419234733,64.85482094639428,5.83,-3.7600000000000002,1.9,2.7
1.7596880143645148E9,42.2665024,-71.8488512,1471.9881889763763,247.92435857843864,64.85854956756455,7.97,-3.7800000000000002,1.9,2.7
1.7596880149787722E9,42.2664416,-71.8490752,1460.5052493438304,249.0684279026595,64.91221214363928,6.79,-4.34,1.9,2.7
1.759688016362033E9,42.266304,-71.8496064,1444.101049868765,251.69948495082707,65.49620962345683,5.97,-4.9,1.9,2.7
1.759688016976105E9,42.2662464,-71.8498368,1434.2618110236206,252.61873394072174,65.85139517539027,4.8500000000000005,-5.14,1.9,2.7
1.759688017590767E9,42.2661888,-71.85008,1426.0597112860878,253.22656772387742,66.14468376232111,3.2600000000000002,-4.94,1.9,2.7
1.759688018974082E9,42.26608,-71.8506368,1411.2959317585287,253.89157803538586,66.626669986847,1.04,-4.86,1.9,2.7
1.759688019587278E9,42.2660256,-71.8508864,1403.093832020996,254.1072803815055,66.79731336175067,1.09,-4.53,1.9,2.7
1.759688020971445E9,42.2659072,-71.8514496,1385.0524934383186,255.03977596333755,67.24244736880473,1.81,-4.39,1.9,2.7
1.759688021584725E9,42.2658624,-71.8516928,1373.5695538057728,255.29848848697804,67.40325546021766,2.08,-4.89,1.9,2.7
1.759688022966796E9,42.26576,-71.8522752,1357.1653543307073,256.2739979152876,67.91358968850582,3.44,-4.2,1.9,2.7
1.759688023581521E9,42.2657152,-71.8525184,1355.5282152230957,256.85054341218904,67.93015924855821,5.12,-3.2600000000000002,1.9,2.7
1.759688024962996E9,42.2656224,-71.8530944,1344.0452755905499,259.38640328145294,67.7552922320695,9.17,-2.02,1.9,2.7
1.759688025578213E9,42.2655872,-71.8533568,1335.843175853017,261.0959294750467,67.56586466868232,8.83,-2.43,1.9,2.7
1.759688026396652E9,42.265552,-71.8536832,1326.0006561679777,263.43642688876605,67.17245389897832,7.43,-3.92,1.9,2.7
1.759688027573853E9,42.2655328,-71.8541824,1327.6443569553792,266.8444941323416,66.035327046527,10.85,-2.68,1.9,2.7
1.759688028393368E9,42.2655168,-71.8545152,1322.7230971128595,269.11466763484464,65.4181766601855,11.040000000000001,-3.17,1.9,2.7
1.759688029571984E9,42.2655232,-71.8549952,1311.2401574803137,272.8942228346857,64.67645022749248,6.26,-4.87,1.9,2.7
1.759688030389905E9,42.265536,-71.8553152,1298.1167979002612,275.0216057029424,64.17938103778097,7.17,-4.46,1.9,2.7
1.759688031567717E9,42.2655808,-71.8557888,1286.6338582677151,276.84487572716307,63.11943225038986,2.87,-4.15,1.9,2.7
1.7596880323866959E9,42.2656128,-71.8561024,1275.1509186351693,277.13384194641566,62.609948591405185,-2.31,-5.7700000000000005,1.9,2.7
1.759688033565487E9,42.2656608,-71.8565696,1258.7467191601036,275.8896418656386,62.5135703639709,-7.8,-7.98,1.9,2.7
1.759688034383998E9,42.2656832,-71.8568832,1250.5479002624659,274.90928090583077,62.23695880767904,-2.98,-7.0200000000000005,1.9,2.7
1.75968803499821E9,42.265696,-71.8571136,1242.3458005249329,274.56397987027015,62.537392604808275,3.91,-6.15,1.9,2.7
1.7596880365858588E9,42.2657312,-71.8577344,1214.4586614173215,274.63023228196784,63.0892659599999,0.71,-6.43,1.9,2.7
1.7596880373483748E9,42.2657504,-71.858048,1207.8969816272952,275.0186657314137,63.105862796790475,-1.32,-6.29,1.9,2.7
1.7596880385827441E9,42.2657888,-71.8585216,1193.133202099736,274.99033727419953,63.23971750548304,-3.19,-6.53,1.9,2.7
1.75968803935307E9,42.2658016,-71.8588352,1184.9311023622033,273.98721603998445,62.899542841955196,-2.77,-6.12,1.9,2.7
1.7596880405798779E9,42.265824,-71.859296,1173.4514435695526,272.11780372500755,62.59567109163736,-3.9,-5.91,1.9,2.7
1.7596880413485131E9,42.2658304,-71.8596096,1163.6089238845132,272.0333156694144,62.45617115737168,1.02,-4.96,1.9,2.7
1.759688042576236E9,42.2658432,-71.8600768,1148.8451443569543,271.384201149055,62.76561584986172,-1.73,-7.1000000000000005,1.9,2.7
1.759688043394736E9,42.2658464,-71.8603968,1140.6430446194213,270.6900640383724,62.94624987379968,-4.54,-7.17,1.9,2.7
1.759688044573935E9,42.2658432,-71.860864,1125.8792650918624,269.91284494170776,63.89424230793696,4.42,-6.82,1.9,2.7
1.759688045392046E9,42.2658432,-71.8611776,1117.6771653543296,270.1050333919916,63.6221370601486,1.83,-4.33,1.9,2.7
1.759688046570328E9,42.2658464,-71.861664,1106.1975065616787,272.31939589143076,63.401833731701174,5.59,-3.97,1.9,2.7
1.7596880473485699E9,42.2658624,-71.8619776,1096.3549868766393,273.6902445339405,62.81923474400714,6.16,-3.2800000000000002,1.9,2.7
1.75968804856782E9,42.265888,-71.8624512,1091.4337270341196,275.2495022963894,62.25029580914832,1.6600000000000001,-5.48,1.9,2.7
1.759688049394763E9,42.2659104,-71.862752,1071.7486876640407,275.7621436822231,62.343080972540626,0.31,-6.41,1.9,2.7
1.7596880507683191E9,42.2659584,-71.863296,1063.546587926508,274.7966784372668,64.39182555407496,0.38,-3.42,1.9,2.7
1.759688051384767E9,42.265968,-71.8635328,1063.546587926508,274.4237639315519,64.76746617661198,1.08,-2.29,1.9,2.7
1.7596880527657871E9,42.2660064,-71.8641152,1052.0669291338572,273.9380616606195,64.5324987367326,-3.36,-2.71,1.9,2.7
1.75968805338034E9,42.2660128,-71.864352,1045.5052493438309,273.5427736282327,64.17231276028025,-2.64,-3.3200000000000003,1.9,2.7
1.759688054198271E9,42.2660256,-71.864672,1035.6627296587917,273.2834337587285,63.80452425215214,-0.07,-3.02,1.9,2.7
1.7596880553776631E9,42.266048,-71.8651456,1030.741469816272,273.1544274261117,63.23187491827565,2.05,-3.44,1.9,2.7
1.7596880561950378E9,42.2660608,-71.8654528,1025.8202099737523,273.5439764893259,62.26377863435586,3.0700000000000003,-2.99,1.9,2.7
1.75968805735972E9,42.2660832,-71.86592,1014.3372703412064,274.5790076300061,61.11515395140019,1.05,-1.6300000000000001,1.9,2.7
1.759688058191368E9,42.2660928,-71.8662208,1006.1384514435684,274.81567726964147,60.433637511623374,-1.51,-0.16,1.9,2.7
1.759688059370395E9,42.2661312,-71.8666624,1002.8576115485554,274.2566404100143,58.92495815901135,-1.58,1.44,1.9,2.7
1.759688060188342E9,42.2661472,-71.8669568,999.5767716535422,273.80636895526663,57.68448182591209,0.47000000000000003,0.9500000000000001,1.9,2.7
1.759688061366942E9,42.2661664,-71.8673728,999.5767716535422,274.3833692259418,55.69855653657025,2.3000000000000003,0.74,1.9,2.7
1.7596880621851768E9,42.2661824,-71.867648,1001.2171916010487,274.9475378819664,54.31901873102956,-0.31,1.08,1.9,2.7
1.7596880627997441E9,42.266192,-71.8678464,1004.4980314960619,275.0131137550358,53.38780835108895,-0.92,1.61,1.9,2.7
1.759688064182714E9,42.2662208,-71.8683008,999.5767716535422,274.4036917881743,51.39145826725206,-0.97,3.97,1.9,2.7
1.7596880647966352E9,42.26624,-71.8684864,997.9363517060357,274.3919411994856,50.51334149142802,0.39,2.71,1.9,2.7
1.7596880661803808E9,42.266256,-71.868928,1001.2204724409439,273.4340902112391,48.352482108212946,1.12,0.85,1.9,2.7
1.759688066793548E9,42.2662624,-71.8691008,996.2992125984242,273.46539802012353,47.59458676369582,1.31,0.72,1.9,2.7
1.7596880673594298E9,42.2662688,-71.86928,1001.2204724409439,273.1758881113726,47.0160532284541,1.1500000000000001,0.41000000000000003,1.9,2.7
1.759688068176787E9,42.2662816,-71.8695168,997.9396325459307,273.08885053523113,46.17507561257454,2.2600000000000002,0.11,1.9,2.7
1.759688069404375E9,42.2662976,-71.8698496,1001.2204724409439,274.24635833719424,45.416249064454256,2.05,0.13,1.9,2.7
1.7596880701749701E9,42.2663104,-71.8700736,997.9396325459307,274.2209096998075,45.16136877991763,1.95,-0.08,1.9,2.7
1.7596880714012918E9,42.2663296,-71.8704192,994.6587926509177,273.4966588218585,46.21346272895204,1.52,0.23,1.9,2.7
1.759688072172235E9,42.2663392,-71.8706496,997.9396325459307,273.38551298597076,48.05795316640376,0.5,0.37,1.9,2.7
1.7596880733992891E9,42.2663552,-71.8710144,997.9396325459307,273.653607171045,51.24670523423711,-0.26,0.16,1.9,2.7
1.7596880741682749E9,42.2663648,-71.8712768,993.021653543306,273.3799296344946,53.41256330634296,-1.0,-0.22,1.9,2.7
1.759688075395761E9,42.266384,-71.87168,1002.8641732283454,274.3427421236177,56.47531988858875,-1.01,0.91,1.9,2.7
1.759688076165149E9,42.2664032,-71.871968,997.9429133858257,274.4671590613893,58.64900966055563,-0.97,0.92,1.9,2.7
1.759688077359332E9,42.2664224,-71.8724224,997.9429133858257,273.6664025321454,61.707290521485966,-1.18,1.45,1.9,2.7
1.759688078775342E9,42.266448,-71.8729792,997.9429133858257,273.21299287923284,65.20184405606739,-1.23,1.7,1.9,2.7
1.759688079390322E9,42.2664576,-71.8732224,994.6620734908126,273.45605755112666,66.42534163158636,-1.52,3.4,1.9,2.7
1.759688080948378E9,42.266496,-71.8738944,999.5866141732272,273.8044716532786,69.43162458753909,-1.48,5.3,1.9,2.7
1.759688081590259E9,42.2665024,-71.8741632,999.5866141732272,273.7855289719307,70.07297326509088,-2.44,5.17,1.9,2.7
1.759688082361109E9,42.2665216,-71.8745088,999.5866141732272,273.6812643985138,70.84379845907256,-0.49,5.53,1.9,2.7
1.759688083587426E9,42.2665472,-71.8750464,1012.7099737532797,273.7132853781694,72.03459664768339,-0.87,5.26,1.9,2.7
1.759688084358471E9,42.2665632,-71.8754048,1014.3503937007863,273.62957085632127,73.07962920586631,-0.74,4.58,1.9,2.7
1.759688085585401E9,42.2665856,-71.8759616,1020.9153543307076,273.46011402876144,74.7215263150447,0.11,3.49,1.9,2.7
1.759688086357596E9,42.266608,-71.8763328,1027.4770341207338,274.0668042082565,75.9233533417067,2.95,3.7800000000000002,1.9,2.7
1.759688087581228E9,42.2666432,-71.8769088,1022.5557742782141,274.3030860845053,77.72016569272247,-2.48,2.57,1.9,2.7
1.759688088399545E9,42.2666624,-71.8772992,1030.757874015747,274.2687340554048,78.86673223032828,-2.0100000000000002,3.36,1.9,2.7
1.759688089578641E9,42.2666944,-71.8779008,1032.3982939632535,273.54439981813937,80.49306063737048,-2.05,2.57,1.9,2.7
1.759688090397579E9,42.2667136,-71.878304,1032.3982939632535,273.25722194066697,81.42311425386754,0.66,4.1,1.9,2.7
1.7596880917810822E9,42.2667456,-71.8790208,1045.5249343832008,274.1707185554125,82.05314815159888,1.47,7.66,1.9,2.7
1.7596880923946052E9,42.2667616,-71.8793152,1050.4461942257205,274.37165843686694,82.11363299877627,-2.48,5.8,1.9,2.7
1.7596880937774038E9,42.2668032,-71.8800384,1066.8503937007863,273.72461943264676,81.98959322832232,-2.8000000000000003,6.54,1.9,2.7
1.759688094392747E9,42.2668192,-71.8803456,1078.3333333333321,273.5348058751378,81.97236465828067,1.07,7.41,1.9,2.7
1.759688095774379E9,42.2668544,-71.8810624,1081.6174540682405,274.27012484724355,81.7127880920041,2.37,7.41,1.9,2.7
1.75968809638967E9,42.2668736,-71.8813696,1098.021653543306,274.77044466453464,81.57415835820703,1.4000000000000001,7.8500000000000005,1.9,2.7
1.759688097772153E9,42.2669152,-71.88208,1119.3471128608912,275.60817693828244,81.1551908546661,0.81,7.74,1.9,2.7
1.7596880991550999E9,42.2669728,-71.882784,1134.1108923884503,276.0082843209149,80.78285144646097,2.48,7.42,1.9,2.7
1.759688099972599E9,42.2670048,-71.8831808,1150.5150918635159,276.45726758600546,80.89114236471706,2.14,6.5200000000000005,1.9,2.7
1.759688100586014E9,42.2670304,-71.8834816,1153.799212598424,276.92198587948656,80.96813267965625,1.86,6.3500000000000005,1.9,2.7
1.759688101970542E9,42.2670976,-71.884192,1168.562992125983,277.812634563127,81.36648372570531,-0.42,5.67,1.9,2.7
1.7596881025837998E9,42.2671264,-71.8844928,1176.7650918635159,277.80519896581063,81.44351647192471,-1.6600000000000001,6.19,1.9,2.7
1.759688103966954E9,42.2671968,-71.885184,1191.5288713910747,276.9780221027518,81.76112634062909,-3.17,4.98,1.9,2.7
1.759688104580813E9,42.2672224,-71.8854976,1203.0118110236208,276.77165478805813,82.09755347459804,-1.34,5.86,1.9,2.7
1.759688105398588E9,42.267264,-71.8859008,1211.2139107611536,276.62029489126246,82.11123323536532,1.21,7.23,1.9,2.7
1.759688106578335E9,42.2673152,-71.8865152,1229.2618110236206,277.077684034586,81.71989743125395,-0.64,7.49,1.9,2.7
1.759688107961148E9,42.2673792,-71.8872192,1253.868110236219,277.5282003180822,80.86112944996827,0.48,7.930000000000001,1.9,2.7
1.759688108779721E9,42.2674176,-71.887616,1265.351049868765,277.9205013059219,80.40636780908804,0.73,8.07,1.9,2.7
1.75968810939395E9,42.267456,-71.8879168,1278.4744094488174,278.26587875234344,80.04318505019306,0.07,8.56,1.9,2.7
1.759688110776085E9,42.2675232,-71.888608,1298.1594488188962,278.5543315684499,79.4541007960036,0.9500000000000001,7.84,1.9,2.7
1.759688111390475E9,42.2675584,-71.8889024,1308.0019685039356,278.50574835162615,79.24745024291877,0.12,7.88,1.9,2.7
1.75968811277248E9,42.2676416,-71.8895808,1329.3307086614159,279.46463056705556,79.31949321566198,2.1,6.51,1.9,2.7
1.759688113387906E9,42.2676896,-71.8898752,1332.6115485564292,279.7824070318073,79.51247355425953,1.96,5.93,1.9,2.7
1.759688114770031E9,42.267776,-71.8905664,1347.375328083988,280.3410440459357,79.80822795115573,-0.38,6.26,1.9,2.7
1.759688115385622E9,42.2678144,-71.8908544,1349.0157480314947,280.23117747474976,79.78045993271903,-0.63,6.21,1.9,2.7
1.759688116768162E9,42.2679008,-71.8915392,1363.7795275590538,279.663095033257,80.25311877827214,-5.04,5.38,1.9,2.7
1.759688117359318E9,42.267936,-71.8918336,1367.0603674540669,279.1777805488922,80.43577061328014,-4.72,6.18,1.9,2.7
1.7596881181986609E9,42.267984,-71.892224,1373.625328083988,278.48771999090843,80.59983055633637,2.25,7.48,1.9,2.7
1.7596881187645059E9,42.2680192,-71.8925312,1386.7486876640405,278.29600688992696,80.69756327620043,2.58,7.24,1.9,2.7
1.759688120195232E9,42.2680992,-71.8932352,1401.5124671915996,279.3292495428712,81.17958660537136,1.67,6.7,1.9,2.7
1.759688120761703E9,42.2681344,-71.8935296,1399.872047244093,279.907390126132,81.45665201593562,1.9000000000000001,6.48,1.9,2.7
1.7596881221927161E9,42.2682304,-71.8942336,1421.1975065616782,280.09933794289725,81.9194325995114,-1.92,5.53,1.9,2.7
1.759688122758899E9,42.2682752,-71.8945344,1427.7591863517046,280.3824156445851,82.19020683916446,2.18,6.55,1.9,2.7
1.759688124189142E9,42.2683712,-71.895232,1447.4475065616782,281.3178839630074,82.40817010596543,0.85,7.49,1.9,2.7
1.759688124756602E9,42.268416,-71.8955392,1454.0091863517046,281.77988592632767,82.26607326809601,2.57,7.88,1.9,2.7
1.759688125572886E9,42.2684768,-71.895936,1467.132545931757,282.1972386124043,81.97578484973533,-0.16,7.51,1.9,2.7
1.759688126390276E9,42.268544,-71.8963328,1481.8963254593161,282.3399179649546,81.86100371238402,-2.6,6.57,1.9,2.7
1.759688127569937E9,42.2686336,-71.8969344,1496.660104986875,282.47874587871667,82.04402057274348,0.67,6.3100000000000005,1.9,2.7
1.759688128389635E9,42.2687008,-71.8973312,1506.5026246719144,282.0418698425316,82.36533145506645,-1.11,4.39,1.9,2.7
1.759688129157747E9,42.2687648,-71.8977344,1516.3451443569538,282.17171576748433,82.88263192704528,0.37,4.65,1.9,2.7
1.759688129772818E9,42.2688192,-71.8980416,1526.1876640419932,282.3724916167295,83.46324996162035,0.48,3.61,1.9,2.7
1.759688131155309E9,42.2689312,-71.8987584,1540.9547244094472,282.92852262128235,84.62250765686747,1.24,4.55,1.9,2.7
1.7596881317690868E9,42.2689888,-71.8990656,1545.8759842519669,283.09992351511886,84.82074295171918,2.83,5.21,1.9,2.7
1.759688133199817E9,42.26912,-71.8997824,1560.639763779526,284.32514864591883,85.08394076535774,2.27,5.74,1.9,2.7
1.7596881337656631E9,42.2691776,-71.9001024,1562.2801837270324,285.10932238791196,85.0883527302788,2.49,6.2,1.9,2.7
1.759688135197155E9,42.2693344,-71.9008192,1590.167322834644,285.64933363457874,84.74399562731504,-1.03,5.25,1.9,2.7
1.759688135762066E9,42.2693952,-71.90112,1595.0885826771637,285.6042891665317,84.76572706669553,-2.3000000000000003,4.17,1.9,2.7
1.759688137193749E9,42.2695456,-71.9018304,1611.4927821522292,285.77387919083054,84.73523371090494,1.23,6.18,1.9,2.7
1.759688137760442E9,42.269616,-71.9021312,1616.414041994749,286.27386933469563,84.76561785501038,1.49,5.42,1.9,2.7
1.7596881391903539E9,42.2697664,-71.9028416,1641.0203412073474,287.23542908041,85.15427847250915,4.0200000000000005,5.82,1.9,2.7
1.759688139756144E9,42.26984,-71.9031424,1645.941601049867,287.63825073614794,85.32212832918881,3.02,5.28,1.9,2.7
1.759688141392148E9,42.2700416,-71.9039552,1659.0682414698147,290.0099068611782,85.21083719281309,2.7,6.43,1.9,2.7
1.7596881425716739E9,42.2702016,-71.904544,1672.1916010498671,290.35103846281896,84.56820503613828,0.52,5.0600000000000005,1.9,2.7
1.7596881433896E9,42.2703136,-71.9049408,1677.1128608923868,290.78332846998546,84.30896587437341,2.73,5.75,1.9,2.7
1.7596881445693378E9,42.2704928,-71.9055232,1693.5170603674521,292.13026564876475,83.64369164851263,2.21,6.67,1.9,2.7
1.759688145999864E9,42.2707008,-71.9061952,1706.6404199475046,292.9688147422431,82.73903229404391,1.67,6.7,1.9,2.7
1.759688146565963E9,42.2707968,-71.9064768,1719.763779527557,293.56275746352946,82.32398975979571,2.47,7.140000000000001,1.9,2.7
1.759688147996999E9,42.2710048,-71.907136,1732.8871391076095,294.4000741181593,81.92174573411775,1.79,5.51,1.9,2.7
1.759688148561722E9,42.2710976,-71.9074112,1734.5275590551162,294.9157877356624,81.85371274859362,1.37,4.99,1.9,2.7
1.75968814938092E9,42.271232,-71.9077824,1752.5721784776883,295.33065529052476,81.91705251646495,0.39,4.94,1.9,2.7
1.759688149993649E9,42.271328,-71.9080576,1752.5721784776883,295.5130337770184,81.9118493033892,0.14,4.86,1.9,2.7
1.7596881513765712E9,42.2715648,-71.9086976,1773.8976377952736,295.99886968168613,81.81510528421313,0.77,5.57,1.9,2.7
1.759688151990563E9,42.271664,-71.9089792,1772.2572178477672,296.07197387470546,81.82283377595091,0.99,5.41,1.9,2.7
1.7596881533737578E9,42.2718912,-71.9096192,1783.740157480313,296.3457848867527,81.77693702705075,-1.73,4.93,1.9,2.7
1.759688153987588E9,42.2719968,-71.909888,1790.3018372703393,296.26077480490835,81.8470374506495,-0.8300000000000001,4.89,1.9,2.7
1.759688155369592E9,42.272224,-71.9105408,1801.7847769028851,295.23353483093166,82.30276364819728,-10.84,2.58,1.9,2.7
1.759688155984129E9,42.27232,-71.9108096,1811.6272965879245,293.4942646350006,82.59908517781949,-13.46,1.78,1.9,2.7
1.7596881573482509E9,42.272512,-71.9114944,1823.1102362204704,287.2449998907796,82.87911010654352,-19.8,0.33,1.9,2.7
1.7596881579811568E9,42.2725728,-71.9117824,1828.03149606299,284.2409632245297,83.12686586478891,-16.71,0.84,1.9,2.7
1.759688159365237E9,42.2726816,-71.9125056,1831.3156167978982,278.63746275681166,84.13128947568937,-8.91,1.81,1.9,2.7
1.759688159977909E9,42.2727168,-71.9128192,1839.517716535431,277.42177318960523,84.72275366167207,-3.17,2.48,1.9,2.7
1.759688160592093E9,42.272752,-71.9131392,1846.079396325457,277.0862669900193,85.56067958351187,2.12,3.27,1.9,2.7
1.7596881619753408E9,42.2728096,-71.9138944,1857.5623359580031,275.978173669958,86.97407593029732,-1.34,2.43,1.9,2.7
1.7596881625898418E9,42.2728352,-71.9142144,1864.1240157480293,276.5060704223191,87.49218785089455,2.16,3.54,1.9,2.7
1.75968816397117E9,42.2728928,-71.914976,1882.1719160104967,276.73483047458456,88.51141723151844,0.64,3.74,1.9,2.7
1.759688164585707E9,42.2729184,-71.9153152,1892.0144356955361,276.76406362540183,88.79080767175748,0.33,4.74,1.9,2.7
1.759688165404872E9,42.27296,-71.9157568,1903.4973753280822,276.9632785159438,88.82797631977994,-0.32,5.59,1.9,2.7
1.759688166948236E9,42.2730336,-71.9166336,1924.8228346456674,275.58656293367443,88.4568642480707,-5.63,5.58,1.9,2.7
1.759688167559294E9,42.2730528,-71.91696,1918.261154855641,274.8034857590691,88.21046357286507,-3.96,4.7700000000000005,1.9,2.7
1.759688168989059E9,42.2730944,-71.9177344,1944.511154855641,273.99560274683455,88.15379125413169,1.03,5.76,1.9,2.7
1.759688169558157E9,42.2731136,-71.9180608,1947.791994750654,274.05226230685577,88.0235137857271,2.84,6.16,1.9,2.7
1.759688170948166E9,42.2731584,-71.9188224,1967.477034120733,274.9099141400865,87.89271649128756,4.78,6.13,1.9,2.7
1.759688171553709E9,42.2731808,-71.9191488,1970.757874015746,275.6119839631762,87.65989742124444,4.64,6.5200000000000005,1.9,2.7
1.759688172982952E9,42.2732416,-71.919904,1998.6450131233576,276.6200948817501,87.00343066207863,1.28,5.99,1.9,2.7
1.759688173596447E9,42.2732704,-71.920224,2000.288713910759,276.79323125105566,86.60368233673906,-0.29,6.3,1.9,2.7
1.759688174981399E9,42.2733376,-71.9209728,2019.9737532808376,276.396294954297,85.4976548508682,-2.66,6.8,1.9,2.7
1.759688175593639E9,42.27336,-71.9212928,2021.6141732283443,276.0433250785852,84.93204697462963,-2.18,7.09,1.9,2.7
1.7596881771832309E9,42.2734144,-71.9221312,2047.8608923884492,274.95537252948054,83.93792632633898,-1.23,4.84,1.9,2.7
1.75968817779547E9,42.2734336,-71.9224448,2054.4225721784755,274.89379898228367,83.85211614539755,-1.29,5.47,1.9,2.7
1.7596881784148989E9,42.273456,-71.922752,2064.2683727034096,274.65658609599035,83.80361782368811,-1.57,5.87,1.9,2.7
1.759688179792822E9,42.2734944,-71.923488,2080.6725721784755,273.3368125422471,83.82461940292585,-2.08,4.38,1.9,2.7
1.759688180406612E9,42.2735008,-71.9237952,2087.2342519685017,273.40076390728433,83.88854524333719,0.07,5.73,1.9,2.7
1.759688181176618E9,42.2735264,-71.9242176,2101.998031496061,273.2174219010596,83.81461855584988,0.92,5.64,1.9,2.7
1.759688182404574E9,42.2735488,-71.9248448,2108.559711286087,273.148294122344,84.23728763651448,2.27,5.28,1.9,2.7
1.759688183173287E9,42.2735712,-71.9252608,2121.6863517060347,273.3385802614446,84.44785795267293,1.42,5.0600000000000005,1.9,2.7
1.7596881844017282E9,42.2735968,-71.9258944,2133.1692913385805,273.44675437830836,84.71046803711683,1.1500000000000001,5.08,1.9,2.7
1.759688185171382E9,42.2736128,-71.9263168,2146.292650918633,273.32252869242905,84.85537582803418,0.6900000000000001,5.1000000000000005,1.9,2.7
1.7596881863981152E9,42.2736448,-71.9269568,2159.4160104986854,273.12952719118647,84.74192896684315,-2.08,5.14,1.9,2.7
1.759688187169312E9,42.2736544,-71.9273728,2167.6181102362184,273.13743969960996,84.5284257598219,-2.17,5.69,1.9,2.7
1.759688188396152E9,42.2736768,-71.9280064,2188.9468503936987,272.14907644457594,83.97483115472187,-1.67,6.86,1.9,2.7
1.7596881891660972E9,42.2736864,-71.9284224,2206.9914698162706,271.73610902877334,83.40977815731044,-1.7,7.34,1.9,2.7
1.759688190392314E9,42.2736992,-71.9290368,2229.9573490813627,271.52987103436425,82.27338739351296,-1.28,7.99,1.9,2.7
1.759688191164144E9,42.273712,-71.9294464,2243.080708661415,271.0386455743886,81.4993516736221,-2.07,7.76,1.9,2.7
1.759688191776442E9,42.273712,-71.9297536,2249.645669291336,270.61872086787685,81.00472292486016,-2.57,7.48,1.9,2.7
1.759688193160176E9,42.273712,-71.9304576,2274.2519685039347,269.9027944566674,80.20313908191706,-3.11,6.95,1.9,2.7
1.7596881937749639E9,42.2737152,-71.9307456,2284.094488188974,269.3457763353739,80.01385520999767,-3.56,6.58,1.9,2.7
1.7596881951481519E9,42.2737056,-71.931456,2298.858267716533,267.870663904028,80.04447140771697,-3.67,5.3500000000000005,1.9,2.7
1.7596881957718601E9,42.2736896,-71.9317568,2305.4232283464544,267.41823001005554,80.26505805620648,-1.19,5.2,1.9,2.7
1.759688196586304E9,42.2736736,-71.9321536,2311.9849081364805,266.69760405703767,80.64796208961768,-1.58,4.4,1.9,2.7
1.759688197970603E9,42.273648,-71.9328512,2320.187007874013,266.5838187442612,81.55312395907538,3.86,4.5,1.9,2.7
1.759688198583797E9,42.2736288,-71.9331584,2323.4678477690263,266.97151658609715,82.04763350223833,4.48,3.81,1.9,2.7
1.7596881999702291E9,42.2736,-71.9338752,2328.392388451441,267.3028923925687,83.44448721953128,1.4000000000000001,2.43,1.9,2.7
1.759688200581242E9,42.2735904,-71.9341952,2328.392388451441,267.4954861428636,84.07382924174945,1.6,2.88,1.9,2.7
1.759688201398862E9,42.2735744,-71.934624,2333.313648293961,267.8317369888031,84.77343839322769,1.71,3.19,1.9,2.7
1.759688201964802E9,42.2735712,-71.9349312,2336.5944881889736,267.76373538977487,85.18582610700308,1.12,3.39,1.9,2.7
1.7596882033954802E9,42.2735456,-71.9356864,2334.9573490813627,267.976347760367,85.87429102120873,1.29,4.08,1.9,2.7
1.759688203962891E9,42.273536,-71.9360064,2344.7998687664017,268.15990875549323,85.96225402791555,1.96,4.79,1.9,2.7
1.7596882053924441E9,42.2735264,-71.9367552,2354.642388451441,268.781676125854,85.93735391079068,1.93,5.41,1.9,2.7
1.7596882059598951E9,42.27352,-71.9370752,2367.765748031494,269.1303755221376,85.81117958488203,2.85,5.61,1.9,2.7
1.759688207358861E9,42.2735136,-71.9378176,2380.892388451441,269.33380002981687,85.2627828615287,-1.1300000000000001,6.0200000000000005,1.9,2.7
1.7596882081619182E9,42.2735136,-71.9382464,2387.454068241467,269.30354890975053,84.75788129780182,-1.02,5.98,1.9,2.7
1.7596882093886762E9,42.2734976,-71.93888,2412.0603674540657,268.84494611225796,83.89393663108736,0.02,6.21,1.9,2.7
1.759688210364068E9,42.2734912,-71.9393984,2431.7454068241445,269.0087760850396,83.15067178320699,1.36,7.33,1.9,2.7
1.7596882109759278E9,42.2734912,-71.9397056,2446.5124671915983,269.00248016620947,82.62591280826827,-0.65,7.6000000000000005,1.9,2.7
1.7596882124067101E9,42.2734848,-71.9404224,2472.7591863517036,269.19075264507165,81.20248368318465,2.33,8.4,1.9,2.7
1.75968821317734E9,42.2734752,-71.9408256,2497.3654855643017,269.44589948463204,80.40116787243356,0.24,8.120000000000001,1.9,2.7
1.759688214404176E9,42.273472,-71.9414272,2515.410104986874,269.49433819323474,79.29250472626597,0.88,7.58,1.9,2.7
1.759688215174926E9,42.2734688,-71.941824,2526.896325459315,269.5900445963648,78.78603389854139,1.97,7.72,1.9,2.7
1.759688216401794E9,42.2734592,-71.9424128,2548.2217847769,270.3410422788588,78.37719828485163,3.98,7.65,1.9,2.7
1.759688217353067E9,42.273472,-71.9428928,2564.6259842519657,270.7688335960074,78.2273450153828,3.59,6.57,1.9,2.7
1.759688217988199E9,42.273472,-71.9431936,2566.266404199472,271.19556445583373,78.25677708723241,3.68,6.04,1.9,2.7
1.759688219374233E9,42.2734912,-71.943872,2585.954724409446,272.3263175245802,78.53772845308005,1.03,5.0,1.9,2.7
1.759688219985358E9,42.2734976,-71.9441664,2584.314304461939,272.2629186388061,78.76768968805203,1.08,4.33,1.9,2.7
1.759688221348105E9,42.2735264,-71.9448576,2590.8759842519657,272.4462085476116,79.24499944460744,2.02,5.34,1.9,2.7
1.75968822198281E9,42.2735328,-71.945152,2594.1568241469786,272.69033374226007,79.513124592593,1.17,4.88,1.9,2.7
1.7596882225960212E9,42.2735456,-71.9454528,2594.1568241469786,272.46161502159083,79.65449700222995,-0.89,3.92,1.9,2.7
1.75968822336666E9,42.2735552,-71.9458368,2597.437664041992,271.9082245435819,79.9752359860167,-1.8,3.97,1.9,2.7
1.7596882245924702E9,42.2735712,-71.9464448,2602.3622047244066,271.6187976778502,80.50729229214674,1.1500000000000001,4.12,1.9,2.7
1.759688225365089E9,42.2735776,-71.946848,2600.7217847769,271.4169697659434,80.96644332040877,1.09,3.93,1.9,2.7
1.759688226796479E9,42.2735904,-71.9475584,2607.2834645669263,271.1994508739277,81.71768955633682,-0.08,3.94,1.9,2.7
1.7596882273591862E9,42.2735936,-71.9478528,2607.2834645669263,271.14277066419527,81.87157549500246,0.22,4.51,1.9,2.7
1.759688228179236E9,42.2735936,-71.9482752,2608.923884514433,271.2376792316708,81.89383616078725,0.9500000000000001,5.84,1.9,2.7
1.7596882294052129E9,42.2736064,-71.9488832,2620.410104986874,270.8616285509744,81.43685394889845,-2.2,6.2700000000000005,1.9,2.7
1.759688230175281E9,42.2736128,-71.9492864,2625.331364829394,270.6601237943944,80.98593647629664,-1.36,7.15,1.9,2.7
1.7596882314026232E9,42.2736128,-71.9499008,2636.8143044619396,270.0278067338096,80.10584086674797,-2.21,7.41,1.9,2.7
1.7596882321742082E9,42.2736192,-71.9502976,2645.016404199472,269.5811786622237,79.7775092495597,-2.11,6.51,1.9,2.7
1.7596882327853742E9,42.273616,-71.9505856,2651.5813648293934,269.23069372601265,79.62704787943485,-1.83,6.55,1.9,2.7
1.759688233399908E9,42.2736096,-71.9508864,2654.8622047244066,268.934676430394,79.45865892255627,-0.6900000000000001,6.32,1.9,2.7
1.759688234783144E9,42.2736,-71.9515776,2666.3451443569525,268.2885118949904,79.40259267525198,0.23,6.36,1.9,2.7
1.7596882353967628E9,42.2735904,-71.951872,2669.6259842519657,268.401462907324,79.43696208768674,3.29,6.57,1.9,2.7
1.759688236780864E9,42.2735744,-71.952576,2682.752624671913,269.050972790496,79.80576359878249,2.8000000000000003,5.6000000000000005,1.9,2.7
1.7596882373589768E9,42.273568,-71.9528704,2681.1122047244066,269.5545607372584,80.01105717083995,2.31,5.46,1.9,2.7
1.759688238778059E9,42.2735648,-71.9535616,2692.5951443569525,269.90286508298635,80.26145433275339,0.75,5.05,1.9,2.7
1.759688239391378E9,42.2735648,-71.9538624,2694.235564304459,270.0138429036961,80.45572578930543,1.52,4.79,1.9,2.7
1.759688240774487E9,42.273568,-71.9545664,2702.437664041992,269.84860626762804,80.9225286130223,0.53,4.2700000000000005,1.9,2.7
1.7596882413890572E9,42.2735712,-71.9548736,2705.7217847768998,270.1096306330353,81.27228690223306,0.35000000000000003,4.36,1.9,2.7
1.759688242772856E9,42.2735744,-71.9555904,2712.283464566926,269.8640026776361,81.89439905937436,-2.3000000000000003,3.67,1.9,2.7
1.7596882441561542E9,42.2735712,-71.9563072,2720.485564304459,269.23323210520067,82.79575085583076,1.62,4.11,1.9,2.7
1.7596882447703009E9,42.273568,-71.9566208,2731.9685039370047,269.3832192721019,83.0652879008754,2.75,4.36,1.9,2.7
1.759688246198965E9,42.2735552,-71.957344,2741.8143044619396,269.93323729482427,83.41042369150681,2.67,5.29,1.9,2.7
1.759688246766695E9,42.2735584,-71.9576576,2743.454724409446,270.35984315120135,83.56752273938176,4.5,5.76,1.9,2.7
1.7596882481956491E9,42.2735712,-71.9584,2751.656824146979,271.43508469759365,83.82542852453949,3.48,5.32,1.9,2.7
1.7596882487642112E9,42.2735744,-71.9587008,2764.7801837270313,271.9635060306614,83.96506645525794,2.38,4.54,1.9,2.7
1.759688250192398E9,42.2736064,-71.9594432,2781.187664041992,272.6049631067595,84.25553300231965,1.52,4.74,1.9,2.7
1.7596882507618752E9,42.2736128,-71.9597568,2792.6706036745377,272.5503764442818,84.31029246696527,1.01,4.62,1.9,2.7
1.75968825214838E9,42.273632,-71.96048,2807.434383202097,272.8788850628352,84.37214184147133,1.76,5.62,1.9,2.7
1.759688252758615E9,42.2736544,-71.9608064,2817.276902887136,273.05446624820524,84.26874586737222,1.41,5.5200000000000005,1.9,2.7
1.759688253373085E9,42.2736576,-71.96112,2823.8418635170574,273.1065384687456,84.29233463757754,1.6400000000000001,4.78,1.9,2.7
1.759688254348011E9,42.2736864,-71.9616448,2846.807742782149,272.97802065194975,84.18496278771889,-0.52,4.8,1.9,2.7
1.759688255572291E9,42.2737088,-71.962272,2868.1332020997343,273.02883889207266,83.87743032423494,1.45,5.87,1.9,2.7
1.759688256387923E9,42.273728,-71.9626944,2884.5374015748002,273.20799039000474,83.3660582024042,2.48,7.12,1.9,2.7
1.759688257569322E9,42.2737536,-71.9633088,2909.1437007873983,273.49938988101394,82.16399804334714,1.32,8.68,1.9,2.7
1.759688258347954E9,42.273776,-71.9637248,2932.1128608923855,273.84879400754835,81.08568292670472,2.42,9.44,1.9,2.7
1.759688258998966E9,42.2737856,-71.9640192,2948.517060367451,274.3965732603471,80.12779749597829,4.11,10.27,1.9,2.7
1.759688260381813E9,42.2738304,-71.964704,2979.6850393700756,275.39305829626005,78.17759753467851,1.76,9.48,1.9,2.7
1.759688261563251E9,42.273872,-71.9652864,3012.4934383202067,275.5084364338052,76.74750267533457,-1.49,7.930000000000001,1.9,2.7
1.75968826237998E9,42.2738976,-71.9656704,3025.6167979002594,275.55620848283195,76.08967401666305,0.29,7.95,1.9,2.7
1.759688262992485E9,42.2739232,-71.965952,3045.3018372703377,275.4486964800775,75.74396771458241,0.64,7.15,1.9,2.7
1.759688264376018E9,42.2739712,-71.9666048,3064.9901574803116,274.6878245511775,75.63530633506028,-0.63,5.5600000000000005,1.9,2.7
1.7596882649895291E9,42.2739872,-71.96688,3076.4730971128574,274.41669390415154,75.97724508647684,-1.19,4.26,1.9,2.7
1.759688266347939E9,42.2740224,-71.9675456,3086.315616797897,273.77164780908345,76.8316331664715,1.92,4.61,1.9,2.7
1.759688266986895E9,42.2740352,-71.9678336,3089.59645669291,273.5835114866188,77.43866834553839,3.69,4.1,1.9,2.7
1.759688267600462E9,42.274048,-71.9681152,3091.2368766404165,273.4980092160589,78.05470940558942,3.69,3.92,1.9,2.7
1.7596882689628901E9,42.2740768,-71.9688064,3092.8805774278185,274.14804125218484,80.08234714150836,2.5300000000000002,0.0,1.9,2.7
1.759688269597167E9,42.274096,-71.9691072,3087.959317585299,274.0415792454668,81.08501422481761,0.65,-1.04,1.9,2.7
1.7596882709815888E9,42.2741312,-71.9698176,3074.835958005246,273.6409443057147,83.87122920347662,2.19,-1.16,1.9,2.7
1.759688271594847E9,42.2741472,-71.9701376,3061.712598425194,273.7174928740154,85.14459800200625,1.93,-1.2,1.9,2.7
1.7596882729800792E9,42.2741824,-71.9708928,3046.9488188976347,273.65060898137017,87.92354800260374,2.69,-1.28,1.9,2.7
1.759688273591155E9,42.2742016,-71.9712192,3037.1095800524904,273.77749174345,89.1050342043249,1.98,-1.33,1.9,2.7
1.759688274363789E9,42.2742208,-71.9716736,3017.4245406824116,273.96465472285615,90.52765741079826,1.51,-0.77,1.9,2.7
1.759688274975524E9,42.2742464,-71.9720064,3017.4245406824116,274.06827491800465,91.51353133805321,1.29,-0.35000000000000003,1.9,2.7
1.7596882763620539E9,42.274272,-71.9728192,3001.020341207346,274.11362680283764,93.48706621158598,3.0,0.12,1.9,2.7
1.759688276972608E9,42.274304,-71.9731648,3004.301181102359,274.4204984172479,94.07033320861576,2.2600000000000002,0.93,1.9,2.7
1.7596882784038138E9,42.2743424,-71.9739968,2992.821522309708,274.78699912095004,95.0356047745166,0.61,2.3000000000000003,1.9,2.7
1.759688278969534E9,42.2743712,-71.9743552,2999.3832020997343,274.83945414206335,95.15997935422212,-0.38,2.86,1.9,2.7
1.7596882797872338E9,42.2744032,-71.9748224,3002.6640419947475,274.4903296577773,95.09317841111262,-2.5500000000000003,2.5300000000000002,1.9,2.7
1.759688281171129E9,42.274448,-71.975648,3004.304461942254,274.05290701099267,94.61025019273079,0.8,4.45,1.9,2.7
1.759688281784581E9,42.2744672,-71.976,3014.1502624671884,273.9516932772142,94.20886189039635,0.09,4.57,1.9,2.7
1.759688283167537E9,42.2745024,-71.976832,3025.6332020997343,274.0396726228284,93.26411099627734,-0.36,4.03,1.9,2.7
1.759688283781958E9,42.274528,-71.9771712,3038.7565616797865,273.820443331723,93.06426259830405,-0.61,2.93,1.9,2.7
1.759688284396677E9,42.2745408,-71.9775232,3038.7565616797865,273.6390146672342,93.10348738233309,0.62,2.45,1.9,2.7
1.7596882851658401E9,42.2745664,-71.977984,3038.7565616797865,273.736313603613,93.36691612490732,3.27,1.6,1.9,2.7
1.759688286392705E9,42.2746016,-71.9786752,3035.4790026246687,273.8400721750234,94.04050642516873,2.02,0.67,1.9,2.7
1.7596882871643991E9,42.274624,-71.9791488,3037.1194225721756,274.103243150896,94.53822279221552,1.92,0.92,1.9,2.7
1.759688288390897E9,42.2746656,-71.9798592,3035.4790026246687,274.4633307016058,95.16766039204255,3.81,2.06,1.9,2.7
1.7596882891608338E9,42.2746976,-71.9803328,3033.8385826771623,274.7869417336377,95.26967462784235,2.0300000000000002,2.41,1.9,2.7
1.7596882903872151E9,42.2747424,-71.9810432,3038.763123359577,275.07026755288564,95.01758622407286,0.08,2.89,1.9,2.7
1.759688291157435E9,42.2747648,-71.9815232,3037.12270341207,274.86326773904636,94.6951280080555,-1.6600000000000001,2.64,1.9,2.7
1.759688292384224E9,42.274816,-71.9822208,3045.324803149603,274.29650301213064,94.44468268464203,-0.18,2.35,1.9,2.7
1.759688293155004E9,42.2748416,-71.9826944,3048.6056430446165,274.05031076851685,94.39558825896728,0.49,2.29,1.9,2.7
1.759688294382156E9,42.2748768,-71.983392,3055.1706036745377,273.8180033465172,94.29134403376516,2.66,2.5500000000000003,1.9,2.7
1.7596882953580542E9,42.2749088,-71.9839808,3060.0918635170574,274.2900363918634,94.32692409548673,3.7600000000000002,2.84,1.9,2.7
1.7596882965817919E9,42.2749472,-71.984672,3073.2152230971096,274.7088197679628,94.47871525605741,1.96,2.04,1.9,2.7
1.7596882973484812E9,42.274976,-71.985152,3071.574803149603,274.6912862275689,94.59336095902839,1.09,1.9000000000000001,1.9,2.7
1.7596882985782518E9,42.2750208,-71.985856,3079.780183727031,274.82810893904804,94.6902019696813,1.69,2.06,1.9,2.7
1.759688299395574E9,42.2750464,-71.986336,3081.4206036745372,274.6573000343482,94.80330456803902,0.44,1.92,1.9,2.7
1.7596883005765018E9,42.2750944,-71.98704,3084.7014435695505,274.7860765783043,94.82090557365048,1.8,2.21,1.9,2.7
1.75968830139393E9,42.27512,-71.9875136,3094.54396325459,274.6778433578737,94.86459009119368,1.46,2.04,1.9,2.7
1.759688302573475E9,42.2751584,-71.9882176,3094.547244094485,274.6899082325554,95.33431669072957,2.27,0.13,1.9,2.7
1.759688303390831E9,42.2751968,-71.988704,3097.828083989498,274.9853249867098,95.96129471108905,1.6300000000000001,-0.15,1.9,2.7
1.759688304570355E9,42.2752416,-71.9894208,3099.4685039370047,274.6106493186606,96.72770189894582,-1.12,-0.25,1.9,2.7
1.7596883053877568E9,42.2752736,-71.989888,3106.030183727031,274.1003337913845,97.05187283790485,-1.0,0.63,1.9,2.7
1.759688305956382E9,42.2752832,-71.9902592,3099.4685039370047,273.9101062998982,97.20466819583056,-0.78,1.08,1.9,2.7
1.759688307347836E9,42.2753216,-71.9910976,3109.314304461939,273.04830725871165,97.23261114134213,-2.97,1.23,1.9,2.7
1.759688307997501E9,42.2753344,-71.9914624,3107.6738845144328,272.45370447760905,97.16468020823736,-2.54,1.25,1.9,2.7
1.759688309381332E9,42.27536,-71.9923072,3120.797244094485,271.24735383308524,97.33191957182984,-2.7,0.91,1.9,2.7
1.759688309994822E9,42.2753664,-71.9926848,3119.1568241469786,270.92681313111524,97.34102851482402,-2.39,1.2,1.9,2.7
1.759688311347776E9,42.2753728,-71.9935296,3127.362204724406,269.46293921646424,97.4686445975251,-5.2,0.41000000000000003,1.9,2.7
1.759688311990977E9,42.2753664,-71.9938944,3132.283464566926,268.722662921924,97.66357765098154,-5.95,0.01,1.9,2.7
1.7596883133769522E9,42.2753408,-71.9947456,3140.485564304459,266.59085694981957,98.06555008761569,-8.14,0.25,1.9,2.7
1.7596883139891381E9,42.2753184,-71.9951104,3145.410104986873,265.4405349362807,98.30028504891538,-8.63,-0.05,1.9,2.7
1.759688315372023E9,42.2752544,-71.9959616,3147.05052493438,262.78008620750336,98.9878906594866,-8.09,-0.52,1.9,2.7
1.759688315986311E9,42.2752064,-71.9963392,3148.6909448818865,261.5184913146633,99.50508236696497,-8.74,-1.73,1.9,2.7
1.759688317348043E9,42.2751008,-71.9971904,3150.334645669288,259.1328659165954,100.62964327442207,-1.93,-0.49,1.9,2.7
1.759688317983099E9,42.2750464,-71.997568,3147.0538057742747,258.672825341874,101.3433349769953,0.62,-0.96,1.9,2.7
1.7596883193672662E9,42.2749088,-71.9984384,3155.2591863517027,258.6030338794599,102.89501152334924,2.83,-0.45,1.9,2.7
1.7596883199795961E9,42.2748576,-71.998816,3156.899606299209,258.82094705406143,103.47080385896354,0.61,-0.29,1.9,2.7
1.75968832079727E9,42.2747776,-71.999328,3165.101706036742,258.7759618987251,104.25977495131328,0.75,-0.71,1.9,2.7
1.759688322181541E9,42.2746368,-72.0002304,3165.104986876637,258.1727475448075,105.55629364961857,-1.4000000000000001,-1.12,1.9,2.7
1.759688322795E9,42.2745728,-72.0006208,3171.6666666666633,257.7740224899993,106.1106961866492,-1.33,-1.83,1.9,2.7
1.759688324178722E9,42.2744192,-72.0015232,3171.6699475065584,257.13541485517476,107.21163752209766,-1.37,-2.1,1.9,2.7
1.7596883247912822E9,42.2743616,-72.0019136,3178.2316272965845,256.8233793570266,107.78595261310264,-0.15,-2.08,1.9,2.7
1.7596883254054341E9,42.2742944,-72.0023104,3171.6699475065584,256.68995999078106,108.24453861428067,1.8,-1.28,1.9,2.7
1.759688326789206E9,42.2741312,-72.003232,3178.2349081364796,257.4313520704626,109.15798017618958,8.57,-1.3800000000000001,1.9,2.7
1.759688328174901E9,42.2739776,-72.0041728,3170.0360892388417,259.4654398630607,110.14814484571758,13.4,-0.33,1.9,2.7
1.7596883287866511E9,42.2739296,-72.0045824,3161.833989501309,260.7730999657677,110.43976889850002,15.950000000000001,0.1,1.9,2.7
1.759688329401279E9,42.2738848,-72.0049984,3155.2723097112826,262.65437187236535,110.83402756013392,17.73,-0.24,1.9,2.7
1.759688330783066E9,42.2738144,-72.0059584,3151.9947506561643,267.2874400308467,111.7212931288369,19.34,-0.65,1.9,2.7
1.7596883313972058E9,42.2738048,-72.0063872,3142.152230971125,269.40412154156996,112.14645350150745,21.47,-0.41000000000000003,1.9,2.7
1.7596883327810779E9,42.2738272,-72.00736,3143.792650918632,274.8760328610321,112.74279608976838,23.8,-0.87,1.9,2.7
1.759688333395015E9,42.2738624,-72.0077824,3132.309711286086,277.55753976741306,113.0642306730111,24.45,-0.89,1.9,2.7
1.759688334776614E9,42.2740032,-72.0087488,3125.751312335955,283.47484002074594,114.035457664393,21.98,-2.06,1.9,2.7
1.759688335392734E9,42.2740864,-72.0091712,3119.189632545929,286.0443892108707,114.35951522330801,20.77,-2.17,1.9,2.7
1.759688336774853E9,42.2743296,-72.0101184,3119.189632545929,291.60917866342425,115.1189232038062,22.13,-1.36,1.9,2.7
1.759688337358848E9,42.2744576,-72.0105152,3117.549212598422,294.49968221269665,115.7808671946534,24.98,-2.38,1.9,2.7
1.759688338772815E9,42.274816,-72.0114048,3124.110892388448,301.23961510926284,117.0163594273946,25.09,-1.4000000000000001,1.9,2.7
1.759688339386945E9,42.2749856,-72.0117824,3125.751312335955,304.0804387696755,117.11155060627242,26.77,0.46,1.9,2.7
1.759688340769412E9,42.275456,-72.0125952,3132.312992125981,310.6923486478316,116.75043296353901,29.32,-0.98,1.9,2.7
1.759688341384005E9,42.2756736,-72.0129152,3132.312992125981,313.84763472877546,116.87035992783346,32.07,-1.4000000000000001,1.9,2.7
1.7596883421991692E9,42.2759968,-72.0133312,3120.8300524934352,317.8848953516044,117.16014519735155,32.28,-3.13,1.9,2.7
1.75968834338189E9,42.2764928,-72.0138752,3112.624671916007,324.11721080971563,117.79890709200627,33.08,-5.54,1.9,2.7
1.759688344195708E9,42.276864,-72.014208,3102.7821522309678,328.973297060929,118.34187357084733,32.410000000000004,-4.48,1.9,2.7
1.7596883453793058E9,42.2774592,-72.0146048,3084.7342519685008,335.3926605169499,119.60044068860822,30.19,-6.8500000000000005,1.9,2.7
1.759688346193932E9,42.2778752,-72.0148416,3068.330052493435,339.0036344726226,120.49046725466376,26.060000000000002,-8.07,2.0,2.8
1.7596883473587961E9,42.2785184,-72.0151232,3043.7204724409416,344.30892182454454,122.1144474630066,18.36,-9.63,2.0,2.8
1.7596883481915112E9,42.2789664,-72.0152576,3037.1587926509155,347.01962863323985,123.06031799657836,14.5,-9.22,2.0,2.8
1.7596883493739839E9,42.2796512,-72.0154496,3017.4704724409416,349.9831865168703,124.16042641360991,7.28,-8.5,2.0,2.8
1.759688350187542E9,42.2801088,-72.0155328,3002.7066929133825,351.16802081456717,124.32511458207058,3.7600000000000002,-6.74,10.6,14.6
1.7596883513705301E9,42.2807968,-72.0156544,2994.501312335955,352.2332157538623,123.98839773542095,3.44,-4.24,10.6,14.6
1.759688352184122E9,42.2812512,-72.015744,2991.220472440942,352.9612842259331,123.25503599470147,5.01,-2.36,10.6,14.6
1.759688352797719E9,42.2815968,-72.0157952,3007.621391076112,353.57239827372234,122.41527780440043,3.99,-0.91,2.0,2.8
1.7596883541826959E9,42.2823872,-72.0158912,3027.303149606296,354.90760930064135,119.57131633577924,2.2,1.1300000000000001,1.9,2.7
1.759688354794115E9,42.28272,-72.0159168,3038.7860892388417,355.44149134050446,118.13178619403871,1.94,2.27,1.9,2.7
1.7596883561790118E9,42.2834688,-72.0159744,3069.9507874015717,356.8007616546159,114.59327960287976,2.17,1.8800000000000001,1.9,2.7
1.759688356791319E9,42.283792,-72.0160064,3084.714566929131,357.18315820323215,113.52161328749426,2.12,0.36,1.9,2.7
1.7596883581757169E9,42.2845152,-72.0160384,3099.475065616795,357.98540121212943,112.24864614857117,1.33,-2.2800000000000002,1.9,2.7
1.759688358790108E9,42.284832,-72.0160512,3102.7559055118077,358.1578465666064,111.86775050440478,1.1500000000000001,-3.61,1.9,2.7
1.759688360173378E9,42.2855456,-72.0160768,3112.5951443569525,358.95746221560773,111.10910532587815,5.91,-2.5300000000000002,1.9,2.7
1.759688360785964E9,42.2858528,-72.0160832,3112.591863517057,359.46903490385614,111.173240069007,5.5,-3.2,1.9,2.7
1.759688361401466E9,42.2861664,-72.0160832,3107.6706036745372,359.97999099801507,111.32398073065141,5.36,-3.68,1.9,2.7
1.759688362783329E9,42.2868896,-72.0160704,3096.1843832020963,0.9128447704591846,112.25182717720895,4.23,-4.99,1.9,2.7
1.75968836339819E9,42.2871936,-72.0160512,3087.982283464564,1.284000758541924,112.77129666742644,4.05,-5.2,1.9,2.7
1.7596883647812529E9,42.2879328,-72.016032,3066.6535433070835,2.287886951649701,114.42814848215632,8.03,-5.66,1.9,2.7
1.759688365395516E9,42.2882528,-72.0160064,3055.1706036745377,2.7304543550787286,115.07016437778037,6.62,-5.65,1.9,2.7
1.7596883667777538E9,42.2890016,-72.0159424,3028.9206036745377,3.630386420787199,116.96257187281273,4.78,-5.6000000000000005,1.9,2.7
1.759688368163168E9,42.2897632,-72.0158784,3004.311023622044,4.547723430565661,118.6565109960547,5.7700000000000005,-3.65,1.9,2.7
1.759688368774675E9,42.2900928,-72.01584,3001.0269028871357,4.922774661848532,119.15009615027384,4.55,-2.82,1.9,2.7
1.759688370159996E9,42.290864,-72.0157312,2996.1023622047214,5.804366833660901,119.36142546046219,1.56,-0.68,1.9,2.7
1.7596883707735639E9,42.2911904,-72.0156864,2997.742782152228,5.961986812681544,119.02392671323726,0.99,-0.24,1.9,2.7
1.759688372156357E9,42.2919584,-72.0155776,3009.2224409448786,6.129270052152411,117.78997355497029,1.25,0.53,1.9,2.7
1.7596883727690458E9,42.2922816,-72.0155328,3007.582020997372,6.23217962410854,117.28492880240815,2.9,0.79,1.9,2.7
1.759688373586821E9,42.2927168,-72.0154624,3014.1404199475037,6.69756754614699,116.66876415048333,4.47,1.03,1.9,2.7
1.7596883749696522E9,42.2934624,-72.0153344,3025.620078740154,7.305514431307888,115.5666555705069,3.0500000000000003,1.96,1.9,2.7
1.75968837640095E9,42.2941984,-72.0152064,3040.380577427818,8.117680654747632,114.11970632550339,3.63,2.25,1.9,2.7
1.759688376968049E9,42.2945056,-72.015136,3037.099737532805,8.379574418465609,113.64520195509074,3.2600000000000002,1.1,1.9,2.7
1.7596883775808148E9,42.2948192,-72.0150784,3043.6581364829362,8.505487918829582,113.28918469558641,2.92,0.46,1.9,2.7
1.759688378397984E9,42.2952352,-72.0149888,3043.6581364829362,8.749160471841488,112.96896381341637,3.49,0.17,1.9,2.7
1.7596883795769339E9,42.2958528,-72.0148608,3045.295275590548,9.491568009456735,112.69179206617012,6.0600000000000005,-0.15,1.9,2.7
1.759688380395237E9,42.296256,-72.0147648,3046.9356955380545,9.953017641222093,112.68951872391197,4.12,-0.5700000000000001,1.9,2.7
1.759688381575316E9,42.2968736,-72.0146176,3037.0898950131204,10.301314978592957,112.83170044606928,3.12,-1.69,1.9,2.7
1.7596883823921962E9,42.2972896,-72.0145216,3032.165354330705,10.746069059843018,113.11323452116162,4.43,-1.7,1.9,2.7
1.7596883835719461E9,42.2979072,-72.0143488,3023.9632545931727,10.87330273031275,113.55708090241345,3.37,-2.63,1.9,2.7
1.759688384390357E9,42.2983168,-72.0142464,3019.038713910758,11.304191605713743,114.14086181096584,5.41,-2.66,1.9,2.7
1.75968838556971E9,42.2989472,-72.0140736,3004.2716535433037,11.832741714085929,114.89283401341432,5.76,-2.37,1.9,2.7
1.759688386387292E9,42.2993696,-72.0139456,3004.2716535433037,12.42833847438679,115.42849909591985,5.98,-2.49,1.9,2.7
1.759688387566144E9,42.2999904,-72.0137536,2991.1450131233564,13.114712447481224,116.08166831504606,3.93,-2.2,1.9,2.7
1.759688388384632E9,42.300416,-72.0136256,2976.3779527559027,13.348569149217857,116.27303847554217,1.58,-2.22,1.9,2.7
1.759688388995947E9,42.3007264,-72.0135296,2978.018372703409,13.41021170573365,116.50262935497122,0.14,-2.46,1.9,2.7
1.7596883903821192E9,42.3014656,-72.0132928,2966.5321522309678,12.947470365196288,116.86093345511684,-2.09,-2.14,1.9,2.7
1.759688390995476E9,42.3017792,-72.0131904,2963.251312335955,12.468851118404089,116.85998607761823,-2.63,-1.3900000000000001,1.9,2.7
1.75968839238231E9,42.3025184,-72.0129728,2958.32677165354,11.972736434397113,116.6609019826513,0.67,-0.32,1.9,2.7
1.759688392990849E9,42.3028416,-72.0128832,2958.323490813645,11.782325134462313,116.51981758442287,0.26,-0.21,1.9,2.7
1.759688394376189E9,42.3035776,-72.0126656,2964.8818897637766,11.7690716933293,116.07736992481043,2.64,1.1400000000000001,1.9,2.7
1.759688394987453E9,42.303888,-72.0125824,2968.1627296587894,11.81689482626145,115.89900670953824,3.0100000000000002,1.26,1.9,2.7
1.759688396373478E9,42.3046272,-72.012384,2971.4402887139076,12.38121673700177,115.40762057478877,3.17,1.41,1.9,2.7
1.759688396984995E9,42.3049344,-72.0122816,2973.077427821519,12.624251641071886,115.17758238941191,3.49,1.6500000000000001,1.9,2.7
1.759688398370607E9,42.305664,-72.012064,2979.6358267716505,13.067458395624465,114.60267828849229,2.69,1.45,1.9,2.7
1.759688398982211E9,42.3059744,-72.0119616,2979.6358267716505,13.374440464871139,114.28747677687812,2.17,1.61,1.9,2.7
1.759688399594419E9,42.3062848,-72.0118656,2987.837926509183,13.448615051686518,114.00297771319279,1.2,1.77,1.9,2.7
1.759688400368005E9,42.3066944,-72.0117312,2982.9133858267687,13.564840668729257,113.45865282023458,0.8300000000000001,2.58,1.9,2.7
1.759688401591701E9,42.3072992,-72.0115264,3000.9547244094456,13.714697467493451,112.57025650595622,2.9,2.77,1.9,2.7
1.759688402366684E9,42.3077024,-72.0113984,3004.235564304459,13.809645723298074,112.05547796787266,2.56,3.33,1.9,2.7
1.7596884037933822E9,42.3084064,-72.0111616,3009.1535433070835,14.077522840836918,111.24373386169114,2.0300000000000002,1.97,1.9,2.7
1.7596884044074621E9,42.3087136,-72.0110528,3020.6332020997343,14.367190138349466,111.00511645670753,3.54,1.69,1.9,2.7
1.759688405177263E9,42.3091008,-72.0109248,3018.992782152228,14.589584924136894,110.81513738905322,3.38,1.69,1.9,2.7
1.759688406404934E9,42.3096896,-72.01072,3022.270341207346,14.906806981485614,110.775611209176,2.23,0.77,1.9,2.7
1.7596884071745028E9,42.3100928,-72.01056,3033.753280839892,15.158111934945268,110.76519871036221,2.19,0.64,1.9,2.7
1.759688408401993E9,42.310688,-72.0103616,3028.828740157477,15.296464623889362,111.03955203309708,3.0500000000000003,-0.18,1.9,2.7
1.759688409172976E9,42.3110816,-72.010208,3030.465879265089,15.47433931801252,111.39665515930994,4.46,-0.48,1.9,2.7
1.759688409785437E9,42.3113856,-72.0100992,3028.825459317582,15.804502681360376,111.83913116306557,5.41,-0.9400000000000001,1.9,2.7
1.759688410400607E9,42.3116832,-72.0099776,3030.4625984251934,15.969940130156065,112.19392339100725,5.67,-0.53,1.9,2.7
1.759688411782215E9,42.3123808,-72.0097024,3033.7401574803116,16.933670413672314,112.85418888517049,1.28,-0.8200000000000001,1.9,2.7
1.7596884123966951E9,42.3126816,-72.0095744,3038.6614173228313,17.10851978486135,113.12237706098819,2.27,-0.89,1.9,2.7
1.7596884137797952E9,42.3133888,-72.0092864,3045.219816272963,16.8720476608409,113.5891976979051,3.2600000000000002,-0.41000000000000003,1.9,2.7
1.7596884143941488E9,42.3136896,-72.0091584,3048.5006561679756,17.347596625776664,113.69650110968007,3.98,0.78,1.9,2.7
1.759688415777595E9,42.3143968,-72.008864,3056.6994750656136,17.44291325693339,113.61314588933644,3.46,1.27,1.9,2.7
1.7596884163911772E9,42.3146976,-72.008736,3050.1345144356924,17.98175728767712,113.46443243603662,5.0200000000000005,1.8900000000000001,1.9,2.7
1.7596884177736502E9,42.3153952,-72.008416,3056.6929133858234,18.575341140810384,112.88955323711053,2.46,1.23,1.9,2.7
1.759688418388638E9,42.3156896,-72.0082752,3053.41207349081,18.912897186195217,112.74560960658897,4.16,1.77,1.9,2.7
1.7596884197720351E9,42.3163808,-72.0079488,3058.3300524934352,19.904391951297466,112.42213306487865,7.47,2.2,1.9,2.7
1.759688421154232E9,42.3170592,-72.007616,3055.045931758527,20.89372377743593,112.33490930422253,2.54,0.67,1.9,2.7
1.759688421769249E9,42.3173536,-72.0074624,3059.9671916010466,21.05957331909965,112.35549788231334,-0.85,-0.12,1.9,2.7
1.759688423197878E9,42.318032,-72.0071104,3061.6043307086584,20.22290023270373,112.29845508792629,-5.46,-0.6,1.9,2.7
1.75968842376777E9,42.31832,-72.006976,3059.960629921257,19.610483839758952,112.35963431369488,-3.64,-0.39,1.9,2.7
1.759688425194596E9,42.319008,-72.0066432,3051.755249343829,18.33156653455183,112.42222717342479,-1.09,0.26,1.9,2.7
1.759688425762712E9,42.3193056,-72.0065152,3053.3956692913353,18.024872936194146,112.51098351336663,-0.03,0.3,1.9,2.7
1.7596884271933532E9,42.32,-72.0062272,3045.1902887139076,17.784243910850112,112.58297897316498,2.06,1.1400000000000001,1.9,2.7
1.759688427760467E9,42.320304,-72.0060928,3051.7486876640387,17.82830294043573,112.63120757959712,2.95,1.02,1.9,2.7
1.759688429189369E9,42.321008,-72.0057984,3045.1870078740126,18.0729147249711,112.84843828513264,2.75,0.6900000000000001,1.9,2.7
1.7596884301669579E9,42.3214944,-72.005568,3043.543307086611,18.453640355375416,113.05518871037552,1.84,0.34,1.9,2.7
1.759688430778801E9,42.321792,-72.00544,3043.540026246716,18.354110463964567,113.27658657626537,1.37,-0.09,1.9,2.7
1.759688431392436E9,42.3220992,-72.005312,3046.8208661417293,18.295089590096826,113.31984027067804,1.32,0.06,1.9,2.7
1.759688432775913E9,42.3227872,-72.0049984,3045.1771653543274,18.422535047899466,113.48547367842671,1.06,0.66,1.9,2.7
1.759688433389981E9,42.323088,-72.0048576,3051.7388451443535,18.17746234908402,113.52964626256352,0.1,0.26,1.9,2.7
1.759688434766428E9,42.323792,-72.0045568,3050.095144356952,17.96661828510973,113.5568812564895,0.38,0.65,1.9,2.7
1.759688435387125E9,42.3240896,-72.004416,3053.37270341207,17.876286121095163,113.47857135555552,-0.08,1.11,1.9,2.7
1.7596884367673202E9,42.3247904,-72.0041216,3058.290682414695,17.46624934135191,113.07749068758088,0.48,1.51,1.9,2.7
1.759688437359058E9,42.3250912,-72.004,3058.290682414695,17.15859117560354,112.86804269374682,-1.05,0.92,1.9,2.7
1.759688438199607E9,42.325488,-72.0038272,3073.0511811023594,16.796764841958765,112.6709446713772,0.02,0.8300000000000001,1.9,2.7
1.759688439381521E9,42.3260864,-72.0035776,3082.8937007873983,16.896608972447307,112.42568224693697,3.69,1.3900000000000001,1.9,2.7
1.75968844019609E9,42.3264832,-72.0034176,3087.811679790023,16.857823748499193,112.34166158974828,2.93,0.89,1.9,2.7
1.759688441378756E9,42.3270848,-72.0031808,3097.6509186351673,17.322092796258676,112.35717937685445,3.5100000000000002,1.26,1.9,2.7
1.759688442194758E9,42.3274816,-72.003008,3110.77427821522,17.38065979387705,112.25049081954485,2.5100000000000002,0.93,1.9,2.7
1.75968844337462E9,42.3280768,-72.0027648,3118.9730971128574,17.716978395241274,111.84686268792595,3.16,2.0100000000000002,1.9,2.7
1.759688444191407E9,42.328464,-72.0025792,3125.531496062989,17.847417592791913,111.49971293453315,3.61,2.63,1.9,2.7
1.7596884453746672E9,42.3290592,-72.002336,3137.0111548556397,17.70347223013093,111.22630102120844,-2.33,-0.05,1.9,2.7
1.759688446187906E9,42.3294528,-72.0021568,3143.572834645666,17.120402168953447,111.1973262974538,-2.77,-0.64,1.9,2.7
1.759688447363751E9,42.3300448,-72.00192,3153.41207349081,16.648494258727204,111.40661859997583,1.07,-0.46,1.9,2.7
1.759688448186677E9,42.3304416,-72.00176,3159.9737532808363,16.369852030033723,111.73238588242333,2.2,-1.87,1.9,2.7
1.759688449412163E9,42.3310304,-72.0015232,3155.049212598422,16.44410242416169,112.88973900126159,3.73,-3.44,1.9,2.7
1.7596884501821442E9,42.3314336,-72.0013632,3151.7650918635136,16.57657343270532,113.92035421654805,2.73,-4.55,1.9,2.7
1.759688451409277E9,42.3320416,-72.00112,3138.6384514435663,17.030488689030125,115.61632272726224,5.14,-3.98,1.9,2.7
1.7596884521791549E9,42.3324608,-72.0009536,3135.3576115485535,17.38017463104839,116.87381767328422,4.12,-4.32,1.9,2.7
1.759688452791994E9,42.332768,-72.0008192,3123.871391076112,17.548384771075135,117.59343433509322,3.0300000000000002,-3.96,1.9,2.7
1.759688454175173E9,42.3335072,-72.000512,3109.104330708658,18.23698059276715,119.19672323171058,4.11,-2.72,1.9,2.7
1.759688454994034E9,42.33392,-72.00032,3102.542650918632,18.17985952951682,120.11924860203501,1.01,-3.36,1.9,2.7
1.759688456379555E9,42.3346752,-71.9999872,3095.9776902887106,18.20561597551194,121.32383727992635,-0.97,-2.7600000000000002,1.9,2.7
1.7596884569901361E9,42.334992,-71.99984,3091.053149606296,18.21455922037891,121.45285040982313,-0.76,-1.36,1.9,2.7
1.759688458375482E9,42.3357376,-71.9995136,3086.1286089238815,17.69449532031885,121.76946911992464,1.92,-1.08,1.9,2.7
1.759688458987074E9,42.3360672,-71.9993664,3081.207349081362,17.885712462814954,121.83866232985936,4.08,-0.44,1.9,2.7
1.759688460371266E9,42.3368192,-71.9990464,3073.0019685039338,18.102593678336845,121.86584957707257,0.37,-1.45,1.9,2.7
1.7596884609851918E9,42.3371392,-71.9988992,3069.7178477690254,17.88852030116876,121.82016347149136,-2.44,-1.94,1.9,2.7
1.7596884615977988E9,42.3374656,-71.9987584,3068.077427821519,17.30496117448876,121.87520672678059,-4.6000000000000005,-3.15,1.9,2.7
1.759688462947596E9,42.3382176,-71.998464,3056.591207349078,15.816416438104863,122.1696256614682,-4.45,-3.66,1.9,2.7
1.759688463594868E9,42.3385472,-71.998336,3058.22834645669,15.295797559073637,122.4655551844948,-3.2600000000000002,-3.7600000000000002,1.9,2.7
1.7596884649795241E9,42.3393184,-71.9980672,3036.8996062992096,14.327750025587479,123.24374173205987,0.64,-2.97,1.9,2.7
1.759688466364959E9,42.340096,-71.9978048,3027.0538057742747,14.31975407030815,123.86126450159949,2.33,-0.76,1.9,2.7
1.75968846697634E9,42.3404288,-71.9976896,3018.851706036742,14.459614341811536,123.77826604264847,2.56,-0.16,1.9,2.7
1.759688467589603E9,42.340768,-71.9975744,3018.848425196847,14.591307649630801,123.61096481690993,1.6400000000000001,-0.17,1.9,2.7
1.7596884689735389E9,42.341536,-71.9972992,3020.4888451443535,14.54354459890808,123.00181315181158,-0.99,-0.84,1.9,2.7
1.75968846958636E9,42.3418688,-71.997184,3022.1259842519653,14.593008436065134,122.7482033688783,-0.24,-1.21,1.9,2.7
1.759688470971142E9,42.34264,-71.996928,3018.8418635170574,14.232544211833954,122.46968489998932,0.36,-1.43,1.9,2.7
1.7596884715831962E9,42.3429632,-71.9968064,3017.2014435695505,14.305287527979138,122.48917459893433,0.74,-1.9000000000000001,1.9,2.7
1.7596884724014359E9,42.3434112,-71.9966592,3018.8385826771623,14.078110232675172,122.58686173031298,-0.19,-2.37,1.9,2.7
1.759688473582343E9,42.3440672,-71.9964352,3008.992782152228,13.996624403470253,122.72357928941302,0.31,-1.79,1.9,2.7
1.759688474398291E9,42.3445088,-71.9962816,3005.7086614173195,13.952750808480323,122.94054818880622,1.28,-2.17,1.9,2.7
1.759688475576915E9,42.3451744,-71.996064,3000.7874015748,13.697947037058931,122.96613363686971,-0.37,-1.54,1.9,2.7
1.759688476394995E9,42.3456128,-71.9959232,2992.582020997372,13.715753963136532,123.05549112147098,0.98,-1.19,1.9,2.7
1.7596884775753279E9,42.3462752,-71.9956992,3004.0616797900234,13.629663441409049,122.91051064572746,-0.27,-1.03,1.9,2.7
1.7596884783924708E9,42.3467136,-71.9955584,3010.6233595800495,13.743516348533063,122.72986623405541,0.22,0.08,1.9,2.7
1.7596884795721579E9,42.3473824,-71.9953472,3008.9796587926476,13.53897349788219,122.22370002515603,-0.17,0.33,1.9,2.7
1.759688480389699E9,42.3478208,-71.9952064,3007.335958005246,13.472602020292864,121.72996281381877,-0.48,0.85,1.9,2.7
1.759688481568826E9,42.3484736,-71.9949888,3020.4560367454037,13.371993785218878,120.77985723577025,-0.24,1.7,1.9,2.7
1.759688482386559E9,42.3489088,-71.994848,3022.09645669291,13.228299819407209,120.02935160016546,-0.8200000000000001,2.18,1.9,2.7
1.759688483567678E9,42.3495552,-71.9946432,3028.6548556430416,13.121227766251332,118.67948601347275,0.53,2.72,1.9,2.7
1.7596884843849401E9,42.3499872,-71.9945152,3041.774934383199,13.083120267355058,117.90277027774636,0.81,2.54,1.9,2.7
1.759688484996546E9,42.350304,-71.9944128,3046.6961942257185,13.23725838869643,117.3179784628998,2.05,2.49,1.9,2.7
1.759688486382617E9,42.35104,-71.9941696,3063.097112860889,13.538274655987669,116.08518210234203,-0.6,1.43,1.9,2.7
1.759688486993528E9,42.3513536,-71.9940736,3072.9363517060333,13.343493506794026,115.81110628279633,-0.59,0.09,1.9,2.7
1.759688488379024E9,42.35208,-71.9938432,3081.135170603671,13.177961501055197,115.19324953426869,2.45,1.19,1.9,2.7
1.759688488990776E9,42.3523904,-71.9937408,3089.337270341204,13.354798443181549,114.95744460277687,4.8100000000000005,1.44,1.9,2.7
1.7596884903753362E9,42.3531104,-71.9935168,3102.457349081362,13.963500370471047,115.1144148967795,5.08,-1.1400000000000001,1.9,2.7
1.759688490987939E9,42.3534304,-71.993408,3104.0977690288682,14.41757024790527,115.46575349544919,4.78,-1.61,1.9,2.7
1.759688492373098E9,42.3541536,-71.993152,3110.6561679789993,15.209023958768212,116.5530923039297,4.44,-3.87,1.9,2.7
1.759688492984837E9,42.3544704,-71.993024,3113.9337270341175,15.407631508872228,117.20813775049876,5.37,-5.2,1.9,2.7
1.7596884935982409E9,42.3547808,-71.9929152,3104.091207349078,15.666273812125308,117.83985155350126,5.12,-5.5,1.9,2.7
1.7596884949825358E9,42.3555168,-71.9926272,3084.402887139104,16.31732539763934,120.10787811116924,5.43,-6.94,1.9,2.7
1.759688495595331E9,42.35584,-71.9924928,3072.9166666666633,16.540625769159618,121.05708688801357,5.36,-7.11,1.9,2.7
1.759688496980373E9,42.3565952,-71.9921792,3040.104986876637,17.604798690301582,123.4626779595392,8.13,-6.51,1.9,2.7
1.759688498365845E9,42.3573632,-71.9918464,3012.214566929131,18.695115361307657,125.89751347838637,3.71,-5.98,1.9,2.7
1.759688498977675E9,42.3576992,-71.9916864,3004.0124671915983,19.123820569142215,126.79669149377294,2.84,-4.65,1.9,2.7
1.759688499590142E9,42.3580288,-71.9915328,2987.604986876637,19.162132882875927,127.38174904261658,0.36,-4.65,1.9,2.7
1.759688500974049E9,42.3588192,-71.9911552,2972.837926509183,19.11655119324484,128.1489295045874,0.45,-2.67,1.9,2.7
1.759688501586124E9,42.3591616,-71.9909952,2967.9166666666633,18.987889436196046,128.02903119708301,0.59,-1.3800000000000001,1.9,2.7
1.7596885029710522E9,42.3599424,-71.9906304,2972.8346456692884,18.90026252963593,127.1605390522825,-1.1500000000000001,0.08,1.9,2.7
1.759688503583712E9,42.3602752,-71.9904768,2971.190944881887,18.738510847479375,126.4635123032432,-2.0,0.63,1.9,2.7
1.7596885043525639E9,42.3607104,-71.9902784,2979.3930446194195,18.468695228863524,125.2385108603441,-2.02,1.67,1.9,2.7
1.759688504967782E9,42.3610432,-71.9901376,2997.434383202097,18.31873036260946,124.24908160477003,-2.33,2.49,1.9,2.7
1.759688506398233E9,42.3617984,-71.9898176,3013.8353018372673,17.557730939737983,121.65676646534229,-3.61,3.17,1.9,2.7
1.759688506965831E9,42.3621184,-71.9896768,3020.3969816272934,17.214085609198964,120.59416328622417,-3.8000000000000003,2.73,1.9,2.7
1.75968850839536E9,42.3628704,-71.9893632,3043.3595800524904,16.248558995765514,118.58773448214028,-4.23,1.58,1.9,2.7
1.7596885089628448E9,42.3631776,-71.989248,3040.075459317582,15.735079933446269,117.83924712725123,-3.93,1.52,1.9,2.7
1.75968851040069E9,42.3639072,-71.9889728,3059.757217847766,14.749412826701041,116.28310075342735,-3.1,1.83,1.9,2.7
1.759688510963479E9,42.3642208,-71.9888704,3063.038057742779,14.53514430332717,115.86832260073156,-3.15,0.9500000000000001,1.9,2.7
1.7596885123912601E9,42.364944,-71.9886336,3074.51771653543,13.33866606055425,115.00969765703645,-4.32,0.34,1.9,2.7
1.759688513160417E9,42.3653664,-71.9885056,3082.7165354330673,12.883377108508828,114.81697710802057,-1.55,0.5,1.9,2.7
1.759688513772507E9,42.3656704,-71.9884032,3077.795275590548,12.691043656409581,114.66975899189109,1.1,0.44,1.9,2.7
1.7596885143884401E9,42.3659872,-71.9883136,3082.7132545931727,12.433011301536547,114.75379550905292,1.19,-0.92,1.9,2.7
1.759688515157414E9,42.3663968,-71.988192,3082.7132545931727,12.376369756363644,114.90795466420334,1.04,-1.93,1.9,2.7
1.759688516385591E9,42.367024,-71.988,3067.9461942257185,12.549710947739996,115.58224218902883,1.96,-2.67,1.9,2.7
1.7596885171540852E9,42.3674464,-71.9878784,3056.4632545931727,12.365696626763409,116.27636775122893,1.07,-3.97,1.9,2.7
1.759688518383858E9,42.36808,-71.9876992,3038.4153543307057,12.31508365714404,117.5670524765084,1.57,-4.43,1.9,2.7
1.759688519198431E9,42.368496,-71.9875712,3026.9291338582643,12.307514772885794,118.45896933155267,2.52,-4.7,1.9,2.7
1.759688520380935E9,42.3691488,-71.9873792,3007.240813648291,12.31393573722453,120.31221136973275,1.76,-5.95,1.9,2.7
1.759688521195228E9,42.3695904,-71.9872448,2995.7578740157446,12.289744647868622,121.27595767069954,1.87,-4.72,1.9,2.7
1.7596885225802078E9,42.3703552,-71.9870208,2967.867454068238,12.543553126904314,122.88782854339505,2.83,-3.19,1.9,2.7
1.75968852339639E9,42.3708064,-71.9868864,2958.021653543304,12.854648623319136,123.45697924316406,5.0600000000000005,-2.11,1.9,2.7
1.759688524577637E9,42.3714816,-71.9866816,2954.737532808396,13.735102975634874,123.78602566481032,4.03,-1.32,1.9,2.7
1.759688525393364E9,42.3719296,-71.986528,2944.8950131233564,14.304549619086337,123.832818818079,3.08,-0.9,1.9,2.7
1.7596885265737228E9,42.3725952,-71.986304,2946.5321522309678,14.73896873632398,123.39286279751516,1.84,-0.27,1.9,2.7
1.759688527348041E9,42.37304,-71.9861376,2953.0905511810993,14.91622617805155,122.78989157033098,0.79,1.2,1.9,2.7
1.75968852877462E9,42.3737984,-71.9858624,2961.289370078737,15.023349417670111,120.9594138269755,1.1500000000000001,2.75,1.9,2.7
1.759688529390955E9,42.374128,-71.9857472,2967.8510498687633,15.226639655726823,120.04804143173345,2.67,3.41,1.9,2.7
1.7596885307727818E9,42.3748576,-71.9854592,2987.532808398947,15.884444346605864,117.96668362677156,7.04,3.94,1.9,2.7
1.7596885313872929E9,42.3751712,-71.9853376,2992.4507874015717,16.55165016596529,117.08937642607701,10.67,4.16,1.9,2.7
1.759688532770246E9,42.3758912,-71.985024,3012.1325459317554,19.88998963156834,115.47129521598627,18.740000000000002,4.82,1.9,2.7
1.759688533385291E9,42.3761952,-71.9848704,3017.0538057742747,21.43453735353288,115.00151507120222,19.52,4.34,1.9,2.7
1.759688534766773E9,42.3768768,-71.9844736,3040.0164041994717,26.369354778449623,114.53274586304572,25.240000000000002,3.15,1.9,2.7
1.759688536196721E9,42.3775328,-71.9839936,3043.29396325459,31.236074413331597,114.32935985323061,26.8,1.5,1.9,2.7
1.759688536763838E9,42.377792,-71.9837568,3051.492782152228,33.95229512850813,114.26344670380664,26.34,0.75,1.9,2.7
1.759688538197104E9,42.3783872,-71.9831552,3043.2874015748002,39.971475415569124,114.31777871198977,19.44,-0.59,1.9,2.7
1.759688538762401E9,42.378624,-71.9828736,3038.3661417322805,42.036454325492805,114.31932392351473,18.64,-0.51,1.9,2.7
1.7596885401905909E9,42.3791488,-71.9821632,3043.2841207349047,46.46774105506445,114.30015355963926,17.71,-0.92,1.9,2.7
1.759688540760429E9,42.3793728,-71.9818496,3040.003280839892,48.38263334792389,114.37945857133096,17.22,-1.2,1.9,2.7
1.7596885421890268E9,42.3798368,-71.9810688,3044.9212598425165,52.65776692808092,114.59741439412682,17.580000000000002,-1.46,1.9,2.7
1.759688542756968E9,42.3800192,-71.9807104,3039.9967191601017,54.51531641975845,114.82534889561933,18.29,-1.69,1.9,2.7
1.759688544147855E9,42.380432,-71.979872,3043.27427821522,58.78911600498461,115.16255619907963,18.44,-2.21,1.9,2.7
1.7596885447985601E9,42.3805952,-71.9795008,3043.27427821522,60.680678441451924,115.23894796216506,19.57,-1.72,1.9,2.7
1.759688545569165E9,42.3807872,-71.9789888,3039.9934383202067,63.443581605667156,115.39269965303376,18.69,-1.7,1.9,2.7
1.759688546387635E9,42.3809792,-71.978464,3036.709317585299,65.89174793414927,115.5945743163822,17.09,-2.09,1.9,2.7
1.759688547565802E9,42.3812192,-71.9776512,3038.34645669291,69.4518306435472,115.85708608591258,18.1,-1.86,1.9,2.7
1.759688548384276E9,42.38136,-71.9771136,3033.4251968503904,71.68631190505195,116.17810669441191,16.37,-3.0100000000000002,1.9,2.7
1.759688549201726E9,42.3814816,-71.9765568,3031.781496062989,73.93499709866553,116.39419586904319,14.120000000000001,-3.88,1.9,2.7
1.75968855038233E9,42.3816384,-71.9756992,3038.343175853015,76.80532892499696,116.8382945285198,7.25,-4.28,1.9,2.7
1.7596885511985831E9,42.381728,-71.975136,3036.6994750656136,77.84076409306257,117.0204860965266,4.59,-4.63,1.9,2.7
1.7596885523806992E9,42.3818592,-71.9742784,3030.1377952755875,78.41092308894535,117.37118141876662,0.3,-4.78,1.9,2.7
1.759688553196332E9,42.3819392,-71.9737024,3023.5728346456663,78.7958922146989,117.64827918074974,3.96,-4.19,1.9,2.7
1.759688554378444E9,42.3820576,-71.9728256,3033.4153543307057,79.44746422641249,118.24167483508535,5.03,-4.71,1.9,2.7
1.759688555192647E9,42.3821376,-71.9722432,3023.5728346456663,79.87995088915663,118.5923895386296,2.8000000000000003,-4.75,1.9,2.7
1.759688556375195E9,42.3822464,-71.97136,3018.648293963251,80.43321047224111,119.18236228455717,1.73,-4.23,1.9,2.7
1.759688557189307E9,42.3823232,-71.9707712,3015.367454068238,80.38307293796022,119.61401383175148,-0.02,-4.49,1.9,2.7
1.759688557803432E9,42.3823744,-71.9703296,3012.08333333333,80.40622010737344,119.78326365926453,0.09,-3.91,1.9,2.7
1.759688559187654E9,42.3824992,-71.9692864,3002.240813648291,80.52549303390126,120.21436528902123,1.81,-3.47,1.9,2.7
1.759688559799912E9,42.3825504,-71.9688384,3003.8779527559022,80.65024302929574,120.36798657942511,1.48,-3.46,1.9,2.7
1.759688561184499E9,42.3826784,-71.9678016,3000.5971128608894,81.12247879676362,120.54340315456139,4.76,-2.02,1.9,2.7
1.759688561796874E9,42.3827328,-71.9673536,2995.6725721784746,81.45325115769458,120.59406458842273,5.89,-2.02,1.9,2.7
1.7596885631812081E9,42.3828384,-71.9663104,2994.032152230968,82.53443112940666,120.88215473525946,3.63,-2.73,1.9,2.7
1.759688563795327E9,42.38288,-71.9658496,2997.3097112860864,82.89325326011291,120.98128938930729,1.71,-2.89,1.9,2.7
1.759688565178103E9,42.3829728,-71.9648064,2990.74803149606,82.8841064564527,121.14041356987177,-0.49,-3.06,1.9,2.7
1.7596885657907228E9,42.3830208,-71.9643584,2985.823490813645,82.74846284840962,121.19616149470986,-0.6900000000000001,-2.71,1.9,2.7
1.75968856640514E9,42.3830656,-71.9639104,2982.542650918632,82.4866555852307,121.30714908065563,-1.6600000000000001,-3.13,1.9,2.7
1.759688567789293E9,42.383168,-71.9628608,2979.2618110236185,82.03348072848145,121.31985854571798,-0.24,-2.17,1.9,2.7
1.759688568402457E9,42.3832096,-71.9624128,2982.5393700787367,81.85301118022241,121.25614209126063,-0.54,-2.08,1.9,2.7
1.759688569786316E9,42.3833312,-71.9613568,2971.056430446191,81.7325166064533,121.52863828459638,2.77,-1.9000000000000001,1.9,2.7
1.759688570400075E9,42.3833728,-71.9609088,2972.6935695538027,81.77404207231638,121.59443537369967,3.35,-1.8900000000000001,1.9,2.7
1.759688571782398E9,42.383488,-71.9598528,2962.8510498687633,82.37266116741328,121.55496077241453,3.5300000000000002,-1.3,1.9,2.7
1.759688572397268E9,42.3835296,-71.9593984,2957.9265091863485,82.62858345476549,121.65991114336555,3.14,-2.0100000000000002,1.9,2.7
1.75968857378014E9,42.3836256,-71.9583424,2954.6456692913357,82.7920632295299,121.61551473909121,1.44,-0.61,1.9,2.7
1.7596885743944411E9,42.383664,-71.957888,2951.3615485564274,82.93417348491113,121.3622926902509,2.49,0.12,1.9,2.7
1.759688575777164E9,42.3837632,-71.956832,2956.282808398947,82.9713522574948,120.4124475639908,0.51,0.01,1.9,2.7
1.759688576392268E9,42.3838048,-71.9563904,2956.282808398947,82.96365178158632,119.96396701718257,2.45,0.73,1.9,2.7
1.7596885777746239E9,42.3838912,-71.9553536,2969.402887139104,83.27044154175725,118.77077535894541,2.85,1.71,1.9,2.7
1.759688578388818E9,42.3839328,-71.954912,2975.964566929131,83.37663194246448,118.13837027304884,3.36,2.1,1.9,2.7
1.7596885797719998E9,42.3840256,-71.9538944,2984.1633858267683,83.93561075072375,116.83743105168098,3.4,1.78,1.9,2.7
1.7596885803847299E9,42.3840576,-71.9534592,2980.8825459317554,84.00752513881473,116.37240451003872,2.9,1.47,1.9,2.7
1.7596885817692251E9,42.3841408,-71.9524608,2995.6430446194195,84.59075876989846,115.47319148030363,4.84,1.09,1.9,2.7
1.759688582383111E9,42.3841696,-71.9520256,2998.9238845144328,84.96746022556025,115.22821737154676,5.17,0.99,1.9,2.7
1.7596885831990628E9,42.3842048,-71.951456,3005.485564304459,85.36114167000758,114.8882231015392,5.0600000000000005,0.3,1.9,2.7
1.7596885843805819E9,42.3842432,-71.9505984,3010.4035433070835,86.22473116928943,114.54662426824315,5.43,0.46,1.9,2.7
1.75968858519522E9,42.384272,-71.9500224,3012.04396325459,86.7423032993171,114.2494164919001,5.19,0.63,1.9,2.7
1.759688586378269E9,42.384304,-71.9491648,3018.6023622047214,87.70274968570887,113.96199921154108,6.8100000000000005,0.5700000000000001,1.9,2.7
1.759688587194128E9,42.38432,-71.948608,3016.961942257215,88.57108330040803,113.8086088639268,7.69,0.55,1.9,2.7
1.759688587761198E9,42.38432,-71.9481792,3016.961942257215,89.26522778909751,113.68537399312706,7.390000000000001,0.48,1.9,2.7
1.7596885891896791E9,42.38432,-71.9471808,3018.599081364826,90.32403437286497,113.42513989871769,3.39,-0.22,1.9,2.7
1.7596885897592192E9,42.38432,-71.9467648,3016.9586614173195,90.67761818023283,113.41181891444145,1.28,-0.61,1.9,2.7
1.759688591187014E9,42.3843072,-71.9457728,3013.677821522306,90.67924803706352,113.13969976339408,-2.07,-0.35000000000000003,1.9,2.7
1.7596885917561002E9,42.384304,-71.9453568,3020.2362204724377,90.25617890634028,113.03568695790919,-4.37,-0.46,1.9,2.7
1.759688593387758E9,42.3843072,-71.944224,3030.078740157477,88.56220459246222,112.33126306945942,-7.19,0.11,1.9,2.7
1.759688594568099E9,42.384336,-71.9433792,3028.4350393700756,86.64759275289694,111.69004994770962,-8.78,0.32,1.9,2.7
1.7596885953851109E9,42.3843648,-71.9428224,3030.075459317582,85.2704372085226,111.27522290304049,-8.89,0.56,1.9,2.7
1.759688596565047E9,42.3844256,-71.9420032,3034.9967191601017,83.09693837780506,110.7858163843958,-8.84,0.49,1.9,2.7
1.7596885979962401E9,42.384528,-71.9410432,3048.1167979002594,80.86591227603765,110.45023602382454,-6.26,0.81,1.9,2.7
1.759688598770127E9,42.3846016,-71.9404928,3048.1167979002594,80.00488671750465,110.31577969962498,-1.61,1.35,1.9,2.7
1.759688599381343E9,42.384656,-71.9400832,3048.1135170603643,79.48645134520186,110.2592631933345,-2.59,1.07,1.9,2.7
1.7596886001971998E9,42.3847328,-71.939552,3049.753937007871,78.9556725719344,110.19642584092078,-3.2800000000000002,0.66,1.9,2.7
1.759688601379328E9,42.3848544,-71.9387328,3046.4698162729624,78.23253498755874,110.27881393141222,-2.0300000000000002,0.37,1.9,2.7
1.759688602194299E9,42.384944,-71.9381888,3051.391076115482,77.82989455179514,110.46310688459758,-0.86,0.29,1.9,2.7
1.759688603377074E9,42.385072,-71.9373952,3044.829396325456,77.3708667102933,110.77737125968973,0.44,-0.03,1.9,2.7
1.759688604191299E9,42.3851616,-71.9368512,3043.1856955380545,77.4353001805843,111.0681817903135,1.08,-0.12,1.9,2.7
1.759688605374788E9,42.3852992,-71.936032,3049.7473753280806,77.28225925503399,111.25430365354384,-0.31,-0.23,1.9,2.7
1.759688606187649E9,42.3853952,-71.9355008,3043.1824146981594,76.98665689470253,111.4453310407212,-0.6900000000000001,-0.47000000000000003,1.9,2.7
1.75968860735833E9,42.3855328,-71.9346752,3041.541994750653,76.8873340158795,111.72967197968873,1.36,0.12,1.9,2.7
1.759688608192284E9,42.3856192,-71.9341376,3031.6961942257185,76.68998857308608,111.95987586845095,1.11,-0.52,1.9,2.7
1.759688608799203E9,42.385696,-71.9337216,3036.617454068238,76.82086596056939,112.19916197096191,2.39,-0.12,1.9,2.7
1.759688610183547E9,42.3858688,-71.932768,3021.850393700784,76.55347469283845,112.68288620373792,1.24,-0.75,1.9,2.7
1.759688610796534E9,42.3859392,-71.932352,3021.850393700784,76.60658939885528,113.03762073809573,1.96,-0.8300000000000001,1.9,2.7
1.759688612180613E9,42.386112,-71.931392,3013.6450131233564,76.63882803400736,113.64185212031698,2.73,-0.54,1.9,2.7
1.759688612792934E9,42.3861824,-71.9309696,3013.6450131233564,76.63692903802895,113.9624169771886,0.97,-1.17,1.9,2.7
1.759688613567038E9,42.3862816,-71.9304128,3005.4429133858234,76.79013742086185,114.40961559855705,1.72,-0.72,1.9,2.7
1.759688614382012E9,42.3863808,-71.929856,2998.8779527559022,76.78667867605553,114.89044636032406,2.73,-0.9500000000000001,1.9,2.7
1.759688615562676E9,42.386528,-71.929024,2985.75459317585,76.90352222536812,115.55417168226398,3.46,-0.7000000000000001,1.9,2.7
1.759688616380165E9,42.3866208,-71.9284608,2990.6725721784746,77.44617776307169,115.90272164001996,5.16,0.13,1.9,2.7
1.759688617557685E9,42.386752,-71.9276032,2987.3917322834614,78.2516695718656,116.08847770706046,7.01,-0.14,1.9,2.7
1.759688618375624E9,42.3868384,-71.9270336,2990.6692913385796,79.23047150793677,116.40666919632693,4.94,-0.48,1.9,2.7
1.759688618987963E9,42.3868992,-71.9266112,2980.82677165354,79.70114180248234,116.44630716358958,3.41,-0.39,1.9,2.7
1.759688619601732E9,42.3869504,-71.926176,2989.028871391073,80.08176117014261,116.4663441349938,2.92,-0.19,1.9,2.7
1.7596886209472198E9,42.387072,-71.9251712,3003.7893700787367,81.01742533771456,116.40601999951308,1.3900000000000001,-0.79,1.9,2.7
1.7596886215994658E9,42.3871296,-71.9247424,3013.631889763776,81.24802356327903,116.50995898555277,1.3800000000000001,-0.93,1.9,2.7
1.759688622982565E9,42.3872384,-71.9237376,3018.549868766401,81.98223951363295,116.3686185271841,3.86,0.63,1.9,2.7
1.759688623595357E9,42.3872832,-71.9233152,3021.830708661414,82.40345830966983,116.31021079008596,3.95,0.58,1.9,2.7
1.759688624980408E9,42.387376,-71.9222976,3036.591207349078,83.54549627638691,116.20091001164897,3.41,0.1,1.9,2.7
1.7596886255924869E9,42.387408,-71.9218688,3043.152887139104,84.08432345446914,116.18025485897451,3.1,-0.32,1.9,2.7
1.759688626976534E9,42.3874784,-71.9208448,3054.6325459317554,85.17025303133741,116.12940539060884,0.67,-0.66,1.9,2.7
1.759688627589159E9,42.387504,-71.9204096,3057.9133858267687,85.26985341624744,115.9759917920807,-0.71,-0.1,1.9,2.7
1.759688628973912E9,42.3875616,-71.9194048,3082.516404199472,85.35726401891297,115.51293224065085,-0.87,0.72,1.9,2.7
1.7596886295872579E9,42.3875872,-71.918976,3085.797244094485,85.33353504490589,115.16577157498156,1.1500000000000001,0.85,1.9,2.7
1.75968863035969E9,42.3876256,-71.9183936,3093.999343832018,85.34045457879532,114.6185558814165,2.12,2.63,1.9,2.7
1.759688631788375E9,42.3876864,-71.9174016,3110.400262467188,85.24857315690991,113.58039047862434,-2.13,1.07,1.9,2.7
1.759688632402254E9,42.3877056,-71.9169792,3118.602362204721,85.10006828944849,113.33211018102216,-1.06,-0.02,1.9,2.7
1.759688633171856E9,42.387744,-71.9164224,3123.5236220472407,84.96185936888148,113.55101982847964,0.37,-2.7,1.9,2.7
1.7596886343995829E9,42.3878016,-71.9155648,3121.879921259839,84.5652001851178,114.52129581996255,-0.12,-3.79,1.9,2.7
1.759688635169042E9,42.38784,-71.9150016,3118.599081364826,84.50194016666597,115.23641500986172,-0.01,-3.25,1.9,2.7
1.759688636397361E9,42.3879104,-71.9141376,3102.1916010498653,83.78746726395879,116.57662610147477,-2.22,-4.32,1.9,2.7
1.7596886371681519E9,42.3879552,-71.9135488,3103.832020997372,83.77708444005619,117.45884243730366,1.01,-3.83,1.9,2.7
1.7596886383947601E9,42.3880256,-71.9126912,3089.068241469813,83.18816765477641,118.65398890211357,-0.97,-3.25,1.9,2.7
1.759688639163824E9,42.3880832,-71.912096,3084.1437007873983,83.08821076085611,119.20758155855712,0.32,-2.54,1.9,2.7
1.7596886397772942E9,42.3881248,-71.9116416,3077.582020997372,83.08540791835009,119.48242068110655,0.0,-1.86,1.9,2.7
1.7596886403910708E9,42.3881568,-71.9112,3072.6607611548525,83.12734064747852,119.8830107452038,-0.07,-1.74,1.9,2.7
1.75968864177381E9,42.388256,-71.9101568,3059.534120734905,82.56739523347777,120.36337978894734,-1.73,-2.22,1.9,2.7
1.759688642389885E9,42.3883072,-71.9097152,3052.972440944879,82.55024487203528,120.3876894101131,0.16,-1.51,1.9,2.7
1.7596886437721028E9,42.3884128,-71.9086592,3039.845800524931,81.82946860912627,120.77234091278814,-3.9,-2.4,1.9,2.7
1.7596886443860722E9,42.3884608,-71.9082176,3031.6437007873983,81.51295979639433,120.90935861587637,-4.51,-2.5300000000000002,1.9,2.7
1.759688645770405E9,42.3885792,-71.9071744,3023.4383202099707,80.43188806818607,121.15409331766217,-3.8000000000000003,-1.73,1.9,2.7
1.7596886463836632E9,42.3886368,-71.9067136,3013.5958005249313,79.87758952706832,121.21945314397668,-3.5300000000000002,-2.32,1.9,2.7
1.759688647198849E9,42.38872,-71.906112,3011.95209973753,79.03052009554696,121.25655342324794,-4.7,-2.66,1.9,2.7
1.759688648381083E9,42.3888544,-71.9052224,3003.749999999997,78.164730002123,121.40819155286259,-2.58,-1.36,1.9,2.7
1.759688649765328E9,42.389024,-71.904192,3002.1062992125953,77.1431761160266,121.16514265652376,-1.75,-1.04,1.9,2.7
1.759688650378543E9,42.3890944,-71.9037504,3002.1062992125953,77.14190982700183,121.0660617977679,1.77,-0.03,1.9,2.7
1.759688651192621E9,42.3891936,-71.9031616,2995.541338582674,77.0695859343261,120.92155368114203,5.76,0.21,1.9,2.7
1.75968865237536E9,42.3893536,-71.9022848,2988.979658792648,78.27130184354192,120.48756802588017,10.4,1.68,1.9,2.7
1.759688653189444E9,42.38944,-71.9016896,2988.9763779527525,79.52101536421978,120.13101275776236,10.05,1.1400000000000001,1.9,2.7
1.7596886538036718E9,42.3894912,-71.901248,2992.257217847766,80.40028908675757,119.94307624222826,9.44,0.33,1.9,2.7
1.759688655186141E9,42.3896128,-71.9002048,2987.332677165351,82.49880231440814,119.71565525131156,9.94,0.0,1.9,2.7
1.7596886558000631E9,42.3896512,-71.8997568,2987.332677165351,83.3771602757735,119.6646282482417,10.3,-0.24,1.9,2.7
1.759688657184195E9,42.389712,-71.8987136,2985.6922572178446,85.7178176107938,119.49123875322167,12.9,0.72,1.9,2.7
1.759688657797409E9,42.3897408,-71.898272,2988.969816272963,86.90040151822264,119.3517113544355,14.32,0.75,1.9,2.7
1.759688659180502E9,42.3897664,-71.8972224,2993.8910761154825,89.67281277779384,119.14017135213221,9.92,-0.65,1.9,2.7
1.759688659794584E9,42.3897664,-71.8967808,2995.531496062989,90.68283981699895,119.06893083246314,7.21,-1.07,1.9,2.7
1.759688660408409E9,42.3897504,-71.8963328,2997.1686351706007,91.31174478507847,118.87780550357617,4.6000000000000005,-0.9500000000000001,1.9,2.7
1.7596886617917628E9,42.3897312,-71.895296,2992.247375328081,92.01087155187466,118.5503264923204,1.37,-1.1,1.9,2.7
1.75968866240518E9,42.3897184,-71.8948544,2995.528215223094,92.16533861901036,118.32855206439892,0.52,-0.49,1.9,2.7
1.75968866378898E9,42.3896896,-71.8938304,3003.7270341207313,91.78074053849751,117.60107029571168,-1.1300000000000001,-0.06,1.9,2.7
1.759688664402183E9,42.3896832,-71.8933888,3007.0078740157446,91.87118663270549,117.27635885156248,0.55,0.42,1.9,2.7
1.759688665786903E9,42.3896576,-71.8923648,3008.6450131233564,91.90468912688205,116.3839565163225,0.99,0.8,1.9,2.7
1.75968866639959E9,42.389648,-71.8919296,3008.6450131233564,91.83399096542576,116.00974983310287,1.69,0.44,1.9,2.7
1.759688667782867E9,42.3896192,-71.8909248,3020.1279527559022,92.2415789172744,115.29989089646206,0.8300000000000001,0.6,1.9,2.7
1.7596886683971272E9,42.3896032,-71.890496,3016.847112860889,92.21748085857008,115.04511377030998,-0.26,0.58,1.9,2.7
1.759688669983886E9,42.3895616,-71.889344,3029.9671916010466,91.8428954177051,114.24051464032509,-2.18,0.23,1.9,2.7
1.759688670597405E9,42.389552,-71.8889216,3026.6863517060337,91.44527391062066,114.06220417617797,-2.49,0.01,1.9,2.7
1.759688671352157E9,42.3895424,-71.888352,3034.885170603671,91.00714412955855,113.90744608599626,-3.2800000000000002,-0.24,1.9,2.7
1.759688671981911E9,42.3895424,-71.8879168,3041.446850393698,90.57744047466902,113.79843569882479,-3.93,-0.26,1.9,2.7
1.7596886727986112E9,42.3895424,-71.88736,3043.087270341204,89.82346443552507,113.55993413705644,-5.76,-0.31,1.9,2.7
1.7596886741837149E9,42.389552,-71.8863616,3046.3681102362175,88.13370815240886,113.40572841969555,-6.93,-0.56,1.9,2.7
1.759688674796743E9,42.389568,-71.8859392,3043.083989501309,87.23025870986835,113.43921543245494,-6.640000000000001,-0.51,1.9,2.7
1.7596886761807241E9,42.3896192,-71.8849472,3039.8031496062963,85.51194954999276,113.77218845157363,-4.33,-0.81,1.9,2.7
1.759688676792622E9,42.389648,-71.8845184,3043.080708661414,84.83387928142083,113.98354032862501,-4.94,-0.91,1.9,2.7
1.759688678180204E9,42.3897184,-71.8835328,3033.2381889763747,83.39536807247005,114.41591189792138,-4.1,-1.35,1.9,2.7
1.759688678789407E9,42.38976,-71.8830976,3041.440288713907,82.81111550117129,114.63549098493118,-3.5700000000000003,-1.25,1.9,2.7
1.7596886801752548E9,42.389856,-71.882112,3031.594488188973,82.19731419284714,114.9737743846569,1.23,0.42,1.9,2.7
1.759688680786806E9,42.3899104,-71.8816768,3031.594488188973,81.86853160670752,115.30177850993229,-2.21,-1.16,1.9,2.7
1.7596886814023771E9,42.3899488,-71.8812544,3036.512467191598,81.46446145207294,115.38163950669828,-3.79,-1.78,1.9,2.7
1.759688682784367E9,42.3900704,-71.8802496,3028.310367454065,80.60541816511493,116.22625930291912,-2.37,-1.8,1.9,2.7
1.759688683399883E9,42.3901344,-71.8798272,3023.3858267716505,80.13173327159481,116.36970790279713,-2.98,-0.78,1.9,2.7
1.7596886847814422E9,42.3902688,-71.8788224,3010.262467191598,79.12240260822234,116.70597716044306,-2.18,-0.98,1.9,2.7
1.759688685396512E9,42.3903264,-71.8783872,3005.3379265091835,78.81715868650181,116.86686651496018,-1.19,-1.01,1.9,2.7
1.759688686779045E9,42.3904768,-71.8773888,2997.1358267716505,78.01287044775863,117.08442764205144,-0.4,-0.54,1.9,2.7
1.7596886881641111E9,42.3906368,-71.8763904,2988.9304461942224,78.01229669894883,116.98531756111677,-0.25,0.41000000000000003,1.9,2.7
1.759688688775198E9,42.3907136,-71.8759616,2984.0091863517027,77.85666519564144,116.89419350084317,0.19,0.33,1.9,2.7
1.7596886893906322E9,42.3907776,-71.8755264,2984.0091863517027,77.74535743505203,116.76427268253484,1.71,0.53,1.9,2.7
1.7596886907723489E9,42.3909408,-71.8745344,2988.9271653543274,77.89655830288244,116.43934346413852,2.16,0.13,1.9,2.7
1.759688691386812E9,42.3910112,-71.8741056,2985.6463254593145,78.18440249345176,116.1963461291748,2.67,0.8,1.9,2.7
1.7596886927728739E9,42.3911584,-71.8731072,2987.283464566926,78.35748362309599,115.58762958635836,2.7600000000000002,0.9,1.9,2.7
1.7596886933842912E9,42.3912192,-71.8726912,2987.283464566926,78.52333424672807,115.2811949723818,3.65,1.17,1.9,2.7
1.759688694768338E9,42.3913728,-71.8717056,2993.8418635170574,79.38452781352957,114.48855600637017,5.78,1.61,1.9,2.7
1.7596886953819652E9,42.3914208,-71.8712832,2997.12270341207,79.93946512847894,114.1680039522814,6.17,1.71,1.9,2.7
1.759688696197547E9,42.3915008,-71.8707136,3000.4002624671884,80.56989720010222,113.65688487409021,5.71,1.71,1.9,2.7
1.75968869735949E9,42.3915904,-71.8698752,3002.0406824146953,81.44971100121798,112.8307024930714,4.29,1.16,1.9,2.7
1.759688698194371E9,42.3916512,-71.8693248,3005.318241469813,81.81114137335663,112.5885635831742,2.46,0.22,1.9,2.7
1.75968869937564E9,42.3917344,-71.8684864,3005.318241469813,81.95550373861516,112.23400720560335,0.66,-0.62,1.9,2.7
1.759688700191145E9,42.3917952,-71.8679296,3003.6745406824116,82.01584523527826,112.23699507181736,1.95,-0.68,1.9,2.7
1.759688701374605E9,42.3918848,-71.8670976,3008.5958005249313,82.09283729704156,112.33369670884096,3.96,-0.75,1.9,2.7
1.759688702188988E9,42.3919456,-71.8665408,3003.6745406824116,82.38638971728152,112.52984923578082,4.21,-1.11,1.9,2.7
1.759688702802547E9,42.3919872,-71.8661248,3003.6712598425165,82.5417655723929,112.76394685504296,2.91,-1.83,1.9,2.7
1.759688704186276E9,42.3920768,-71.865152,2987.267060367451,83.16112532031849,113.4530127903041,5.46,-1.95,1.9,2.7
1.759688704799119E9,42.392112,-71.8647232,2985.6233595800495,83.62196071249751,113.7385337035289,6.91,-1.92,1.9,2.7
1.759688706184047E9,42.3921888,-71.8637248,2974.1404199475037,84.88398720188988,114.44296074214292,4.4,-1.79,1.9,2.7
1.759688706795893E9,42.3922048,-71.8633024,2969.219160104984,85.2032687553901,114.60224307432497,2.3000000000000003,-2.15,1.9,2.7
1.759688708180777E9,42.392272,-71.8622976,2959.3733595800495,85.48626538663046,115.10212980772343,0.16,-2.27,1.9,2.7
1.759688708793107E9,42.3922944,-71.8618688,2949.53083989501,85.45151954472335,115.20516084629655,2.17,-1.95,1.9,2.7
1.759688710177825E9,42.3923456,-71.8608576,2941.325459317582,85.87726877283684,115.45209849031524,4.39,-1.6600000000000001,1.9,2.7
1.75968871079022E9,42.392368,-71.8604288,2942.9658792650885,86.1872083858553,115.4672326225519,2.7,-1.27,1.9,2.7
1.7596887121738791E9,42.3924224,-71.8594176,2931.4796587926476,86.49607426372518,115.13531869208019,-0.12,0.75,1.9,2.7
1.759688712787994E9,42.3924384,-71.8589888,2931.4796587926476,86.44973864997806,114.5762591123406,-1.25,1.51,1.9,2.7
1.759688713400608E9,42.392464,-71.8585664,2931.4796587926476,86.37789735841962,113.84512383332519,-0.9,2.59,1.9,2.7
1.759688714785012E9,42.3925056,-71.8575808,2941.3188976377924,85.94918627515044,111.71970352819497,-2.61,3.59,1.9,2.7
1.759688715398664E9,42.392528,-71.8571648,2942.959317585299,85.72866127413756,110.65940646833256,-2.79,4.24,1.9,2.7
1.7596887167816339E9,42.3925888,-71.8562112,2969.2060367454037,84.54257714167545,108.12076488127414,-5.5200000000000005,4.57,1.9,2.7
1.759688718165777E9,42.3926688,-71.8552832,2985.606955380574,83.07894284717408,105.65977853299536,-5.44,4.46,1.9,2.7
1.7596887187788281E9,42.3927008,-71.8548992,2990.528215223094,82.24584880878457,104.73958302054245,-7.01,3.9,1.9,2.7
1.759688719393029E9,42.3927456,-71.8545088,3003.6515748031466,81.93348557924308,104.03364546970153,-2.58,4.63,1.9,2.7
1.7596887207766762E9,42.3928448,-71.8536128,3021.6929133858234,80.51272240938846,102.71813022026028,-0.75,2.63,1.9,2.7
1.759688721389648E9,42.3928896,-71.8532352,3034.8162729658757,80.35902544614994,102.48853112518113,-2.59,1.53,1.9,2.7
1.759688722773365E9,42.3930048,-71.8523648,3047.9363517060333,79.24876257021342,102.43086280628334,-4.5200000000000005,-0.46,1.9,2.7
1.759688723387928E9,42.3930688,-71.8519808,3046.295931758527,78.78764632307168,102.96747379881369,-2.5,-3.17,1.9,2.7
1.759688724771327E9,42.3932,-71.8510976,3038.0905511810993,78.09551002391034,105.06968744833324,4.83,-4.37,1.9,2.7
1.75968872538552E9,42.393264,-71.8507136,3031.5288713910727,78.26888836599598,106.3134898590736,4.75,-4.5,1.9,2.7
1.759688726768105E9,42.3933984,-71.849792,3020.042650918632,79.35146707084019,108.98260128828062,3.5100000000000002,-3.9,1.9,2.7
1.75968872736306E9,42.3934464,-71.8493824,3011.8405511810993,79.56908542460616,109.83457252406517,0.21,-4.39,1.9,2.7
1.759688728197485E9,42.3935264,-71.8488448,3003.6384514435663,79.85133602500638,110.98047440724666,3.73,-4.3100000000000005,1.9,2.7
1.759688729381342E9,42.3936352,-71.8480128,2988.8713910761126,79.86245421799329,112.5366133279705,3.0700000000000003,-5.09,1.9,2.7
1.759688730195324E9,42.3937088,-71.847456,2975.74803149606,80.30109263129968,113.7664892359936,3.54,-4.62,1.9,2.7
1.759688731377178E9,42.3938176,-71.8466112,2960.9809711286057,80.50127037813205,115.67015646936783,4.05,-4.59,1.9,2.7
1.7596887321912498E9,42.3938912,-71.8460288,2951.1384514435663,81.161543655629,116.51749894293472,7.63,-2.89,1.9,2.7
1.7596887333743792E9,42.3939808,-71.8451584,2946.2139107611515,82.48506218719297,117.26858252905184,9.36,-1.36,1.9,2.7
1.7596887341897268E9,42.3940352,-71.8445824,2939.6522309711254,84.00590705089152,117.2718336004423,12.77,0.8300000000000001,1.9,2.7
1.75968873480227E9,42.3940672,-71.8441472,2936.371391076112,85.38247032571289,117.10795952588184,13.81,1.49,1.9,2.7
1.7596887361848168E9,42.394112,-71.8431168,2938.008530183724,88.75338534340347,116.15276153308781,12.74,1.07,1.9,2.7
1.75968873679943E9,42.3941088,-71.8426816,2941.289370078737,89.98074091517472,115.65875368893087,10.88,0.88,1.9,2.7
1.759688738184017E9,42.3940928,-71.8416832,2949.488188976375,92.21679434074021,114.57818832723865,6.48,0.74,1.9,2.7
1.759688738795898E9,42.3940768,-71.8412416,2952.769028871388,92.71147089205583,114.2315624783221,-1.21,-0.81,1.9,2.7
1.759688739566117E9,42.3940544,-71.8406848,2957.6902887139076,92.4908304103754,113.60841818454412,-10.52,-0.79,1.9,2.7
1.759688740385648E9,42.3940352,-71.8401216,2956.0498687664012,91.39862183852281,113.08768694209886,-12.14,-0.89,1.9,2.7
1.75968874156531E9,42.3940288,-71.8392704,2962.6082677165323,88.66248268018897,112.42371945555603,-10.31,-0.37,1.9,2.7
1.759688742382868E9,42.3940384,-71.8387136,2964.248687664039,87.15398685226414,111.96747588037381,-8.59,0.32,1.9,2.7
1.7596887435620599E9,42.39408,-71.8378752,2972.4507874015717,85.40013372422378,111.25467215162853,-4.24,1.54,1.9,2.7
1.759688744379179E9,42.3941152,-71.8373184,2979.0091863517027,84.97967199121793,110.62091768804444,2.21,2.93,1.9,2.7
1.759688744991109E9,42.3941472,-71.8369088,2979.0091863517027,85.01799374540678,110.12663923018522,7.99,3.84,1.9,2.7
1.7596887463750648E9,42.394208,-71.8359424,2982.286745406821,86.20626156703962,109.28916067222653,0.52,1.11,1.9,2.7
1.759688746987924E9,42.3942272,-71.8355392,2983.9271653543274,86.58736740673683,109.06813738397808,-0.32,1.03,1.9,2.7
1.759688748374045E9,42.394272,-71.834592,2980.6463254593145,86.2036574621003,108.62712961646764,0.77,1.45,1.9,2.7
1.759688748986757E9,42.3942912,-71.8341824,2983.9238845144328,86.2282794398745,108.44871644033313,2.45,1.5,1.9,2.7
1.759688750370791E9,42.394336,-71.8332416,2988.845144356952,86.84297530388315,108.35883479236864,4.37,0.07,1.9,2.7
1.7596887509829168E9,42.3943552,-71.8328384,2985.564304461939,87.24002836759045,108.59248750916045,4.57,-0.18,1.9,2.7
1.759688752367021E9,42.3943776,-71.8318912,2982.2801837270313,88.22600930785248,109.25754881757874,6.390000000000001,-0.76,1.9,2.7
1.759688752979796E9,42.3943872,-71.8314816,2975.7185039370047,88.30306948414064,109.62258910886607,3.13,-1.9000000000000001,1.9,2.7
1.75968875436487E9,42.3944064,-71.8305216,2967.513123359577,89.18183309408916,110.26610146286697,1.12,-1.02,1.9,2.7
1.759688754977288E9,42.3944064,-71.8301056,2960.951443569551,89.29516656426888,110.61312096926119,0.25,-1.87,1.9,2.7
1.759688755589766E9,42.3944096,-71.8296896,2960.951443569551,89.13605758554998,110.87005503168898,0.65,-1.75,1.9,2.7
1.759688756974947E9,42.3944256,-71.8287104,2949.4685039370047,89.23184560492614,111.64502261117798,2.24,-1.85,1.9,2.7
1.7596887575874581E9,42.3944256,-71.8282944,2946.1843832020963,89.40370812582151,112.06870392974444,2.46,-1.92,1.9,2.7
1.759688758971511E9,42.3944288,-71.8273088,2929.780183727031,89.90168887562814,113.2874236447926,4.28,-1.6,1.9,2.7
1.759688759584662E9,42.3944288,-71.8268864,2919.9376640419914,90.0782862426747,113.81220112860272,3.42,-1.46,1.9,2.7
1.759688760969723E9,42.3944256,-71.825888,2911.732283464564,90.6874776272228,115.02555848629486,-1.6500000000000001,-1.18,1.9,2.7
1.7596887615805368E9,42.394416,-71.8254464,2910.0918635170574,90.58896519167571,115.35382645374926,-1.43,-0.67,1.9,2.7
1.759688762965948E9,42.3944256,-71.8244416,2905.1673228346426,89.68201457933776,115.58277342110226,-4.87,1.36,1.9,2.7
1.759688763578301E9,42.394416,-71.8240128,2903.526902887136,89.24691381199368,115.35769651172753,-5.05,2.12,1.9,2.7
1.759688764962147E9,42.3944352,-71.8229952,2913.3694225721756,87.58774304988387,114.53562097859454,-8.14,2.41,1.9,2.7
1.759688765575088E9,42.3944544,-71.8225728,2924.8490813648264,86.65073150834262,114.12365465388123,-7.9,2.5300000000000002,1.9,2.7
1.7596887663927178E9,42.3944832,-71.8220032,2933.0511811023594,85.43429150663636,113.55039423668721,-7.76,2.99,1.9,2.7
1.759688766960215E9,42.394512,-71.8215872,2942.8937007873988,84.4187203743521,113.12376658218629,-8.41,3.17,1.9,2.7
1.7596887683910022E9,42.3945952,-71.8206016,2960.9350393700756,82.33167788877658,111.87739504564378,-8.0,4.15,1.9,2.7
1.7596887689592528E9,42.3946432,-71.820192,2974.0583989501283,81.35197420865738,111.30651462988754,-9.200000000000001,4.5,1.9,2.7
1.75968877038802E9,42.3947648,-71.8192384,2992.099737532805,79.23326180190605,109.77702178443315,-7.2,5.24,1.9,2.7
1.7596887711600652E9,42.3948448,-71.8187008,3003.582677165351,78.1171288282963,109.03416214416114,-4.34,5.07,1.9,2.7
1.7596887717734199E9,42.394912,-71.818304,3011.784776902884,77.51789263835474,108.64354140397059,-4.12,4.67,1.9,2.7
1.759688773155813E9,42.3950656,-71.8173888,3024.904855643041,77.19026730182142,108.36439127092181,1.32,2.65,1.9,2.7
1.759688773770945E9,42.3951296,-71.8169856,3031.4665354330677,77.16983147990368,108.6323575885753,3.11,0.51,1.9,2.7
1.75968877519891E9,42.3952896,-71.8160576,3034.744094488186,77.65319790555486,110.17897304386243,6.17,-2.19,1.9,2.7
1.7596887757678719E9,42.3953568,-71.8156416,3038.024934383199,78.06072823980988,111.06349714761467,5.95,-3.1,1.9,2.7
1.759688776381459E9,42.3954176,-71.8152384,3034.740813648291,78.41307115852551,111.97303213458383,7.04,-3.04,1.9,2.7
1.7596887771960878E9,42.3955008,-71.814688,3023.257874015745,79.20377057896407,113.5278490023988,14.6,-4.08,1.9,2.7
1.759688778378625E9,42.395616,-71.8138432,3001.93241469816,80.91426582651808,116.20312278789696,14.31,-6.78,1.9,2.7
1.759688779193801E9,42.39568,-71.8132544,2978.9632545931727,82.06303623847155,118.24939036045703,8.84,-8.86,1.9,2.7
1.7596887803739638E9,42.3957632,-71.8123648,2937.952755905509,83.51423899445778,121.66635864383146,5.94,-8.94,1.9,2.7
1.759688781189256E9,42.3958048,-71.8117504,2914.983595800522,84.24398492407131,124.43083650064878,2.8000000000000003,-7.59,1.9,2.7
1.759688782374383E9,42.3958752,-71.8108224,2877.2539370078707,84.80240662858164,127.45712280423825,3.1,-7.2,1.9,2.7
1.75968878318812E9,42.3959168,-71.8101824,2857.5656167978973,84.93507930579,129.2454848742257,-0.37,-6.98,1.9,2.7
1.759688784368473E9,42.3959776,-71.8092032,2834.599737532805,85.06193494823194,130.9764220422211,-0.31,-4.15,1.9,2.7
1.759688785185279E9,42.3960224,-71.8085568,2832.9560367454037,84.86694022612771,131.44507274479622,0.0,-2.3000000000000003,1.9,2.6
1.759688786368238E9,42.3960928,-71.8075648,2829.675196850391,85.01332528460584,131.04460752357116,1.74,-0.12,1.9,2.6
1.759688787795162E9,42.3961568,-71.8064192,2842.7952755905485,85.57746883592557,129.06680087417612,-1.18,2.96,1.9,2.6
1.7596887885682778E9,42.3961952,-71.8057792,2855.9186351706007,85.55512777089271,127.66691299229021,-0.97,3.18,1.9,2.6
1.759688789384801E9,42.3962272,-71.805152,2864.117454068238,85.6446174538938,126.18946469937829,0.71,2.49,1.9,2.6
1.759688790563631E9,42.3962784,-71.8042048,2888.7237532808367,85.6329011782018,124.31990826487483,0.07,1.26,1.9,2.6
1.759688791384146E9,42.396304,-71.803744,2903.487532808396,85.72390635920226,123.31085902867875,0.27,1.9100000000000001,1.9,2.6
1.759688792197923E9,42.396352,-71.8029888,2910.045931758527,85.82155638542376,121.38528164510191,-0.46,2.1,1.9,2.6
1.759688793378686E9,42.3963904,-71.8020864,2924.809711286086,85.6613485957,119.48062125275148,-0.9500000000000001,-0.37,1.9,2.6
1.7596887941948771E9,42.3964256,-71.8014848,2934.6489501312303,85.53357257521608,118.56524999380333,-0.96,-0.99,1.9,2.6
1.759688795377768E9,42.39648,-71.800608,2929.7276902887106,85.30558743071222,117.5693472053757,-1.21,-3.73,1.9,2.6
1.7596887961933088E9,42.3965152,-71.8000192,2923.1627296587894,85.07468448096839,117.27754450614826,0.91,-4.96,1.9,2.6
1.7596887973637419E9,42.3965792,-71.7991488,2903.477690288711,85.17117274511317,117.76789342434,5.24,-6.29,1.9,2.6
1.759688798189719E9,42.3966112,-71.7985664,2891.994750656165,85.45121159232063,118.38368831460865,3.91,-7.4,1.9,2.6
1.7596887993712912E9,42.3966592,-71.7976768,2855.902230971126,85.92235415977171,119.46006821394828,2.56,-7.48,1.9,2.6
1.759688800187345E9,42.3966912,-71.7970816,2824.734251968501,85.98631057771563,120.24957296930411,1.08,-7.99,1.9,2.6
1.759688801414641E9,42.396736,-71.7961728,2791.9225721784746,85.90269033653267,122.1523771286969,-0.04,-8.120000000000001,1.9,2.6
1.7596888021839871E9,42.3967744,-71.7955648,2770.5971128608894,85.53845142004899,123.69231141021265,-0.51,-8.2,1.9,2.6
1.759688802796216E9,42.3968,-71.795104,2749.271653543304,85.35202930861296,124.73851078839034,0.49,-7.71,1.9,2.6
1.75968880418253E9,42.3968704,-71.7940032,2713.179133858265,84.94647185683995,126.66732214905856,-1.0,-6.0200000000000005,1.9,2.6
1.759688804793995E9,42.3968992,-71.7935232,2706.6174540682387,84.97190247960205,127.30630987831537,0.8,-5.29,1.9,2.6
1.759688806177446E9,42.396976,-71.7924096,2677.0866141732254,85.02423819875641,128.19368358157254,2.63,-4.91,1.9,2.6
1.759688806791542E9,42.3969984,-71.7919296,2662.3228346456663,85.42053041888443,128.06109609754623,3.33,-4.69,1.9,2.6
1.7596888073578482E9,42.3970304,-71.791456,2647.5557742782125,85.8032090141987,127.76158910956954,3.66,-4.47,1.9,2.6
1.759688808174222E9,42.3970592,-71.790816,2640.9940944881864,85.9568388672896,127.09384633686021,1.03,-4.78,1.9,2.6
1.759688809401058E9,42.3971136,-71.7898624,2624.5898950131204,86.22645755984634,126.11792030894021,-0.54,-5.73,1.9,2.6
1.759688810172267E9,42.3971392,-71.789248,2614.7440944881864,86.09266540297789,125.51421181978182,-2.27,-7.11,1.9,2.6
1.75968881139937E9,42.3971904,-71.7883008,2588.4973753280815,85.6655321514761,124.99681865232004,-1.93,-7.58,1.9,2.6
1.759688812168385E9,42.3972288,-71.78768,2568.8090551181076,85.42821267436888,124.86164148594298,-0.99,-7.43,1.9,2.6
1.75968881339592E9,42.3972832,-71.7867584,2540.921916010496,85.1799845558225,124.69150296998585,0.89,-7.2700000000000005,1.9,2.6
1.759688814166177E9,42.397328,-71.7861312,2521.2335958005224,85.31219845899274,124.39452499191592,2.05,-5.74,1.9,2.6
1.7596888155985398E9,42.3973824,-71.7850496,2488.425196850391,85.83414966833902,123.62467835830245,3.0700000000000003,-4.58,1.9,2.6
1.759688816367487E9,42.3974144,-71.7844288,2475.2985564304436,86.30103123330346,122.93212046631147,4.03,-4.19,1.9,2.6
1.7596888169798899E9,42.3974368,-71.7839808,2467.0964566929106,86.65812245875684,122.37873412826244,3.33,-4.6000000000000005,1.9,2.6
1.759688817593899E9,42.397456,-71.7835264,2457.2539370078716,86.95270274488736,122.12949544106635,2.89,-4.7,1.9,2.6
1.759688818365162E9,42.3974752,-71.782912,2442.4901574803125,87.34586459590966,122.5742543530272,2.89,-4.11,1.9,2.6
1.7596888195907001E9,42.3975072,-71.7819904,2429.3635170603648,87.71444351382979,123.31840447032157,1.81,-3.5500000000000003,1.9,2.6
1.759688820363315E9,42.3975264,-71.7813696,2414.599737532806,87.7539054663218,123.9959126128118,-1.22,-4.03,1.9,2.6
1.759688821587782E9,42.3975616,-71.7804416,2401.4730971128583,87.44784236375143,124.412821777326,-0.9400000000000001,-3.8000000000000003,1.9,2.6
1.759688822361474E9,42.397584,-71.7798208,2398.1922572178455,87.35690598513779,124.77204516092705,2.42,-3.06,1.9,2.6
1.759688823585026E9,42.3976064,-71.7788864,2391.627296587924,88.66343009400593,125.0037726450635,11.36,-0.59,1.9,2.6
1.759688824402289E9,42.3976096,-71.7782656,2389.9868766404174,90.1429042199966,124.69801189274826,13.94,1.18,1.9,2.6
1.759688825582252E9,42.3975872,-71.7773312,2388.3464566929106,93.24326231667777,123.6905518428291,14.02,1.78,1.9,2.6
1.7596888263992782E9,42.3975552,-71.7767168,2381.7814960629894,95.04670047338784,122.86073981336773,11.620000000000001,1.26,1.9,2.6
1.759688827579733E9,42.3974848,-71.7758016,2388.343175853016,97.00573314959207,121.60118464838058,5.57,-0.08,1.9,2.6
1.759688828396089E9,42.3974272,-71.7751936,2396.5452755905485,97.67557987133742,120.94105697926862,1.79,-1.23,1.9,2.6
1.759688829575849E9,42.3973344,-71.7742976,2394.901574803147,97.70397350477685,120.49799332071811,-1.01,-3.56,1.9,2.6
1.759688830396194E9,42.3972768,-71.7737152,2385.0590551181076,97.5958640509777,120.58512191905272,-1.24,-4.0200000000000005,1.9,2.6
1.7596888317773619E9,42.3971648,-71.7726656,2376.856955380575,97.74405482575024,121.17641705807297,4.93,-3.98,1.9,2.6
1.759688832392478E9,42.3971136,-71.7722176,2367.0144356955357,98.04713644334748,121.50092620609354,4.66,-4.12,1.9,2.6
1.759688833775208E9,42.3969984,-71.7711616,2360.4494750656145,99.0445931138638,122.29159652755064,4.3,-4.0600000000000005,1.9,2.6
1.7596888343882709E9,42.3969504,-71.7707136,2348.9665354330687,99.17420359840459,122.65100672565546,1.86,-4.98,1.9,2.6
1.759688835772122E9,42.3968128,-71.7696512,2342.404855643042,99.4920229878613,123.29499600888478,2.85,-6.15,1.9,2.6
1.759688836386472E9,42.3967552,-71.7691968,2330.9219160104963,99.39405644418268,123.37815419312412,2.71,-6.01,1.9,2.6
1.7596888372027678E9,42.3966816,-71.7685824,2329.278215223095,99.81861618723138,123.33571204595617,4.49,-4.3500000000000005,1.9,2.6
1.759688838384392E9,42.3965568,-71.76768,2319.4356955380554,100.77962887296869,122.74261308804924,6.71,-2.33,1.9,2.6
1.759688839199326E9,42.396464,-71.767072,2317.795275590549,101.75305197804909,122.24542661969052,7.96,-3.08,1.9,2.6
1.759688840381544E9,42.39632,-71.7661824,2319.4356955380554,103.30735154202144,121.18699511328691,6.98,-3.34,1.9,2.6
1.759688841196319E9,42.3962144,-71.7655872,2312.8707349081337,104.14601394654579,120.57866674207122,5.17,-3.75,1.9,2.6
1.759688842380299E9,42.3960448,-71.7647168,2309.589895013121,104.95367684334462,119.25009560075725,2.9,-3.8000000000000003,1.9,2.6
1.759688843193706E9,42.395936,-71.7641472,2304.668635170601,105.32523804403026,118.41144545331323,3.21,-4.08,1.9,2.6
1.759688844375412E9,42.3957504,-71.763296,2298.106955380575,105.97538959193761,117.31246439091464,2.56,-5.5600000000000005,1.9,2.6
1.759688845190769E9,42.3956352,-71.7627328,2294.826115485562,106.18683876066396,116.58722286291223,1.3,-5.99,1.9,2.6
1.7596888463723202E9,42.3954464,-71.7619008,2281.6994750656145,106.59845698173098,116.4282058712826,0.77,-7.37,1.9,2.6
1.75968884718859E9,42.3953216,-71.7613504,2265.295275590549,106.43738401634297,116.91891741460583,-0.18,-6.62,1.9,2.6
1.759688848370597E9,42.3951392,-71.7605056,2248.891076115483,106.21690720936489,118.32573558071792,-2.04,-5.92,1.9,2.6
1.7596888491860251E9,42.3950208,-71.7599232,2243.9698162729633,105.56708869528265,119.2962449200621,-4.62,-5.7,1.9,2.6
1.759688850412311E9,42.394848,-71.759072,2235.7677165354307,104.45759428818279,120.525130293128,-4.11,-4.83,1.9,2.6
1.759688851182157E9,42.394736,-71.7584832,2230.846456692911,103.67638939877838,120.85427096827165,-3.94,-3.16,1.9,2.6
1.759688852409021E9,42.3945824,-71.7575936,2235.7644356955357,102.73449371156948,120.98683144497025,-4.78,-1.48,1.9,2.6
1.759688853178588E9,42.3944864,-71.7569984,2234.1240157480293,102.08767183456462,120.76614135410793,-2.31,0.14,1.9,2.6
1.759688854405719E9,42.3943488,-71.7561216,2235.7644356955357,102.0370018709966,119.86880136809259,4.7,2.24,1.9,2.6
1.759688855176367E9,42.3942592,-71.7555328,2240.6856955380554,102.52576065559144,118.93669170792332,3.59,3.25,1.9,2.6
1.759688856404144E9,42.394112,-71.7546688,2257.0866141732263,103.34543920136375,117.31038366322296,4.5,4.16,1.9,2.6
1.7596888571770558E9,42.3940096,-71.7541056,2271.850393700785,104.0362434679265,115.9723639200896,3.11,3.97,1.9,2.6
1.759688858009197E9,42.3939072,-71.7535424,2284.9737532808376,104.43662674453776,114.69281607758897,1.7,4.05,1.9,2.6
1.759688858558213E9,42.3938176,-71.7531264,2294.816272965877,104.48986911993043,113.73653376926899,0.58,3.99,1.9,2.6
1.759688859375054E9,42.3937216,-71.7525888,2307.9396325459293,104.61421812207763,112.63550329594203,0.28,4.1,1.9,2.6
1.759688860601287E9,42.3935616,-71.7517696,2330.9055118110214,104.58971484298829,111.27718388105532,-2.5100000000000002,3.04,1.9,2.6
1.7596888613720531E9,42.3934592,-71.7512384,2345.6692913385805,104.27029156116211,110.79675043200308,0.07,3.34,1.9,2.6
1.75968886259791E9,42.3933152,-71.750432,2357.148950131231,104.07565586378281,109.65965376552803,0.13,4.7,1.9,2.6
1.759688863368707E9,42.3932064,-71.7499072,2370.2723097112835,103.95192302914924,108.91956685583847,-0.37,4.76,1.9,2.6
1.759688864594691E9,42.3930592,-71.7491136,2386.676509186349,103.56766389668944,107.80099929927378,-1.94,4.51,1.9,2.6
1.759688865366991E9,42.3929696,-71.7485952,2394.878608923882,103.32266775941685,107.13152692867573,-0.77,4.73,1.9,2.6
1.759688866591642E9,42.3928448,-71.7478208,2411.2828083989475,102.8038017032075,106.30862768291175,-1.32,4.19,1.9,2.6
1.759688867351551E9,42.3927584,-71.7473088,2424.402887139105,102.58918618750114,106.03969590505817,-0.2,3.77,1.9,2.6
1.7596888685898829E9,42.3926304,-71.746528,2435.885826771651,102.36996425810482,105.71113358890487,0.96,3.46,1.9,2.6
1.759688869360003E9,42.3925408,-71.746016,2442.447506561677,102.38477409095468,105.67732693540279,2.17,3.3200000000000003,1.9,2.6
1.7596888701766648E9,42.3924576,-71.7454976,2449.009186351703,102.44077299728046,105.66025058114629,1.52,3.1,1.9,2.6
1.759688870790426E9,42.3923936,-71.7451072,2450.64960629921,102.51052315999442,105.70862433520998,1.31,2.86,1.9,2.6
1.7596888721742182E9,42.3922528,-71.7442112,2455.5675853018347,102.61090146453857,105.94908477851776,0.81,1.82,1.9,2.6
1.759688872788302E9,42.3921856,-71.7438144,2460.4888451443544,102.57775023720784,106.13455354005241,0.45,1.62,1.9,2.6
1.759688874173656E9,42.3920352,-71.742912,2463.7696850393677,102.43371670367473,106.71236211777573,-0.11,1.48,1.9,2.6
1.759688874785739E9,42.3919712,-71.7425216,2460.4888451443544,102.44180596130198,106.91474436625731,-0.19,1.72,1.9,2.6
1.7596888761702309E9,42.3918272,-71.7416,2460.4888451443544,102.07523822686817,107.60111273800712,0.99,0.73,1.9,2.6
1.7596888767823992E9,42.3917632,-71.7412096,2458.848425196848,102.09331532918556,107.90657550182391,1.53,0.71,1.9,2.6
1.759688878168802E9,42.3916096,-71.740288,2458.845144356953,102.08903636618163,108.77953845405473,0.9500000000000001,1.46,1.9,2.6
1.7596888787798529E9,42.3915552,-71.7398848,2463.7664041994726,102.12684356582494,109.09316983131721,0.59,1.97,1.9,2.6
1.759688879394155E9,42.391488,-71.7394816,2468.6876640419923,102.16168804117659,109.24664057085536,0.6,1.94,1.9,2.6
1.7596888807764049E9,42.3913408,-71.7385408,2471.968503937005,102.10041550027229,109.97697682414628,2.37,0.0,1.9,2.6
1.7596888813897638E9,42.3912768,-71.738144,2473.608923884512,102.28578459497389,110.35229823005841,2.25,-0.47000000000000003,1.9,2.6
1.7596888827740002E9,42.3911168,-71.7371968,2468.6843832020973,102.36316023760966,111.5788579898048,-0.42,-1.27,1.9,2.6
1.759688883389015E9,42.3910528,-71.7367872,2463.7631233595775,102.29178251948709,112.12542551947708,-1.1300000000000001,-0.93,1.9,2.6
1.759688884771359E9,42.390896,-71.7358272,2458.841863517058,102.07208173611677,113.20545279285096,1.23,0.09,1.9,2.6
1.7596888853856158E9,42.390832,-71.7354048,2452.2801837270317,101.91241586052273,113.47618890786902,1.72,0.56,1.9,2.6
1.759688886768785E9,42.3906784,-71.7344256,2452.276902887136,102.41963466364734,113.97162732596726,1.9000000000000001,1.09,1.9,2.6
1.7596888881980538E9,42.3905216,-71.7334528,2460.479002624669,102.28179897732092,113.95139540877513,-0.58,1.81,1.9,2.6
1.759688888766022E9,42.390448,-71.7330368,2457.198162729656,102.34625656937924,113.82019367672525,-1.1400000000000001,2.09,1.9,2.6
1.759688889379041E9,42.390384,-71.7326208,2463.7598425196825,102.20384210491443,113.38078496394728,-0.7000000000000001,3.49,1.9,2.6
1.7596888901946158E9,42.3903008,-71.7320704,2475.2427821522283,101.94919480391545,112.75642901088696,1.11,3.81,1.9,2.6
1.759688890761723E9,42.3902368,-71.7316608,2485.0853018372677,101.96847565158382,112.10874319979023,0.49,5.03,1.9,2.6
1.759688892192521E9,42.39008,-71.7307072,2509.688320209971,102.02784746939787,110.4440797157875,-2.69,5.97,1.9,2.6
1.7596888927604032E9,42.390016,-71.730304,2516.2499999999973,101.82910718386644,109.80709391171787,-1.33,4.58,1.9,2.6
1.759688894188776E9,42.389872,-71.7293632,2532.654199475063,101.379905302311,109.25371168755619,0.91,1.93,1.9,2.6
1.759688894758142E9,42.3898112,-71.7289664,2540.856299212596,101.38774471162274,109.47483834588154,2.56,2.2600000000000002,1.9,2.6
1.7596888961862411E9,42.3896736,-71.728032,2552.3359580052465,101.56575977107623,110.13915680855241,2.8000000000000003,0.45,1.9,2.6
1.759688896755883E9,42.3896096,-71.7276288,2545.7742782152204,101.7189693724331,110.5373437619273,2.96,1.21,1.9,2.6
1.759688898184722E9,42.3894656,-71.7266752,2544.133858267714,102.08917908111734,111.5627001987936,0.68,0.07,1.9,2.6
1.7596888987962298E9,42.389392,-71.726272,2540.8530183727007,102.16077802000085,111.93069438645037,-0.6,0.01,1.9,2.6
1.759688900181236E9,42.3892416,-71.7253056,2539.2125984251943,101.82710876980516,112.76544131660174,1.57,0.01,1.9,2.6
1.759688901407693E9,42.3891168,-71.7244672,2540.8497375328056,101.88663873394358,113.62434658832395,1.62,-0.74,1.9,2.6
1.7596889021778169E9,42.3890336,-71.7239168,2540.8497375328056,101.919784768919,114.25407468022925,0.68,-1.62,1.9,2.6
1.759688903563777E9,42.3888768,-71.7229312,2532.647637795273,101.92241516650878,115.5465377969538,1.33,-1.27,1.9,2.6
1.75968890438066E9,42.3887872,-71.7223616,2522.8051181102337,102.11818545683794,116.20719542169103,1.86,-1.3,1.9,2.6
1.759688904992387E9,42.3887168,-71.7219328,2516.2434383202076,102.29275552689509,116.68169873328235,2.3000000000000003,-1.24,1.9,2.6
1.7596889063760052E9,42.3885472,-71.7209344,2509.6784776902864,102.45167981059878,117.46935479023973,0.07,-0.88,1.9,2.6
1.759688906989397E9,42.3884768,-71.7205056,2516.2401574803125,102.47952632832472,117.66115586089717,0.44,-0.26,1.9,2.6
1.75968890837428E9,42.3883136,-71.7195008,2521.161417322832,102.62524616042258,117.74772334074653,2.29,0.6,1.9,2.6
1.7596889089864821E9,42.3882496,-71.719072,2521.161417322832,102.71543157259597,117.80932495379732,1.35,0.36,1.9,2.6
1.759688910370472E9,42.3880736,-71.7180544,2527.7198162729633,102.936435541852,117.65354788676964,-0.66,0.08,1.9,2.6
1.759688911189017E9,42.3879808,-71.7174848,2531.000656167976,102.87737792606772,117.48618128205719,0.38,0.16,1.9,2.6
1.759688911801389E9,42.387904,-71.7170624,2539.202755905509,102.82484885909446,117.52141856555127,1.31,-0.09,1.9,2.6
1.7596889131852899E9,42.3877408,-71.7160576,2539.202755905509,102.98752537907176,117.71759494324985,1.22,-0.33,1.9,2.6
1.759688913799345E9,42.3876608,-71.7156288,2540.8431758530155,103.0180036908605,117.79190947947458,0.56,-0.54,1.9,2.6
1.759688915181438E9,42.3874944,-71.7146176,2540.8398950131204,102.95294816870476,118.19988337700892,0.81,-0.98,1.9,2.6
1.759688915751402E9,42.3874176,-71.7141888,2539.199475065614,102.99814203522179,118.400914623233,1.81,-0.62,1.9,2.6
1.759688916409202E9,42.3873376,-71.7137536,2539.199475065614,103.12700767928527,118.54255724159839,2.75,-0.05,1.9,2.6
1.759688917792731E9,42.3871616,-71.712736,2535.9186351706007,103.46469370308647,118.62782379120593,0.92,0.51,1.9,2.6
1.759688918405912E9,42.3870816,-71.7123136,2537.5590551181076,103.49865571477932,118.58471066856231,-0.18,0.46,1.9,2.6
1.759688919789435E9,42.3868992,-71.7113024,2535.915354330706,103.44483300752583,118.29820746923964,0.59,-0.03,1.9,2.6
1.759688920403274E9,42.3868224,-71.7108672,2540.836614173226,103.38334138187189,118.32787509258226,0.9,-0.09,1.9,2.6
1.7596889217857919E9,42.3866592,-71.7098624,2539.196194225719,103.48621722947739,118.35864785073757,1.11,0.07,1.9,2.6
1.759688922400022E9,42.3865792,-71.7094336,2540.836614173226,103.54771849834846,118.3292082763075,0.46,0.02,1.9,2.6
1.759688923784066E9,42.3863904,-71.7084224,2549.0387139107584,103.50891255089934,118.32991876928301,0.31,-0.1,1.9,2.6
1.759688924398419E9,42.3863136,-71.708,2539.196194225719,103.49536729284614,118.36318262798619,0.27,-0.18,1.9,2.6
1.759688925781522E9,42.3861376,-71.7069824,2542.473753280837,103.47744486508921,118.43425903954834,2.04,-0.01,1.9,2.6
1.7596889263955588E9,42.3860672,-71.7065536,2544.114173228344,103.56665381642244,118.49860955430758,2.5100000000000002,-0.05,1.9,2.6
1.759688927778297E9,42.3858752,-71.7055488,2540.8333333333308,103.92026026701171,118.7777439336679,2.0100000000000002,-0.35000000000000003,1.9,2.6
1.759688928392815E9,42.3857984,-71.7051136,2539.1929133858243,104.01580502188028,118.94723069500341,1.03,-0.46,1.9,2.6
1.759688929776126E9,42.3856128,-71.7041088,2540.8300524934357,104.18588782286905,119.13621008186965,0.76,-0.3,1.9,2.6
1.759688930389262E9,42.3855328,-71.7036672,2545.7513123359554,104.05437432591489,119.18766937917944,-0.23,-0.38,1.9,2.6
1.759688931770724E9,42.385344,-71.7026688,2544.110892388449,103.82572300188876,119.32990436695738,-1.18,-0.43,1.9,2.6
1.7596889323858871E9,42.385264,-71.7022336,2544.110892388449,103.6671389360224,119.28914350663726,-1.17,0.05,1.9,2.6
1.7596889332028751E9,42.3851584,-71.7016448,2547.3917322834623,103.4128471868017,119.1617149944997,-1.35,0.77,1.9,2.6
1.759688934383311E9,42.3850112,-71.7007808,2549.028871391073,103.1739138096512,118.72494373111886,1.99,1.61,1.9,2.6
1.7596889351997209E9,42.384912,-71.7002112,2547.3884514435667,103.232977594323,118.37425626762028,2.02,1.74,1.9,2.6
1.759688936381452E9,42.3847584,-71.6993472,2560.5118110236194,103.79061620518883,117.67067075627108,3.0500000000000003,2.34,1.9,2.6
1.759688937197794E9,42.3846592,-71.6987776,2560.5118110236194,103.94418364835232,117.36801197431994,3.0300000000000002,1.32,1.9,2.6
1.759688938378793E9,42.384496,-71.69792,2562.152230971126,104.68208825989169,117.11128765129203,4.0200000000000005,1.01,1.9,2.6
1.75968893919483E9,42.3843808,-71.6973568,2568.713910761152,105.0037827511252,116.98380594909781,2.48,0.41000000000000003,1.9,2.6
1.759688940374501E9,42.3842208,-71.6965056,2565.429790026244,105.27683810289427,116.93324774803457,1.04,0.06,1.9,2.6
1.759688941191824E9,42.3841024,-71.695936,2558.868110236218,105.32352058536293,117.10039950615423,1.1400000000000001,-0.39,1.9,2.6
1.759688942373732E9,42.3839296,-71.6950912,2565.429790026244,105.3291538895293,117.42604318905245,0.96,-0.67,1.9,2.6
1.759688943190352E9,42.383808,-71.694528,2562.148950131231,105.43851635419345,117.7095556564722,1.24,-0.6,1.9,2.6
1.759688944369632E9,42.383632,-71.6936768,2560.5085301837244,105.5594407483231,118.12149113828126,1.28,-0.6,1.9,2.6
1.7596889550005226E9,42.38199485469831,-71.68599176227272,2563.817582418284,106.875,118.65226944924278,1.01,-0.41000000000000003,3.5355339059327373,3.0
1.7596889560005283E9,42.381834383162094,-71.68527871376992,2562.376608060098,106.875,119.37148983429287,1.01,-0.41000000000000003,3.5355339059327373,3.0
1.7596889570005345E9,42.381670977959764,-71.68456792838097,2561.4416567985127,107.2265625,119.42980279613583,1.01,-0.41000000000000003,3.5355339059327373,3.0
1.7596889580005398E9,42.38150409426762,-71.68385504751623,2560.8585387702974,107.578125,119.42980279613583,1.01,-0.41000000000000003,3.5355339059327373,3.0
1.759688959000545E9,42.38133855167998,-71.68313956826151,2562.505767101375,107.578125,119.5853139146214,1.01,-0.41000000000000003,3.5355339059327373,3.0
1.7596889600005503E9,42.38117200326396,-71.68242232880712,2565.193276392816,107.578125,120.20734355820713,1.01,-0.41000000000000003,3.5355339059327373,3.0
1.7596889610005565E9,42.38100126389636,-71.68170416734338,2569.7500874677016,107.9296875,120.84880838401443,1.01,-0.41000000000000003,3.5355339059327373,3.0
1.7596889620005612E9,42.38082448955847,-71.68098709552704,2572.602199444305,108.28125,120.84880838401443,1.01,-0.41000000000000003,3.5355339059327373,3.0
1.7596889630005672E9,42.38065270245297,-71.68026750913977,2577.6628309034586,107.9296875,120.96544172287861,1.01,-0.41000000000000003,3.5355339059327373,3.0
1.7596889640005724E9,42.38048263363762,-71.67954850948571,2581.673369320043,107.578125,120.73218246032853,1.01,-0.41000000000000003,3.5355339059327373,3.0
1.7596889650005786E9,42.38031612713112,-71.67883194058358,2583.234291377027,107.578125,120.73218246032853,1.01,-0.41000000000000003,3.5355339059327373,3.0
1.7596889660005834E9,42.38014463339223,-71.67811520404338,2585.697724750346,108.28125,120.47948060037861,1.01,-0.41000000000000003,3.5355339059327373,3.0
1.7596889670005891E9,42.379969409706426,-71.67739796458899,2589.3025636047178,108.28125,120.47948060037861,1.01,-0.41000000000000003,3.5355339059327373,3.0
1.7596889680005946E9,42.379796910139156,-71.67667812674462,2593.0445713633912,107.9296875,120.82937320179288,1.01,-0.41000000000000003,3.5355339059327373,3.0
1.7596889690005996E9,42.37962516494317,-71.67595803744315,2596.4711907654582,108.28125,121.17926580320713,1.01,-0.41000000000000003,3.5355339059327373,3.0
1.7596889700006053E9,42.37945396457089,-71.67523778050362,2597.271376081649,108.28125,120.90712876103565,1.01,-0.41000000000000003,3.5355339059327373,3.0
1.7596889710006118E9,42.37927723214252,-71.674522552706,2601.2208392926686,108.6328125,120.90712876103565,1.01,-0.41000000000000003,3.5355339059327373,3.0
1.7596889720006166E9,42.37909639258159,-71.67381134822189,2606.721212231891,108.6328125,119.93520651603565,1.01,-0.41000000000000003,3.5355339059327373,3.0
1.7596889730006223E9,42.37891748085839,-71.67310550815581,2614.3201692836465,108.28125,119.93520651603565,1.01,-0.41000000000000003,3.5355339059327373,3.0
1.7596889740006278E9,42.37874292772484,-71.67240385904132,2623.1330210768306,108.28125,119.29373427505008,1.01,-0.41000000000000003,3.5355339059327373,3.0
1.7596889750006332E9,42.378571014890795,-71.6717055626881,2633.515605776326,108.28125,118.45788055113583,1.01,-0.41000000000000003,3.5355339059327373,3.0
1.7596889760006387E9,42.37839956306142,-71.67100919417261,2645.3878247518837,107.9296875,116.92224903957131,1.01,-0.41000000000000003,3.5355339059327373,3.0
1.75968897700005E9,42.37823175735993,-71.67031676515161,2658.693008222602,107.578125,116.92224903957131,1.01,-0.41000000000000003,3.5355339059327373,3.0
1.7596889780000541E9,42.378068477886146,-71.66962978436767,2670.030769087821,107.2265625,116.30021939598556,1.01,-0.41000000000000003,3.5355339059327373,3.0
1.7596889790000606E9,42.37791001800669,-71.66894154629826,2679.3077924433,107.2265625,115.71706011684296,1.01,-0.41000000000000003,3.5355339059327373,3.0
1.7596889800000627E9,42.377755455712204,-71.66825632571398,2687.655471441311,106.875,115.25054159174279,1.01,-0.41000000000000003,3.5355339059327373,3.0
1.759688981000063E9,42.37760173160804,-71.66756909347295,2694.5928138072068,106.875,114.78401565146434,1.01,-0.41000000000000003,3.5355339059327373,3.0
1.7596889820000696E9,42.37744934860838,-71.66688018485128,2701.3483322824363,106.171875,115.01727491401444,1.01,-0.41000000000000003,3.5355339059327373,3.0
1.7596889830000753E9,42.37729880962742,-71.66619077331542,2705.7119054118452,106.171875,115.01727491401444,1.01,-0.41000000000000003,3.5355339059327373,3.0
1.7596889840000756E9,42.37715015657467,-71.6655057203692,2710.8145886518796,106.171875,115.03671751141427,1.01,-0.41000000000000003,3.5355339059327373,3.0
1.7596889850000813E9,42.37699949186516,-71.66481764993785,2715.3555802472906,106.5234375,115.05615269363582,1.01,-0.41000000000000003,3.5355339059327373,3.0
1.759688986000082E9,42.37684585158003,-71.66413201025841,2721.383402666705,107.2265625,115.13390825287861,1.01,-0.41000000000000003,3.5355339059327373,3.0
1.7596889870000806E9,42.37669183410925,-71.66344385600803,2725.9932790841303,106.875,115.13390825287861,1.01,-0.41000000000000003,3.5355339059327373,3.0
1.759688988000085E9,42.376535888800746,-71.66275813250957,2731.061119420006,106.875,115.3671675154287,1.01,-0.41000000000000003,3.5355339059327373,3.0
1.759688989000083E9,42.37638203896803,-71.66207115172563,2736.7683470718475,106.5234375,115.13390825287861,1.01,-0.41000000000000003,3.5355339059327373,3.0
1.7596889900000806E9,42.37623250581545,-71.66138308129428,2743.4385605058615,106.171875,115.13390825287861,1.01,-0.41000000000000003,3.5355339059327373,3.0
1.759688991000085E9,42.376088588537996,-71.66069383739648,2747.1471270864063,105.46875,114.80345824886417,1.01,-0.41000000000000003,3.5355339059327373,3.0
1.759688992000089E9,42.37594647336972,-71.65999998345194,2748.808572924353,105.8203125,114.80345824886417,1.01,-0.41000000000000003,3.5355339059327373,3.0
1.759688993000094E9,42.375798826145356,-71.65931023663995,2747.6962031967655,106.171875,115.34773233320713,1.01,-0.41000000000000003,3.5355339059327373,3.0
1.7596889940000987E9,42.37564967017842,-71.65861663415251,2745.1947229740786,106.5234375,115.71706011684296,1.01,-0.41000000000000003,3.5355339059327373,3.0
1.759688995000104E9,42.375498544464236,-71.65791959508476,2742.3221858467614,106.171875,115.71706011684296,1.01,-0.41000000000000003,3.5355339059327373,3.0
1.7596889960001087E9,42.375349514225846,-71.65721928707478,2740.3365408028803,105.8203125,116.28077679858575,1.01,-0.41000000000000003,3.5355339059327373,3.0
1.759688997000114E9,42.37520618368161,-71.65651009424744,2739.9951203914425,105.1171875,118.34125462744991,1.01,-0.41000000000000003,3.5355339059327373,3.0
1.7596889980001714E9,42.37506913956476,-71.65578832856534,2743.1285788067967,104.0625,119.3520546520713,1.01,-0.41000000000000003,3.5355339059327373,3.0
1.759688999000124E9,42.37494131554139,-71.65506111464617,2749.203859664634,102.65625,119.3520546520713,1.01,-0.41000000000000003,3.5355339059327373,3.0
1.7596890000001292E9,42.37482966859115,-71.65432996123252,2754.5478400282946,101.25,119.3520546520713,1.01,-0.41000000000000003,3.5355339059327373,3.0
1.7596890010001335E9,42.37472711600584,-71.65360182530401,2760.215018365011,100.1953125,118.06911758527843,1.01,-0.41000000000000003,3.5355339059327373,3.0
1.7596890020001383E9,42.3746371362753,-71.65286773822424,2761.790758668591,99.140625,118.20518610636418,1.01,-0.41000000000000003,3.5355339059327373,3.0
1.7596890030001433E9,42.37455218568665,-71.65213348350642,2758.3869673761455,98.4375,118.20518610636418,1.01,-0.41000000000000003,3.5355339059327373,3.0
1.7596890040001483E9,42.374480939509695,-71.65139520547507,2747.7600818543892,96.6796875,118.92440649141426,0.5700000000000001,0.54,3.5355339059327373,3.0
1.759689005000154E9,42.37443756316078,-71.65064452222703,2735.638355645605,93.515625,121.0043195025,0.5700000000000001,0.54,3.5355339059327373,3.0
1.7596890060001585E9,42.37442058980686,-71.64988746873256,2723.652797108244,90.3515625,122.13175286598556,0.5700000000000001,0.54,3.5355339059327373,3.0
1.759689007000164E9,42.37443932336045,-71.64912312298235,2709.823167855968,86.484375,122.13175286598556,0.5700000000000001,0.54,3.5355339059327373,3.0
1.7596890080001693E9,42.37449393145961,-71.64835399954733,2696.761884714359,82.6171875,123.18142325505009,0.5700000000000001,0.54,3.5355339059327373,3.0
1.7596890090001736E9,42.37458571329934,-71.64758814505454,2682.773860420765,78.75,125.35852700760017,0.5700000000000001,0.54,3.5355339059327373,3.0
1.7596890100001795E9,42.37470477823389,-71.64682363166627,2669.387577086919,76.2890625,126.29157888815705,0.5700000000000001,0.54,3.5355339059327373,3.0
1.7596890110001845E9,42.374834949190145,-71.64605794481155,2662.008090282047,76.2890625,126.29157888815705,0.5700000000000001,0.54,3.5355339059327373,3.0
1.759689012000189E9,42.3749704007454,-71.64528496570107,2656.5395565483486,76.2890625,127.32181409500001,0.5700000000000001,0.54,3.5355339059327373,3.0
1.759689013351091E9,42.3751424,-71.6443648,2637.5590551181076,76.23369931453374,128.08537550609893,1.04,0.62,1.8,2.5
1.759689013946227E9,42.3752288,-71.6438976,2630.997375328081,76.46430040887995,127.90025397538867,0.99,1.12,1.8,2.5
1.759689014551203E9,42.3753152,-71.643424,2634.2782152230943,76.51207541268575,127.59477262096884,1.45,1.49,1.8,2.5
1.759689015946241E9,42.3755104,-71.6423488,2639.196194225719,76.74088229232817,126.87456457435842,-1.59,0.84,1.8,2.5
1.759689016564344E9,42.3755936,-71.6418816,2644.1174540682387,76.6201617698229,126.33844507796904,-2.65,2.08,1.8,2.5
1.759689017951366E9,42.3757856,-71.6408128,2665.4396325459293,75.81627737383398,124.54847999803513,-4.7,3.23,1.8,2.5
1.759689018571189E9,42.375872,-71.6403584,2680.203412073488,75.28580925644214,123.51952065306287,-5.23,4.01,1.8,2.5
1.759689019534776E9,42.376,-71.6397696,2694.963910761152,74.65193638737182,121.91160379547627,-5.66,4.8500000000000005,1.8,2.5
1.7596890208077269E9,42.3761824,-71.6388992,2719.5669291338554,73.36428052753178,119.23020636701797,-7.62,3.73,1.8,2.5
1.759689021611608E9,42.3763136,-71.6383424,2734.3307086614145,72.81475828711305,118.09305792113793,-2.75,2.38,1.8,2.5
1.7596890227946339E9,42.3765024,-71.637504,2742.5295275590524,72.5121268404585,117.14663125054088,2.87,0.79,1.8,2.5
1.7596890236006188E9,42.37664,-71.6369472,2749.0912073490786,72.52455372540602,117.09787132407806,2.54,-0.24,1.8,2.5
1.759689024777344E9,42.3768352,-71.6361088,2745.80708661417,72.70065603676238,117.86067911796448,2.21,-3.73,1.8,2.5
1.75968902595117E9,42.3770592,-71.6351232,2726.118766404197,73.0635813577608,119.64263037831286,4.12,-4.7,1.8,2.5
1.759689026556154E9,42.377152,-71.634688,2719.5570866141707,73.28481222328281,120.43662649271825,2.32,-5.23,1.8,2.5
1.7596890279511971E9,42.3773856,-71.6336768,2688.3858267716505,73.10222828833105,123.05141944983323,-1.6500000000000001,-6.47,1.8,2.5
1.7596890293512259E9,42.3776096,-71.63264,2657.217847769026,72.8234792222281,125.3916722064454,-1.55,-5.3500000000000005,1.8,2.5
1.759689029951E9,42.377712,-71.6321792,2647.372047244092,72.55810089133773,126.26555767413325,-2.52,-5.24,1.8,2.5
1.759689031361999E9,42.3779712,-71.6311168,2621.122047244092,71.70258278886473,128.04187907303907,-4.19,-4.88,1.8,2.5
1.7596890321511831E9,42.378128,-71.6305088,2616.200787401572,70.9710075703012,128.65697579913984,-6.44,-4.04,1.8,2.5
1.759689032828814E9,42.3782432,-71.630048,2609.635826771651,70.41405296898112,129.13714019184306,-4.08,-3.79,1.8,2.5
1.7596890335709429E9,42.3783648,-71.6296,2601.433727034118,69.85884973704809,129.44508828548967,-5.63,-3.56,1.8,2.5
1.759689034999804E9,42.378672,-71.6285376,2593.2283464566904,68.30052035438122,129.85659435160952,-9.24,-2.99,1.8,2.5
1.7596890356805692E9,42.378848,-71.627936,2589.947506561677,67.12226159705097,129.9009666199024,-7.49,-2.43,1.8,2.5
1.759689036951148E9,42.3791872,-71.6269056,2580.1017060367426,65.44800447717917,129.67731445040675,-3.34,-1.01,1.8,2.5
1.759689038351204E9,42.3795424,-71.6258688,2580.0984251968475,64.8456618886638,129.23657072177826,-0.47000000000000003,-0.08,1.8,2.5
1.759689038951168E9,42.3797024,-71.6254336,2578.454724409446,64.78324500884699,128.93753187018254,0.91,0.37,1.8,2.5
1.759689040351156E9,42.3800672,-71.6244224,2576.8110236220446,64.85200712705549,128.30647377953912,1.74,0.32,1.8,2.5
1.759689040946075E9,42.3802176,-71.6239872,2578.451443569551,64.97311304150644,127.92213740824178,1.25,0.39,1.8,2.5
1.7596890423512158E9,42.3805632,-71.622976,2585.009842519682,65.36381960519411,127.07003612498546,1.43,0.8300000000000001,1.8,2.5
1.7596890429460568E9,42.3807104,-71.6225344,2585.009842519682,65.4337429688893,126.61433682816244,1.23,1.12,1.8,2.5
1.75968904435107E9,42.3810464,-71.621536,2593.20866141732,65.31113323450087,125.32659487229628,0.11,0.48,1.8,2.5
1.759689044946172E9,42.3811936,-71.6211072,2594.8458005249317,65.3980595767383,124.8545645758607,0.59,0.56,1.8,2.5
1.7596890463511E9,42.3815296,-71.620128,2591.5616797900234,65.17016570725677,123.73399758824235,-0.98,-0.52,1.8,2.5
1.759689046946219E9,42.38168,-71.6197056,2588.2808398950106,65.05780762626566,123.39641336278119,-0.68,-0.6900000000000001,1.8,2.5
1.759689048352711E9,42.3820192,-71.6187264,2584.996719160102,64.77953976083838,122.62438027220675,0.55,-0.43,1.8,2.5
1.75968904894625E9,42.38216,-71.6183168,2581.7158792650894,64.76641141464123,122.3367730075457,0.08,0.17,1.8,2.5
1.759689050351146E9,42.382496,-71.6173504,2575.1509186351677,64.61992791952316,121.90384884355365,0.54,-2.16,1.8,2.5
1.7596890509475589E9,42.38264,-71.616928,2571.86679790026,64.5056205456781,121.89036638884133,0.89,-3.5,1.8,2.5
1.759689052361968E9,42.3829792,-71.615968,2552.178477690286,64.41367851501938,122.65197560757805,0.33,-5.92,1.8,2.5
1.759689053151095E9,42.3831744,-71.6154176,2532.493438320207,64.15332824855395,123.41747121352331,-0.06,-6.33,1.8,2.5
1.7596890543620992E9,42.3834752,-71.6145856,2507.883858267714,63.89426381039157,124.70705503457864,0.26,-4.08,1.8,2.5
1.7596890551511002E9,42.3836832,-71.6140224,2488.19553805774,63.721544746176484,125.13057700514565,-0.13,-2.17,1.8,2.5
1.7596890563621612E9,42.384,-71.613184,2475.072178477688,63.53466292258719,124.8770997424943,-0.1,0.47000000000000003,1.8,2.5
1.7596890571510859E9,42.3842048,-71.6126272,2468.5072178477662,63.46298786267135,124.34664417260117,0.64,-0.52,1.8,2.5
1.7596890583623152E9,42.3845056,-71.6117952,2466.8635170603648,63.50342659204115,123.65126664871653,1.45,-0.58,1.8,2.5
1.7596890591514869E9,42.3847136,-71.6112448,2465.2230971128583,63.548157470063394,123.1906825543412,0.4,-0.18,1.8,2.5
1.759689060362091E9,42.3850208,-71.6104192,2460.2985564304436,63.33709105383349,122.15613696894255,-2.2800000000000002,1.43,1.8,2.5
1.759689061346012E9,42.3852736,-71.6097408,2465.216535433068,63.10924415104469,120.8104745747,0.53,2.42,1.8,2.5
1.7596890625460901E9,42.3855744,-71.6089408,2475.0590551181076,62.84027675633076,118.93721113428892,-1.59,3.0300000000000002,1.8,2.5
1.759689063346169E9,42.3857728,-71.608416,2481.617454068239,62.60082930862846,117.63930047941106,-1.3800000000000001,2.25,1.8,2.5
1.759689064546136E9,42.3860832,-71.6076352,2484.895013123357,62.25036614774518,116.47815445346005,0.21,1.17,1.8,2.5
1.75968906534812E9,42.3862848,-71.6071296,2486.5354330708633,61.82746035434521,115.89904583184867,0.5,0.21,1.8,2.5
1.759689065951108E9,42.3864416,-71.6067456,2488.172572178475,61.814737398001775,115.60408607251371,0.24,-0.1,1.8,2.5
1.759689067346261E9,42.3867872,-71.6058496,2489.8097112860864,61.46729994405762,115.45207885343497,-0.61,-2.09,1.8,2.5
1.759689067951137E9,42.386944,-71.6054784,2488.16929133858,61.20864416777682,115.47116432515195,-0.01,-2.2800000000000002,1.8,2.5
1.759689069346247E9,42.3873024,-71.6046016,2483.2447506561653,61.147596823666134,116.09371793277143,3.36,-3.09,1.8,2.5
1.759689069951157E9,42.3874624,-71.6042176,2483.2447506561653,61.38039507993711,116.6325565337584,5.86,-3.97,1.8,2.5
1.759689071350949E9,42.3878208,-71.6033024,2478.320209973751,62.033548385672056,118.00985763958934,0.53,-4.91,1.8,2.5
1.759689071951083E9,42.3879776,-71.602912,2471.7552493438293,61.889400577852754,118.60884326881562,0.75,-4.32,1.8,2.5
1.759689073351357E9,42.3883424,-71.6019968,2456.99146981627,62.03361117439932,119.79248067644232,1.9100000000000001,-2.25,1.8,2.5
1.7596890739511662E9,42.388496,-71.6016064,2453.7073490813623,62.10080254246736,120.22390126217226,0.77,-2.93,1.8,2.5
1.7596890753515182E9,42.3888672,-71.600672,2452.063648293961,61.793543283496454,120.78853992276711,0.32,-1.6500000000000001,1.8,2.5
1.759689075951062E9,42.389024,-71.6002624,2453.704068241467,61.995327677158734,120.75970836934049,1.67,-1.1300000000000001,1.8,2.5
1.7596890773514462E9,42.389392,-71.5993344,2452.0603674540657,61.931845898706705,120.96315608270672,1.1400000000000001,-2.18,1.8,2.5
1.7596890779510589E9,42.389552,-71.5989312,2453.697506561677,62.12092357685682,120.92725470616479,1.68,-1.04,1.8,2.5
1.759689079351084E9,42.3899104,-71.5979968,2455.3379265091835,62.2538871476877,121.04287330225146,0.99,-1.87,1.8,2.5
1.7596890799507551E9,42.3900704,-71.5976,2455.3346456692884,62.2406016391677,120.94780991149648,1.03,-1.3800000000000001,1.8,2.5
1.7596890813510032E9,42.3904256,-71.5966464,2461.89304461942,62.40772044520104,120.74099569695542,1.07,-0.9,1.8,2.5
1.759689081951182E9,42.3905824,-71.5962496,2466.8143044619396,62.483554014645144,120.41654571010106,0.5,-0.11,1.8,2.5
1.759689083351399E9,42.390944,-71.595328,2475.0131233595775,62.52457424789207,119.2762002357803,0.36,0.77,1.8,2.5
1.75968908395101E9,42.3910944,-71.5949312,2476.653543307084,62.49094414599212,118.7208969955247,0.42,1.17,1.8,2.5
1.759689085351307E9,42.3914528,-71.594016,2491.414041994748,62.50466980817236,117.25979226333507,-0.38,1.29,1.8,2.7
1.759689086151093E9,42.3916544,-71.593504,2496.3320209973726,62.531007566739774,116.26778845767707,-1.47,2.65,1.8,2.7
1.759689087362122E9,42.3919488,-71.592736,2507.8116797900234,62.18807389775932,114.65485080033241,0.13,2.71,1.8,2.7
1.7596890881511059E9,42.392144,-71.592224,2509.4520997375303,62.28796052266225,113.78118671918809,2.2600000000000002,2.5500000000000003,1.8,2.7
1.759689089362134E9,42.3924384,-71.5914816,2512.7296587926485,62.5199562986125,112.686115330827,2.95,1.74,1.8,2.7
1.7596890901510692E9,42.3926368,-71.5909824,2517.6509186351677,62.866627429982366,112.18175634625159,2.89,1.27,1.8,2.7
1.759689091362205E9,42.3929088,-71.59024,2517.647637795273,63.25239372416937,111.8638525971117,2.16,0.13,1.8,2.7
1.759689092152261E9,42.3930944,-71.5897344,2519.2847769028845,63.252322763327214,111.82038713365125,1.59,-0.72,1.8,2.7
1.7596890933620949E9,42.3933664,-71.5889792,2511.082677165352,63.67473445652837,112.16852687146265,3.38,-1.31,1.8,2.7
1.7596890941556249E9,42.3935584,-71.58848,2501.236876640417,63.86027311915169,112.42274308851903,2.91,-1.35,1.8,2.7
1.759689095362094E9,42.3938304,-71.5877248,2488.1102362204697,64.09879746934556,113.29656380109579,4.07,-2.47,1.8,2.7
1.759689096152256E9,42.394016,-71.5872064,2488.1102362204697,64.50475329345478,114.07383941920044,7.75,-2.42,1.8,2.7
1.7596890973620949E9,42.3942848,-71.586432,2468.4219160104963,66.20342308589396,115.18810611698086,12.77,-1.46,1.8,2.7
1.7596890981511989E9,42.3944512,-71.5859008,2456.93897637795,68.00011327721887,115.66402318399116,14.33,-1.01,1.8,2.7
1.759689099362191E9,42.3946816,-71.5850816,2443.8123359580027,71.11247769477153,115.95402570962507,17.76,-0.72,1.8,2.7
1.759689100746134E9,42.3949024,-71.584128,2422.4835958005224,74.67925042127949,116.09111249607588,10.99,-1.87,1.7,2.5
1.759689101362039E9,42.3949888,-71.5836992,2415.9219160104963,76.13559226895984,116.3264757283547,8.86,-2.94,1.7,2.5
1.7596891021513271E9,42.395088,-71.583136,2401.154855643042,77.13615121353453,116.82185988448391,4.13,-4.37,1.7,2.5
1.759689103362196E9,42.3952192,-71.5822784,2399.514435695535,78.40020939419124,117.55427798852403,1.04,-3.66,1.7,2.5
1.759689104151451E9,42.3953024,-71.581696,2392.949475065614,78.43629395049123,117.91608861587885,2.08,-3.66,1.7,2.5
1.759689105546046E9,42.395456,-71.5806784,2381.466535433068,78.87822427104673,118.40734332768258,0.79,-3.34,1.7,2.5
1.759689106345973E9,42.3955392,-71.5801024,2373.2611548556406,78.85013688306758,118.71595574909836,-0.58,-3.69,1.7,2.5
1.7596891069509602E9,42.3955968,-71.5796608,2369.9803149606273,78.64232105410464,118.94045312954472,-1.49,-3.47,1.7,2.5
1.75968910836111E9,42.3957472,-71.5786432,2363.415354330706,78.69190516604179,118.86035584550719,1.1300000000000001,0.14,1.8,2.5
1.759689109146518E9,42.395824,-71.5780608,2365.055774278213,78.7546791647627,118.31909965456799,0.18,0.85,1.8,2.5
1.759689110357043E9,42.3959616,-71.5772032,2369.9737532808376,79.05137903928997,116.67447704737948,0.3,3.09,1.8,2.5
1.7596891111461248E9,42.3960384,-71.5766272,2381.4566929133834,79.08235545746619,115.25672296671036,-1.45,3.5700000000000003,1.8,2.5
1.759689112357521E9,42.3961632,-71.5757824,2406.0597112860864,78.86826883491992,112.76520508576743,-0.54,5.0,1.8,2.5
1.7596891131460772E9,42.3962432,-71.575232,2419.183070866139,78.86871748448324,111.25938440432884,0.66,4.12,1.8,2.5
1.7596891143570418E9,42.3963552,-71.5744192,2435.5839895013096,79.00448272092775,109.7623045023138,5.71,1.8,1.8,2.5
1.7596891151462579E9,42.396432,-71.5738816,2438.864829396323,79.63685392515235,109.35624073607799,2.48,-0.05,1.8,2.5
1.759689116357055E9,42.3965344,-71.5730752,2456.909448818895,80.20306862222876,109.44046111865994,-2.69,-2.09,1.8,2.5
1.7596891171461248E9,42.396608,-71.5725312,2466.7486876640396,79.64696839297397,109.57007403881022,-1.04,-0.76,1.8,2.5
1.7596891177510362E9,42.3966592,-71.5721344,2466.7486876640396,79.5018725451331,109.77929520568995,-0.46,-0.79,1.8,2.5
1.759689119146004E9,42.3967936,-71.5711872,2470.026246719158,79.2989622579065,110.12902895040693,0.52,-1.68,1.8,2.5
1.759689119751257E9,42.3968512,-71.570784,2468.385826771651,79.18033757352684,110.48901338964824,1.67,-2.06,1.8,2.5
1.75968912114599E9,42.3969856,-71.5698368,2450.337926509184,79.32267904447929,111.52487043597537,1.29,-2.93,1.8,2.5
1.759689121750982E9,42.39704,-71.5694208,2450.337926509184,79.31269632872183,112.26045421170491,-2.09,-4.6000000000000005,1.8,2.5
1.7596891231508741E9,42.3971712,-71.568448,2435.5708661417298,79.3286852488556,113.89633128394493,-0.39,-4.42,1.8,2.5
1.7596891237510781E9,42.397232,-71.568032,2425.7283464566904,79.04501285834417,114.45946956316942,-1.03,-3.44,1.8,2.5
1.7596891251502218E9,42.397376,-71.56704,2410.961286089236,78.89253864090229,115.43010309106587,-1.11,-2.17,1.8,2.5
1.7596891257509909E9,42.3974304,-71.5666048,2414.2421259842495,78.54112032847065,115.84911501677345,-2.57,-3.09,1.8,2.5
1.759689127150957E9,42.3975936,-71.5656128,2399.4750656167953,77.80104703398165,116.46125694291365,-2.5300000000000002,-2.57,1.8,2.5
1.75968912775097E9,42.3976608,-71.5652032,2387.9921259842495,77.48878387135592,116.73974906064635,-2.52,-2.86,1.8,2.5
1.7596891291478329E9,42.3978336,-71.5641984,2383.0675853018347,76.63920358878313,117.1779931517544,-2.86,-0.58,1.8,2.5
1.759689129750894E9,42.3979104,-71.563776,2381.4271653543283,76.52607185903564,117.21321186890592,-0.17,1.1400000000000001,1.8,2.5
1.759689131150878E9,42.3980992,-71.562784,2384.704724409446,75.74554985370631,116.36451257721964,-0.85,1.96,1.8,2.5
1.759689131750997E9,42.3981824,-71.5623552,2386.345144356953,75.73754105932917,115.82711671718124,0.61,2.65,1.8,2.5
1.7596891331512542E9,42.398352,-71.561376,2394.5439632545904,75.91186246848318,114.51562563703149,2.68,3.63,1.8,2.5
1.7596891337508202E9,42.3984288,-71.56096,2401.105643044617,76.2246752726742,113.88029990826293,4.8500000000000005,3.8200000000000003,1.8,2.5
1.7596891351509E9,42.3986016,-71.5600064,2410.9448818897613,77.27688999686185,112.53203346586638,5.96,3.67,1.8,2.5
1.7596891357514E9,42.3986752,-71.5595904,2414.225721784774,77.96701395701479,112.07595267940074,6.92,3.54,1.8,2.5
1.7596891371510649E9,42.398816,-71.558624,2415.862860892386,79.73012168752912,111.10178669311291,9.44,3.09,1.8,2.5
1.759689137750793E9,42.3988768,-71.5582208,2412.5820209973726,80.5855687624002,110.87348520318471,9.92,2.49,1.7,2.5
1.759689139147388E9,42.398976,-71.5572672,2414.2191601049844,82.77385593120616,110.64772805821704,9.950000000000001,1.04,1.8,2.5
1.759689139950855E9,42.3990208,-71.5567168,2402.7362204724386,83.67534699519888,110.8126738093042,6.53,-0.8200000000000001,1.8,2.5
1.7596891413509011E9,42.3990912,-71.5557568,2397.8116797900234,85.0190093644134,111.4923182707211,0.97,-2.05,1.8,2.5
1.759689141951261E9,42.3991136,-71.555328,2394.5308398950106,85.00096541193822,111.9832007324675,-0.36,-2.95,1.8,2.5
1.759689143350838E9,42.3991776,-71.5543616,2374.8458005249317,84.89205454918407,113.09491882555017,1.29,-2.8000000000000003,1.8,2.5
1.7596891445508718E9,42.3992352,-71.553504,2363.359580052491,85.05646379883771,114.13948963744686,2.97,-2.65,1.7,2.5
1.759689145350353E9,42.3992704,-71.5529344,2350.236220472438,85.54175885189684,114.78142476392898,3.44,-2.35,1.7,2.5
1.7596891459508572E9,42.3992928,-71.5525056,2345.314960629919,85.80427592178452,115.30686934116227,2.09,-2.62,1.8,2.5
1.75968914735091E9,42.399344,-71.551488,2323.9862204724386,86.11727400273195,116.54828609227967,0.58,-3.22,1.8,2.5
1.7596891479507952E9,42.3993696,-71.5510528,2319.064960629919,86.18782562829438,116.94774756632086,-0.44,-2.9,1.8,2.5
1.759689149350903E9,42.3994176,-71.5500352,2309.2191601049844,85.77511521000238,117.94253016001328,-3.48,-2.38,1.8,2.5
1.759689149950872E9,42.3994368,-71.5495808,2304.2979002624647,85.38510700982378,118.14111286468955,-4.5600000000000005,-2.07,1.8,2.5
1.759689151350795E9,42.3995008,-71.5485504,2296.092519685037,84.70245533309804,118.32180771942782,-1.32,-0.5700000000000001,1.8,2.5
1.7596891519507241E9,42.3995328,-71.5481088,2294.4520997375307,84.42894453382436,118.33649182447074,-0.89,-0.5,1.8,2.5
1.759689153361916E9,42.3995968,-71.5472256,2294.448818897635,84.1055025290258,118.11044818580446,-1.3,-0.37,1.8,2.5
1.75968915415064E9,42.3996576,-71.5465024,2286.2467191601027,83.94595058910427,117.77347119353722,-0.77,-0.24,1.8,2.5
1.759689155362043E9,42.3997216,-71.5456,2299.370078740155,83.72819408379435,116.90270581428656,-1.17,1.1,1.8,2.5
1.759689156151239E9,42.3997728,-71.5450304,2299.36679790026,83.58883867940804,116.11275651362952,-1.22,1.95,1.8,2.5
1.759689157361878E9,42.3998528,-71.5441664,2304.2880577427795,83.11296848616136,114.93296941474553,-3.11,1.4000000000000001,1.8,2.5
1.759689158145942E9,42.3999072,-71.5435968,2315.7677165354307,82.92695643489974,114.293098770464,-2.5300000000000002,1.12,1.8,2.5
1.759689159356839E9,42.3999872,-71.5427456,2325.61023622047,82.2246829026493,113.65180158879873,-2.24,0.92,1.8,2.5
1.7596891601458712E9,42.400048,-71.5421952,2317.404855643042,82.0021237940448,113.16334907746307,-3.52,0.77,1.8,2.5
1.759689161356811E9,42.4001344,-71.5413568,2322.326115485562,80.96118178834338,112.84186031081647,-3.38,-0.68,1.8,2.5
1.759689162145863E9,42.4002048,-71.5408,2322.322834645667,80.59277922046562,112.97943909024666,-1.28,-0.8300000000000001,1.8,2.5
1.759689163356833E9,42.4003104,-71.5399616,2320.6824146981603,80.18386501795295,113.33307037882659,0.62,-1.46,1.8,2.5
1.75968916414588E9,42.4003776,-71.5394048,2314.120734908134,80.18162784459962,113.6494743057947,0.86,-1.0,1.8,2.5
1.759689165356838E9,42.4004896,-71.5385664,2296.0728346456667,80.30018369302826,114.10204395417388,0.9500000000000001,-0.89,1.8,2.5
1.759689166145805E9,42.4005664,-71.538016,2289.5111548556406,80.2877872492986,114.30347749050297,0.31,-0.92,1.8,2.5
1.759689167356745E9,42.4006688,-71.5371712,2284.586614173226,80.4291178336433,114.6892711627818,0.09,-1.3900000000000001,1.8,2.5
1.759689168145825E9,42.4007424,-71.5365952,2278.0249343831997,80.28580180502006,114.85634946999369,-1.1400000000000001,-1.56,1.8,2.5
1.759689169356814E9,42.400848,-71.535744,2276.381233595798,80.20214431220117,115.14162781396949,1.43,-0.93,1.8,2.5
1.759689170145787E9,42.4009216,-71.5351808,2268.1791338582652,80.26779858435854,115.3358682097348,1.85,-1.55,1.8,2.5
1.759689171357082E9,42.4010272,-71.5343168,2264.8950131233573,80.80488118452595,115.805610188868,1.28,-1.4000000000000001,1.8,2.5
1.759689172146498E9,42.4010976,-71.53376,2256.6929133858243,80.67654959971786,116.02519225438485,-1.41,-1.75,1.8,2.5
1.7596891733568301E9,42.4012032,-71.532896,2253.4087926509164,80.4699411436942,116.23265061976512,-3.27,-1.44,1.8,2.5
1.7596891741459851E9,42.4012832,-71.5323264,2258.330052493436,79.93261298506448,116.20389668059227,-4.5600000000000005,-1.1,1.8,2.5
1.7596891753567672E9,42.4013952,-71.5314624,2258.3267716535406,78.80479058127402,116.13868301661824,-9.8,-1.4000000000000001,1.8,2.5
1.759689176350868E9,42.401504,-71.5307456,2263.2480314960603,76.9368743603695,115.75804804801922,-14.07,-0.9,1.8,2.5
1.759689177551066E9,42.4016608,-71.5299136,2259.9639107611524,73.66108439740862,115.46213904430009,-20.54,-0.9400000000000001,1.8,2.5
1.759689178350636E9,42.4017984,-71.5293632,2261.604330708659,70.64519477873124,115.25221185375742,-25.03,-1.69,1.8,2.5
1.759689178950778E9,42.4019104,-71.5289536,2261.601049868764,68.02943357950925,114.92746584771491,-29.66,-0.9400000000000001,1.8,2.5
1.759689180350821E9,42.4022304,-71.528064,2251.7552493438297,60.92358555575893,114.07658864136035,-28.69,-0.91,1.8,2.5
1.759689180950834E9,42.4023904,-71.5276928,2250.1148293963233,57.96868124374446,113.79776664189895,-28.19,-0.49,1.8,2.5
1.759689182350848E9,42.4028256,-71.5268864,2248.4711286089214,50.638670893207966,113.31272611504433,-30.93,-0.35000000000000003,1.8,2.5
1.759689182950809E9,42.403024,-71.52656,2251.7519685039347,47.379573392549844,113.21944216833131,-31.84,-0.63,1.8,2.5
1.7596891843507571E9,42.4035584,-71.5258816,2258.3103674540657,39.427461994159245,112.38840856423126,-36.92,0.65,1.8,2.5
1.759689184950813E9,42.4037984,-71.5256256,2253.385826771651,35.77845385439697,111.84577824583187,-40.37,1.25,1.8,2.5
1.759689186350861E9,42.4044224,-71.5251264,2250.101706036743,24.57553879808552,110.67819007385556,-45.4,-0.34,1.9,2.8
1.759689186951494E9,42.4047168,-71.5249792,2246.8208661417298,18.98145862176297,110.20185195041898,-47.01,0.12,1.9,2.8
1.759689188351165E9,42.4054144,-71.524768,2245.1771653543283,6.104306282488444,109.49557476008718,-50.6,-2.73,1.9,2.8
1.75968918895101E9,42.4057184,-71.5247424,2236.9717847769,0.4375969120309549,109.44163671954723,-50.800000000000004,-6.58,1.9,2.8
1.759689190350761E9,42.4064416,-71.524864,2220.5643044619396,346.5097888998118,109.82490857088331,-53.01,-9.66,1.9,2.8
1.759689190950611E9,42.406736,-71.5249792,2204.160104986874,340.35297832345947,110.13542415619952,-53.92,-10.43,1.9,2.8
1.759689192350786E9,42.4073824,-71.5254208,2171.348425196848,326.204241350139,111.0600337189977,-54.07,-13.4,2.2,3.5
1.759689192950739E9,42.4076256,-71.5256832,2151.663385826769,319.9284443853136,111.51358084303124,-54.39,-12.13,2.2,3.5
1.759689194350565E9,42.4081312,-71.5264192,2095.8891076115465,304.9518611132928,113.59971556703807,-53.800000000000004,-17.2,2.2,3.5
1.759689194950778E9,42.4082976,-71.526784,2068.0019685039347,298.32116001062514,114.60328989348713,-54.46,-16.79,2.2,3.5
1.759689196350834E9,42.4085696,-71.5277504,2012.2276902887118,283.32719620440275,117.7210342228709,-48.14,-15.56,2.2,3.5
1.7596891969506721E9,42.408624,-71.528192,1994.1830708661396,276.99376674400054,118.93462033373994,-45.14,-13.780000000000001,2.2,3.5
1.75968919835086E9,42.4086176,-71.5292672,1958.0971128608903,263.12113360254193,120.09995006052763,-43.910000000000004,-10.65,2.2,3.5
1.75968919975145E9,42.4084128,-71.5302976,1948.2578740157458,248.40341124289455,118.14028929429684,-42.28,-6.68,2.2,3.5
1.759689201154767E9,42.4080544,-71.5312256,1969.583333333331,236.2040254236334,113.75027513318972,-36.42,-1.12,1.9,2.8
1.759689201750856E9,42.4078688,-71.5315776,1984.3503937007854,232.09348606894434,111.52883609166796,-37.89,0.96,1.9,2.8
1.75968920236341E9,42.4076448,-71.531904,2013.8779527559036,227.78742683511192,109.09988897349221,-38.59,2.44,1.7,2.5
1.759689203750797E9,42.407136,-71.5325312,2043.4087926509164,217.05374288603136,104.19837644360328,-42.12,3.2600000000000002,1.7,2.5
1.759689204361744E9,42.4068672,-71.532736,2066.377952755903,212.4178411759524,102.46987982806714,-41.86,4.67,2.2,2.7
1.75968920575073E9,42.4062848,-71.5331392,2089.34711286089,202.74796382320133,98.98230408044316,-32.14,6.71,2.2,2.7
1.759689206361703E9,42.4060352,-71.53328,2095.9087926509164,199.1710425344797,97.6097402499948,-26.43,6.17,2.2,2.7
1.759689207351499E9,42.4055968,-71.5334656,2115.59711286089,195.86910541321694,96.25364617316411,-17.6,5.42,2.2,2.7
1.759689208550754E9,42.4050752,-71.5336256,2127.083333333331,193.23182698385864,95.36990186261627,-9.67,2.05,2.2,2.7
1.759689209351229E9,42.4047264,-71.5337152,2143.4875328083967,191.95953739858703,95.49393996364338,-4.94,0.68,2.2,2.7
1.759689210753087E9,42.4041184,-71.5338816,2138.569553805772,191.20808347688862,96.50581034101023,1.58,-0.55,2.2,2.7
1.759689212151151E9,42.4034912,-71.5340288,2141.85367454068,191.53780967497144,97.76826690479861,-0.59,-0.81,1.7,2.5
1.759689212750794E9,42.4032256,-71.5340864,2135.291994750654,191.48510769279693,98.50370722262747,-1.18,-0.51,1.7,2.5
1.7596892133616881E9,42.4029536,-71.5341632,2132.0144356955357,191.4004540340949,98.93033588641536,-1.43,0.29,1.7,2.5
1.759689214750805E9,42.40232,-71.5343296,2133.654855643042,191.5693666941695,99.3467598526536,0.34,1.8800000000000001,1.7,2.5
1.759689215361697E9,42.4020544,-71.5344064,2130.3772965879243,191.45072968288528,99.28504611294048,-1.7,1.3,1.7,2.5
1.75968921674575E9,42.4014272,-71.5345792,2132.020997375326,190.87615009530538,98.69287275256606,-3.12,3.02,1.7,2.5
1.759689217361743E9,42.4011584,-71.5346496,2127.099737532806,190.67608165296875,98.21190558667045,-3.7800000000000002,3.41,1.7,2.5
1.759689218951668E9,42.4004416,-71.5348032,2151.7093175852997,188.46897317766886,97.14350926764195,-7.67,2.61,1.7,2.5
1.759689220345747E9,42.3998208,-71.534912,2158.274278215221,185.98114749406258,96.25834892492404,-9.36,1.98,1.7,2.5
1.7596892209506369E9,42.3995552,-71.5349504,2159.9146981627273,184.83009444090635,96.03651196104674,-9.75,1.79,1.7,2.5
1.759689222345741E9,42.3989344,-71.5349952,2164.839238845142,181.37881907849936,96.13150612858537,-13.71,0.37,1.7,2.5
1.759689222950593E9,42.3986656,-71.5349952,2169.7604986876618,179.65359684759412,96.45532643545062,-15.44,0.3,1.7,2.5
1.759689224345757E9,42.3980448,-71.5349632,2164.842519685037,174.61391247777036,97.33038224444704,-21.580000000000002,-0.51,1.8,2.5
1.759689224950449E9,42.3977696,-71.5349184,2164.845800524932,171.82807356805344,97.91430846542438,-25.63,-1.1400000000000001,1.7,2.5
1.759689226345747E9,42.3971488,-71.534752,2159.9245406824125,164.14833755664424,99.5592478580631,-30.43,-2.04,1.7,2.5
1.7596892269508219E9,42.3968896,-71.5346368,2153.366141732281,160.27693591308883,100.62683833325025,-30.92,-2.89,1.7,2.5
1.759689228356729E9,42.3962816,-71.5342528,2145.1640419947485,151.41880009452774,103.28624602678045,-31.51,-3.39,2.0,2.8
1.7596892293503752E9,42.3958688,-71.53392,2132.043963254591,144.93950952708568,105.27279234411013,-29.21,-3.27,2.0,2.8
1.759689230550683E9,42.395408,-71.5334144,2115.6397637795253,137.75339692610524,107.87202950618077,-26.64,-1.75,2.0,2.8
1.759689231350683E9,42.3951232,-71.5330368,2104.1568241469795,133.0553420849348,109.36367272607428,-26.21,-1.21,2.0,2.8
1.759689232550847E9,42.394736,-71.5323776,2097.595144356953,126.287827075253,110.97980879006657,-25.6,0.24,10.5,14.6
1.759689233350624E9,42.3945088,-71.5319232,2099.23556430446,122.21700882292411,111.5711468396237,-25.12,1.34,10.5,14.6
1.7596892341515841E9,42.3943008,-71.5314176,2102.5164041994726,118.07424345136525,111.893406086658,-24.19,1.95,10.5,14.6
1.7596892353617349E9,42.3940416,-71.530656,2109.078083989499,112.56176496204388,112.06717826108097,-23.36,2.36,10.5,14.6
1.759689236151009E9,42.3938976,-71.5301312,2113.999343832019,109.16717359622815,112.07467153915188,-25.01,2.31,10.5,14.6
1.75968923736161E9,42.3937248,-71.529312,2125.4822834645647,103.74678802866032,111.98531295852841,-26.52,2.08,10.5,14.6
1.759689238750764E9,42.393584,-71.5283328,2138.605643044617,97.0571888327343,112.01710625794942,-28.580000000000002,1.5,2.0,2.8
1.759689239361697E9,42.3935616,-71.5279104,2150.085301837268,93.85969827434248,112.04462797319492,-28.080000000000002,2.09,2.0,2.8
1.7596892401511002E9,42.393552,-71.527328,2159.9278215223076,89.79103750693916,111.92731011816102,-26.26,2.5100000000000002,1.8,2.6
1.759689240750938E9,42.3935584,-71.526912,2164.8490813648273,86.77099513110889,111.81250508695764,-25.96,3.04,1.8,2.6
1.759689242350667E9,42.393664,-71.525792,2176.328740157478,79.29138572016582,111.51658970580176,-22.51,3.48,2.0,2.6
1.7596892429502149E9,42.3937248,-71.5253824,2182.890419947504,76.87864440957559,111.31446984431611,-17.1,4.28,1.8,2.6
1.759689244350847E9,42.3939232,-71.5244544,2191.089238845142,72.96533581628364,110.67862023451418,-14.72,3.91,1.8,2.6
1.759689244950533E9,42.3940224,-71.5240448,2197.6509186351686,71.50135383865846,110.58416667785312,-12.17,3.64,3.0,4.3
1.7596892463506951E9,42.3942752,-71.5231296,2215.6922572178455,70.33125746206314,110.48062594937416,2.74,5.0,3.8,3.3
1.759689246950453E9,42.3943776,-71.5227328,2223.894356955378,70.47161917460862,110.48742486930666,5.93,5.3100000000000005,3.8,3.3
1.759689248350697E9,42.3946336,-71.5218432,2225.53149606299,71.88997650009946,110.56128828070364,6.15,4.67,3.8,3.3
1.7596892495505981E9,42.3948032,-71.5210496,2233.7303149606278,73.30752111956014,110.37696412998451,5.93,4.71,1.8,2.5
1.759689250350393E9,42.3949248,-71.5205248,2238.6515748031475,73.78510309890865,110.1258226304833,2.32,3.96,1.8,2.5
1.759689250951391E9,42.395008,-71.520128,2243.572834645667,73.73655981860912,110.15300219715317,-3.11,2.06,1.8,2.5
1.759689252350522E9,42.3952128,-71.5192128,2256.6929133858243,73.40338594551686,110.17978239079213,-0.38,3.41,1.8,2.5
1.7596892529510288E9,42.3953024,-71.5188096,2266.5354330708637,72.90545168007877,110.10402781734005,1.03,3.0500000000000003,1.8,2.5
1.7596892543506742E9,42.3955168,-71.5178816,2271.4534120734884,72.75754181933506,110.17152402939446,0.72,2.09,1.8,2.5
1.759689254950532E9,42.3956064,-71.5174912,2278.015091863515,72.7658572201826,110.28867622130011,-0.45,1.71,1.8,2.5
1.759689256350569E9,42.3958176,-71.516576,2279.6522309711263,71.9692755685359,110.65446890497638,-3.0,0.32,1.8,2.5
1.759689256950465E9,42.39592,-71.5161728,2282.929790026244,71.46349678334762,110.97767912873938,-2.37,-0.13,1.8,2.7
1.759689258350544E9,42.3961536,-71.515264,2276.368110236218,70.60958144111271,112.06266013702043,-0.44,-0.6900000000000001,1.8,2.7
1.759689258950623E9,42.3962592,-71.5148672,2273.08398950131,70.34551081791444,112.63811486379444,0.26,-0.78,1.8,2.7
1.759689260350544E9,42.3964992,-71.5139328,2271.4435695538036,69.95351137180403,114.09612111653043,1.33,-1.23,1.8,2.7
1.759689260950458E9,42.396624,-71.5135168,2276.3615485564283,69.94796351034648,114.57608762499983,1.28,-0.64,1.8,2.7
1.7596892615505219E9,42.3967296,-71.51312,2274.7211286089214,69.91274649942669,115.11925635527392,1.07,-0.79,1.8,2.7
1.759689263150475E9,42.3970176,-71.512032,2274.7178477690263,69.91289216308287,116.1954160962249,0.8,0.09,1.8,2.7
1.759689263751892E9,42.397136,-71.5116288,2279.639107611546,69.71373538758738,116.44762619581378,0.02,0.59,1.8,2.7
1.759689265150817E9,42.3973952,-71.5106688,2282.9166666666642,69.4673417206854,117.04924603692216,1.41,0.2,1.8,2.7
1.7596892657504501E9,42.3975104,-71.5102592,2289.4750656167953,69.44284405268108,117.35864962132581,0.8200000000000001,0.43,1.8,2.7
1.759689267150944E9,42.3977824,-71.5092992,2282.913385826769,69.31673183019183,117.82988533912847,0.01,0.64,1.8,2.7
1.759689267750475E9,42.3979008,-71.5088896,2292.7526246719135,69.22287322787126,117.92375174678354,-0.08,0.85,1.8,2.7
1.7596892691507468E9,42.3981728,-71.5079168,2289.4685039370056,68.80576370776082,117.85738177237155,-1.35,1.29,1.8,2.7
1.759689269750458E9,42.398288,-71.5075136,2291.108923884512,68.57080680941124,117.79549574768157,-1.56,1.34,1.8,2.7
1.759689271150456E9,42.3985696,-71.5065408,2305.869422572176,67.62037973029317,117.67988466769485,-1.76,1.08,1.8,2.7
1.759689271750438E9,42.3986976,-71.506144,2304.229002624669,67.50158740649567,117.80172654885612,2.0100000000000002,1.77,1.8,2.7
1.759689273150319E9,42.3989856,-71.5051904,2312.427821522307,67.33438963846864,117.98691235372226,2.45,1.36,1.8,2.7
1.759689273750402E9,42.3991136,-71.5047808,2312.427821522307,67.47518412601465,118.07675312191715,2.41,0.89,1.8,2.7
1.759689275150735E9,42.3994144,-71.50384,2315.7053805774253,67.59573911392651,118.01612034633376,2.83,1.56,1.8,2.7
1.759689275745208E9,42.399536,-71.503424,2312.4212598425174,67.60086818506447,117.99074088089704,2.7600000000000002,0.99,1.8,2.7
1.759689277150687E9,42.3998272,-71.502464,2322.263779527557,68.03407867805477,118.17250820437796,1.99,1.01,1.8,2.7
1.759689277745442E9,42.3999552,-71.5020544,2322.2604986876618,68.1216059721186,118.20461444306349,1.57,0.8300000000000001,1.8,2.7
1.759689279150487E9,42.4002432,-71.5011008,2330.4593175852992,67.84141573022892,118.12378149393847,1.36,1.01,1.8,2.7
1.759689279745389E9,42.4003648,-71.5006848,2330.4593175852992,67.7918837367812,117.97646373334634,0.98,1.22,1.8,2.7
1.7596892813454971E9,42.4006944,-71.4995968,2340.2985564304436,67.60697129620235,117.45996673784767,1.4000000000000001,1.95,1.8,2.7
1.759689281950334E9,42.4008192,-71.4991808,2346.8602362204697,67.49270890614346,117.199096313397,1.3800000000000001,2.11,1.8,2.7
1.7596892833454208E9,42.4011104,-71.4982528,2348.4973753280815,67.46459221294852,116.65472037585916,1.41,2.1,1.8,2.7
1.7596892839504828E9,42.4012384,-71.4978496,2358.336614173226,67.42576266198944,116.41389288959377,1.71,2.23,1.8,2.7
1.7596892853504372E9,42.4015232,-71.4969024,2368.17585301837,67.39344606543007,115.851639465441,1.31,2.34,1.8,2.7
1.759689285950378E9,42.4016448,-71.4964992,2376.377952755903,67.44316423990391,115.53620533352473,1.53,2.6,1.8,2.7
1.759689287350473E9,42.401936,-71.4955776,2392.7788713910736,67.2143724491521,114.73814410118136,-0.13,3.04,1.8,2.7
1.759689287950396E9,42.4020576,-71.4951808,2400.980971128606,67.10446421243158,114.36666668375729,-0.61,2.9,1.8,2.7
1.759689289351593E9,42.402352,-71.494272,2412.4606299212574,66.67778863189706,113.56643225697435,-1.01,2.91,1.8,2.7
1.75968928995045E9,42.4024672,-71.4938752,2425.5839895013096,66.40103523481251,113.23201661267075,-1.35,3.14,1.8,2.7
1.759689291350387E9,42.4027712,-71.4929792,2430.5019685039347,65.79933272039617,112.52413410881489,-1.04,3.13,1.8,2.7
1.759689291950311E9,42.4028928,-71.4925888,2437.0603674540657,65.43205523432891,112.25311471079182,-2.67,2.65,1.8,2.7
1.7596892925503669E9,42.4030304,-71.4922112,2440.341207349079,64.96869520873773,112.0512122833299,-4.26,2.29,1.8,2.7
1.7596892939503732E9,42.403344,-71.4913344,2446.89960629921,63.403824314374724,112.01977777954522,-5.26,1.26,1.8,2.7
1.7596892945503411E9,42.4034816,-71.4909504,2456.7421259842495,62.63127092303171,112.17858006726362,-5.66,1.1300000000000001,1.8,2.7
1.759689295355253E9,42.4036832,-71.4904576,2451.8175853018347,61.56905118097267,112.40100538265975,-6.18,0.75,1.8,2.7
1.759689296550353E9,42.403984,-71.4897216,2451.8175853018347,59.921545712918004,113.05810307189401,-5.48,0.02,1.8,2.7
1.759689297355262E9,42.4041984,-71.4892352,2451.8143044619396,58.95214333528644,113.55811406446168,0.86,1.1,1.8,2.7
1.759689298557452E9,42.4045216,-71.4885056,2446.889763779525,58.87910424371832,114.25849126770707,12.14,2.5500000000000003,1.8,2.7
1.7596892999504728E9,42.4049088,-71.4876416,2438.6843832020973,61.2456766166412,114.9202194112767,11.51,1.97,1.8,2.7
1.7596893005499701E9,42.4050592,-71.487264,2435.403543307084,62.40504272664601,115.10703415281242,11.290000000000001,2.08,1.8,2.7
1.759689301950345E9,42.4053952,-71.4863616,2438.681102362202,64.51130668621352,115.23047505932792,9.93,2.09,1.8,2.7
1.759689302550375E9,42.4055264,-71.4859648,2445.2427821522283,65.51122787968036,115.17274502311528,7.82,1.61,1.8,2.7
1.759689303950334E9,42.4058304,-71.4850368,2451.8011811023594,66.4427272780997,114.97734174793402,4.07,1.77,1.8,2.7
1.759689304550312E9,42.4059616,-71.48464,2455.0820209973726,66.86130096726515,114.76330286994093,4.21,2.59,1.8,2.7
1.759689305950268E9,42.4062432,-71.4837184,2463.2808398950106,67.07376345804506,114.37146380925874,2.5100000000000002,1.3,1.8,2.7
1.7596893065503001E9,42.4063648,-71.483328,2461.637139107609,67.11104422644699,114.29782129584271,3.06,1.12,1.8,2.7
1.759689307950341E9,42.4066496,-71.4824128,2471.4763779527534,67.22208329600912,114.37325442023794,1.8900000000000001,-0.1,1.8,2.7
1.7596893085518441E9,42.4067712,-71.482016,2471.4763779527534,67.1371106376803,114.57122486270886,1.58,-0.27,1.8,2.7
1.759689309950358E9,42.4070592,-71.4811008,2468.192257217845,67.14097562297708,114.98987018696346,2.29,0.09,1.8,2.7
1.759689310550348E9,42.4071872,-71.4806976,2466.5518372703386,67.07064026602743,115.15502760299316,1.22,0.14,1.8,2.7
1.759689311950201E9,42.4074816,-71.4797568,2461.627296587924,66.94549545422052,115.70543900241054,1.61,-1.11,1.8,2.7
1.7596893125505729E9,42.4076096,-71.47936,2463.2677165354303,66.65645292302989,116.01938876358356,1.47,-1.33,1.8,2.7
1.7596893133502722E9,42.407776,-71.4788288,2464.904855643042,66.77377527204158,116.42486146474022,1.46,-0.81,1.8,2.7
1.759689314550312E9,42.408032,-71.4780416,2456.6994750656145,66.89519136858746,116.95334991151762,2.6,-0.38,1.8,2.7
1.7596893153503098E9,42.4081984,-71.4774848,2463.2611548556406,66.76274753090185,117.25950708422191,0.93,-0.51,1.8,2.7
1.759689316550332E9,42.408464,-71.4766784,2464.898293963252,66.6114958798734,117.81654923849068,1.29,-0.54,1.8,2.7
1.759689317350473E9,42.4086304,-71.4761344,2463.2578740157455,66.44884355611391,118.21631342847334,1.04,-0.61,1.8,2.7
1.759689318550411E9,42.408896,-71.4753216,2464.895013123357,66.26394139147072,118.3622169472853,-0.14,0.54,1.8,2.7
1.759689319350399E9,42.4090752,-71.4747776,2466.5321522309687,65.91719407586915,118.42471137057146,0.0,0.15,1.8,2.7
1.759689320550395E9,42.4093472,-71.4739712,2471.453412073488,65.58952374601571,118.38859555453939,-0.19,1.1400000000000001,1.8,2.7
1.759689321351625E9,42.4095264,-71.47344,2466.5288713910736,65.25973609150795,118.2083687928205,-0.61,1.41,1.8,2.7
1.759689322550321E9,42.4097984,-71.4726336,2479.6489501312312,64.71634013187078,117.78668706180878,-0.62,1.67,1.8,2.7
1.7596893233503752E9,42.4099936,-71.4721024,2484.570209973751,64.43520259579219,117.52303900778244,0.09,1.85,1.8,2.7
1.7596893239505591E9,42.410128,-71.4716928,2496.0498687664017,64.17349627237296,117.3497099376644,-0.25,1.73,1.8,2.7
1.759689325350395E9,42.4104608,-71.4707712,2505.892388451441,63.69466633887907,116.98474424902842,-0.18,1.93,1.8,2.7
1.759689325950259E9,42.4106144,-71.4703808,2507.5295275590524,63.39228629952349,116.74886005405625,-0.09,1.8900000000000001,1.8,2.7
1.7596893273503308E9,42.4109504,-71.4694656,2523.930446194223,63.17773044087153,116.18494458212906,4.49,2.84,1.8,2.7
1.7596893279566998E9,42.4110976,-71.4690944,2515.7283464566904,63.37484987791565,116.02736116127792,6.91,2.94,1.8,2.7
1.759689329350465E9,42.4114336,-71.4681856,2523.9271653543283,64.62404145364916,115.61753847799525,11.55,2.94,1.8,2.7
1.759689329950292E9,42.411568,-71.4677888,2532.129265091861,65.40601900811929,115.50450560673052,10.17,2.75,1.8,2.7
1.759689331350318E9,42.411872,-71.4668672,2535.406824146979,67.30052663145834,115.15046820734032,6.7,1.47,1.8,2.7
1.759689331950278E9,42.4119936,-71.466464,2538.6843832020973,67.72248414490242,115.1150303477154,4.7,0.76,1.8,2.7
1.759689333350233E9,42.412272,-71.4655296,2545.2460629921234,67.98318711287786,115.21654948695203,0.5,-0.11,1.8,2.7
1.759689334550288E9,42.4125056,-71.4647296,2546.8832020997347,67.67933477654947,115.10856384554246,-0.35000000000000003,0.27,1.8,2.7
1.75968933535035E9,42.4126784,-71.4642048,2543.599081364827,67.24988714799422,115.10878706080776,0.03,0.29,1.8,2.7
1.759689336550315E9,42.4129152,-71.4634112,2541.95866141732,66.90304719873686,115.10799431639707,1.83,0.63,1.8,2.7
1.759689337350268E9,42.4130816,-71.4628672,2548.5170603674514,66.80140948635182,115.17417542182675,1.86,0.39,1.8,2.7
1.759689338550302E9,42.413344,-71.46208,2543.5925196850367,66.67326528293786,115.26379745252983,1.27,0.76,1.8,2.7
1.7596893393514462E9,42.4135104,-71.4615552,2541.9520997375303,66.57042031002224,115.22615967276515,0.87,0.38,1.8,2.7
1.7596893405502849E9,42.413776,-71.460768,2546.8700787401544,66.21331862871187,115.13684964991275,1.3900000000000001,0.85,1.8,2.7
1.759689341350126E9,42.4139488,-71.4602432,2545.229658792648,66.27141417590624,115.06424047374496,3.47,0.99,1.8,2.7
1.7596893425502539E9,42.414192,-71.4594496,2538.664698162727,66.52304852642673,115.05557079611539,3.86,1.25,1.8,2.6
1.7596893433612142E9,42.4143168,-71.4590592,2541.94553805774,66.68704173201557,115.08251854564567,2.2600000000000002,0.61,1.8,2.6
1.759689344150645E9,42.4145312,-71.4584,2546.8635170603648,66.80395088264703,115.08739417779458,0.68,0.08,1.8,2.6
1.759689345361402E9,42.4147808,-71.4576064,2548.5006561679766,66.21169153736928,115.56315544402186,-0.58,-0.76,1.8,2.6
1.7596893463502998E9,42.4149984,-71.4569408,2553.4219160104963,65.9838550864455,115.9159601037238,-0.06,0.04,1.8,2.6
1.7596893475502582E9,42.415264,-71.4561408,2556.699475065614,65.32549594274734,115.94262477556259,-0.2,0.15,1.8,2.7
1.759689348350256E9,42.4154464,-71.4556224,2550.134514435693,65.34109151947129,115.77840973824496,0.88,1.1400000000000001,1.8,2.7
1.75968934955023E9,42.4157152,-71.4548352,2559.9770341207322,64.95159069476324,115.28530181349863,-0.1,1.61,1.8,2.7
1.75968935035537E9,42.4159008,-71.4542976,2564.895013123357,64.83191830412153,114.81830498534546,0.8300000000000001,2.36,1.8,2.7
1.759689351550291E9,42.4161728,-71.4535296,2576.3746719160076,64.65800497711817,114.03646992517871,-0.06,2.09,1.8,2.7
1.7596893523554401E9,42.4163552,-71.4530112,2591.1384514435667,64.36817930535886,113.68653727313212,-0.14,1.9100000000000001,1.8,2.7
1.75968935295533E9,42.4164896,-71.4526336,2587.854330708659,64.16333872977691,113.51546044630366,0.38,1.92,1.8,2.7
1.759689353559921E9,42.4166272,-71.4522496,2599.3372703412047,63.970612968955024,113.44170024649665,0.23,1.76,1.8,2.7
1.759689354950231E9,42.4169632,-71.4513728,2600.9744094488165,63.43935212598075,113.11509682659762,-0.35000000000000003,1.5,1.8,2.6
1.7596893555502849E9,42.4170944,-71.4509888,2609.176509186349,63.091416095694385,113.09104985048657,-2.23,0.99,1.8,2.7
1.759689356950288E9,42.4174336,-71.450112,2610.8136482939603,62.14370940337888,113.0307880114649,-2.45,0.85,1.8,2.7
1.7596893575504432E9,42.417584,-71.449728,2617.3753280839865,61.73795578874517,113.01688059916906,-2.31,0.9500000000000001,1.8,2.7
1.759689359150239E9,42.417984,-71.448736,2619.0124671915983,60.635289708880464,113.37211819869573,1.94,0.99,1.8,2.7
1.759689359750256E9,42.418144,-71.4483712,2622.2900262467165,60.73097015609489,113.51096668101273,4.91,0.99,1.8,2.7
1.759689360550154E9,42.4183424,-71.4478784,2619.009186351703,61.14976141935392,113.8054281874366,8.36,1.2,1.8,2.7
1.759689361950338E9,42.4186976,-71.447008,2619.005905511808,62.78586838366971,114.3394725616097,14.280000000000001,0.77,1.8,2.7
1.759689362549891E9,42.4188416,-71.4466176,2617.3622047244066,64.2638179685098,114.77880270670737,17.69,0.98,1.8,2.7
1.759689363950406E9,42.4191488,-71.4457088,2612.437664041992,67.57626366095054,115.3199976347196,16.64,0.36,1.8,2.7
1.7596893645502582E9,42.4192704,-71.4452992,2618.999343832018,69.48459167936076,115.47944778641231,14.68,0.09,1.8,2.7
1.759689365950263E9,42.4195104,-71.4443328,2615.71522309711,72.55859048551662,115.56822985719788,11.09,-0.09,1.8,2.7
1.759689366550236E9,42.4196064,-71.4439168,2623.9173228346426,73.61100368726729,115.53230037340968,10.19,-0.07,1.8,2.7
1.759689367950187E9,42.4197984,-71.4429568,2618.9927821522283,75.8817112447692,115.2323031473798,12.21,0.41000000000000003,1.8,2.7
1.759689368550181E9,42.419872,-71.4425216,2625.5544619422544,77.00828462747654,115.08630087218782,12.67,0.3,1.8,2.7
1.759689369950218E9,42.420016,-71.4415424,2627.191601049866,79.98189070732474,114.6465242391997,13.89,0.85,1.8,2.7
1.7596893705502172E9,42.4200672,-71.4411136,2635.3937007873988,81.25976108281098,114.36260284563708,14.41,0.93,1.8,2.7
1.759689371950258E9,42.4201504,-71.4401152,2637.0308398950106,84.42875310414578,113.7272844464503,15.22,1.1500000000000001,1.8,2.7
1.7596893725502381E9,42.4201824,-71.4396992,2638.671259842517,85.91298446558194,113.45915736195111,14.780000000000001,0.88,1.8,2.7
1.759689373950207E9,42.420208,-71.4387072,2638.667979002622,89.51495747609431,112.51375077349431,15.67,1.03,1.8,2.7
1.759689374549907E9,42.4202016,-71.4382848,2637.027559055115,90.9128447704592,112.25182717720895,14.280000000000001,0.71,1.8,2.7
1.7596893759502292E9,42.4201664,-71.4372992,2640.3083989501283,93.8835723667625,111.93088849349884,11.31,-1.37,1.8,2.7
1.759689376550436E9,42.4201504,-71.4368896,2640.3083989501283,94.95464620832857,111.85857804617268,9.77,-1.7,1.8,2.7
1.7596893779502091E9,42.4200672,-71.4359232,2638.664698162727,96.53168320831189,111.75780544078616,7.21,-2.52,1.8,2.7
1.759689378550422E9,42.4200288,-71.4355008,2640.3051181102333,97.12748631396097,111.8578990753419,5.68,-2.95,1.8,2.7
1.759689379950264E9,42.4199296,-71.4345344,2632.1030183727007,98.23109858028035,112.28628759214355,7.55,-3.47,1.8,2.7
1.7596893807502E9,42.4198688,-71.4339648,2625.5380577427795,99.1425366413757,112.79579537477058,8.5,-3.95,1.8,2.7
1.759689382150138E9,42.4197344,-71.4329984,2612.414698162727,100.36256902598468,113.90101386448111,5.72,-4.6000000000000005,1.8,2.7
1.759689382750198E9,42.4196736,-71.4325696,2612.414698162727,100.79614270958092,114.35894196375897,5.8100000000000005,-5.07,1.8,2.7
1.7596893841505342E9,42.4195296,-71.4315904,2594.370078740155,101.92000336600161,115.28724210573948,5.14,-5.24,1.8,2.7
1.7596893847501578E9,42.4194592,-71.431168,2592.729658792648,102.24961925690077,115.52878775883852,4.65,-4.98,1.8,2.7
1.759689386150202E9,42.4192928,-71.4301824,2577.9625984251943,103.4451527387916,115.62021341141482,7.49,-4.0200000000000005,1.8,2.7
1.75968938675021E9,42.4192192,-71.4297664,2574.681758530181,103.82346629004546,115.52528157894407,7.2700000000000005,-4.03,1.8,2.7
1.759689388155112E9,42.4190208,-71.4287872,2563.198818897635,105.74997949883573,115.08093433114215,10.97,-3.1,1.8,2.7
1.759689388749888E9,42.4189312,-71.4283648,2558.2775590551155,106.67788531040199,114.87337615513853,11.89,-2.74,1.8,2.7
1.759689390154536E9,42.418704,-71.4274112,2548.435039370076,109.32867816240494,114.28618736564867,11.55,-3.13,1.8,2.7
1.759689390750139E9,42.4185984,-71.4270272,2536.9520997375303,110.31702828437069,113.98339612691005,10.700000000000001,-3.41,1.8,2.7
1.759689392150332E9,42.4183232,-71.4260864,2525.465879265089,112.83793662262582,113.53778849315967,13.06,-3.36,1.8,2.7
1.7596893927500849E9,42.4181984,-71.425696,2528.746719160102,114.16007705036841,113.3192267402863,14.6,-2.85,1.8,2.7
1.759689394149297E9,42.417872,-71.4248064,2520.544619422569,117.52276061393998,112.86137546769628,13.52,-3.08,1.8,2.7
1.759689395356219E9,42.4175744,-71.424064,2515.6233595800495,120.03422036924243,112.19928657580012,12.3,-0.92,1.8,2.7
1.7596893963500671E9,42.4173088,-71.4234688,2509.0616797900234,121.9395528688325,111.18721156661503,10.05,0.15,1.8,2.7
1.759689396950155E9,42.417136,-71.4231168,2509.0616797900234,123.15026970940984,110.44475198284114,9.53,-0.08,1.8,2.7
1.759689398350143E9,42.4167392,-71.4223296,2517.2670603674514,125.52329571985547,108.02594616198043,9.08,2.4,1.8,2.7
1.759689399150097E9,42.4164992,-71.4219072,2525.4691601049844,126.91177286551255,106.38663735128277,8.97,2.49,1.8,2.7
1.759689400363513E9,42.416144,-71.42128,2536.9520997375303,128.8422462904464,103.92117885157434,10.040000000000001,2.6,1.8,2.7
1.7596894011500912E9,42.4158944,-71.4208704,2550.0754593175825,130.37697685216216,102.32121176647283,9.83,3.35,1.8,2.7
1.7596894023633308E9,42.4155264,-71.42032,2553.356299212596,132.21687022408523,100.20969888400356,9.56,1.6,1.8,2.6
1.75968940315541E9,42.4152768,-71.4199552,2561.558398950129,133.48232288696911,99.12288236786438,9.75,1.19,1.8,2.6
1.759689404361133E9,42.4148864,-71.4194304,2566.482939632543,135.32988358412692,97.88016756401795,8.94,0.3,1.8,2.6
1.75968940515055E9,42.414624,-71.4190848,2576.3254593175825,136.52406820092702,97.15693731671988,9.18,0.19,1.8,2.6
1.759689406361058E9,42.4142304,-71.418592,2568.12335958005,138.27422176348543,96.26257060694383,8.08,-1.25,1.8,2.6
1.759689407150093E9,42.4139584,-71.4182912,2569.7637795275564,139.52111047695627,95.72980209867553,8.61,-0.9,1.8,2.6
1.7596894083611422E9,42.4135488,-71.417824,2563.2020997375303,140.99816967145037,95.10038408790446,6.66,-1.69,1.8,2.6
1.7596894091501222E9,42.4132768,-71.4175424,2566.486220472438,141.7826852031579,94.7341860723937,5.71,-2.15,1.8,2.6
1.759689410360886E9,42.4128576,-71.4171136,2564.8458005249317,143.0757846205914,94.31926472840983,6.5200000000000005,-1.78,1.8,2.6
1.759689411150086E9,42.4125792,-71.4168256,2566.486220472438,143.70543218068082,94.0829287643348,6.74,-1.54,1.8,2.6
1.759689412361167E9,42.4121504,-71.4164288,2558.2874015748002,144.9157177099588,93.94885979576772,5.66,-2.29,1.8,2.6
1.759689413150609E9,42.4118688,-71.41616,2553.3661417322805,145.72201774208264,94.04999642177653,4.96,-3.19,1.8,2.6
1.759689414361079E9,42.4114304,-71.4157632,2553.3661417322805,146.45068393443333,94.36880526816867,4.8,-3.47,1.8,2.6
1.7596894151507192E9,42.4111328,-71.4155072,2548.4481627296564,147.02952648689936,94.44066380772743,5.65,-2.34,1.8,2.6
1.759689416361086E9,42.4106912,-71.4151296,2540.2460629921234,148.7882986032647,94.75367018660081,12.39,-1.96,1.8,2.6
1.759689417350065E9,42.4103136,-71.4148352,2540.2460629921234,150.9043596182995,94.89989749757895,11.9,-2.75,1.8,2.6
1.759689418550004E9,42.40984,-71.4145024,2525.4855643044593,153.56600024011325,95.0162341482435,10.07,-2.48,1.8,2.6
1.759689419350189E9,42.4095232,-71.4142976,2520.5643044619396,154.93287872741237,95.10933926603978,8.85,-2.58,1.8,2.6
1.759689420550058E9,42.40904,-71.4140032,2514.0059055118086,156.99112991717712,95.58253182699109,10.42,-2.41,1.8,2.6
1.75968942135011E9,42.4087104,-71.413824,2510.7250656167953,158.26536878121195,96.00896669417105,9.92,-2.31,1.8,2.6
1.7596894225501099E9,42.408208,-71.413568,2502.5229658792623,160.50568968088578,96.75149846469468,10.51,-2.54,1.8,2.6
1.759689423350124E9,42.4078592,-71.4134208,2497.6049868766377,161.86267005860273,97.03747235819424,9.540000000000001,-2.1,1.8,2.6
1.759689424550126E9,42.4073536,-71.4132224,2482.8412073490786,164.02946127761408,97.35364143102966,10.97,-1.6400000000000001,1.8,2.6
1.759689425350024E9,42.4069984,-71.413088,2484.48490813648,165.57290164818863,97.44658582422024,10.85,-1.07,1.8,2.6
1.7596894259500809E9,42.406736,-71.4130048,2476.2828083989475,166.80522259979696,97.59156393195896,11.3,-1.02,1.8,2.6
1.759689427350158E9,42.4061152,-71.4128256,2473.0052493438297,169.76051534183168,97.54053600804599,11.78,-0.68,1.8,2.6
1.759689427950732E9,42.4058528,-71.4127552,2481.2073490813623,171.11052258693465,97.488500783935,11.14,-0.74,1.8,2.6
1.7596894293501348E9,42.4052224,-71.4126528,2471.368110236218,173.83503957978024,97.56205843812023,10.48,-0.47000000000000003,1.8,2.6
1.759689429950002E9,42.4049504,-71.4126208,2469.7276902887115,175.0960323331187,97.5493155948371,9.14,-0.41000000000000003,1.8,2.6
1.759689431349977E9,42.4043136,-71.4125696,2473.0118110236194,177.13017533260862,97.45050981679235,6.92,-0.15,1.8,2.6
1.759689431950077E9,42.404048,-71.4125376,2479.5734908136455,177.82424218269756,97.28179640031094,7.0600000000000005,0.41000000000000003,1.8,2.6
1.759689433350173E9,42.4034112,-71.4125376,2477.936351706034,179.62018219613933,96.7667048907792,6.83,0.86,1.8,2.6
1.759689433950057E9,42.4031456,-71.4125312,2481.220472440942,180.25408161389123,96.43507336106263,6.7,1.41,1.8,2.6
1.759689435349989E9,42.402528,-71.4125568,2486.141732283462,182.21244141354924,95.6695882254359,8.93,1.8800000000000001,1.8,2.6
1.759689435950129E9,42.4022688,-71.4125824,2487.7854330708637,183.2135186531057,95.35944960053897,8.55,1.77,1.8,2.6
1.759689437350059E9,42.4016448,-71.4126336,2489.4291338582652,185.18484036925688,94.64427113692058,7.73,1.73,1.8,2.6
1.759689437950192E9,42.4013856,-71.4126592,2494.350393700785,186.09620372403236,94.26525293982594,9.040000000000001,2.2600000000000002,1.8,2.6
1.75968943935002E9,42.400784,-71.4127744,2499.2749343831993,188.3693528806183,93.48369127342718,9.89,2.47,1.8,2.6
1.759689439949878E9,42.4005248,-71.4128256,2500.915354330706,189.44266131403612,93.12794833029271,10.07,2.2600000000000002,1.8,2.6
1.7596894413616428E9,42.399936,-71.4129792,2507.4803149606273,192.1065779515118,92.12672907892959,10.31,2.2,1.8,2.6
1.7596894421498442E9,42.3996,-71.4130752,2509.1207349081337,193.6796047630189,91.64723995508677,10.540000000000001,1.98,1.8,2.6
1.759689443362483E9,42.3991136,-71.413248,2514.0452755905485,196.17403981672442,90.99690624066689,10.91,2.05,1.8,2.6
1.759689444155376E9,42.3987968,-71.4133888,2509.127296587924,197.85944385563255,90.57411348892686,11.23,2.2,1.8,2.6
1.759689445361059E9,42.3983168,-71.4136192,2514.0485564304436,200.40799068857106,89.80523886993376,11.61,2.02,1.8,2.6
1.7596894461503081E9,42.3980096,-71.4137792,2510.7709973753254,202.13001369029203,89.37226433948544,11.790000000000001,1.6600000000000001,1.8,2.6
1.759689446750029E9,42.397776,-71.41392,2514.0518372703386,203.39544862756816,89.1453992085305,11.52,1.1500000000000001,1.8,2.6
1.759689448150537E9,42.3972512,-71.4142464,2518.9763779527534,206.37970129683862,88.6791528637273,9.83,0.8,1.8,2.6
1.759689448750148E9,42.3970368,-71.4144,2517.3392388451416,207.5934994348093,88.63211494862466,10.26,0.42,1.8,2.6
1.759689450149925E9,42.3965344,-71.4147776,2514.0583989501283,210.09893956443787,88.56892087298633,9.68,0.36,1.8,2.6
1.7596894507500582E9,42.3963232,-71.4149504,2510.78083989501,211.2096041223486,88.56964825788852,10.38,0.0,1.8,2.6
1.759689452149982E9,42.3958432,-71.4153792,2500.941601049866,213.88478480357855,88.83760631672769,8.88,-0.68,1.8,2.6
1.759689452749989E9,42.3956416,-71.4155648,2507.5032808398923,214.90177939480677,88.97559747170311,8.22,-0.78,1.8,2.6
1.759689454150039E9,42.3951744,-71.416032,2494.3832020997347,216.98216878793662,89.28094882919723,8.84,-0.55,1.8,2.6
1.759689454750091E9,42.3949728,-71.4162304,2492.7427821522283,217.9296551798424,89.33493513725669,9.34,-0.27,1.8,2.6
1.759689456150424E9,42.394528,-71.4167168,2489.46522309711,220.14946582536498,89.56742052988746,8.02,-0.49,1.8,2.6
1.7596894567500339E9,42.3943392,-71.4169408,2486.1843832020973,221.0139821985242,89.57328425433148,8.06,-0.42,1.8,2.6
1.759689458150403E9,42.3939136,-71.4174656,2481.266404199472,223.14842948304315,89.76084747060754,9.08,-0.19,1.8,2.6
1.759689458750109E9,42.3937312,-71.4177024,2479.6292650918613,224.1237180765251,89.87568851771522,9.3,-0.19,1.8,2.6
1.7596894601498919E9,42.3933248,-71.4182592,2473.0675853018347,226.44148374535658,90.15486410598047,10.4,-0.46,1.8,2.6
1.759689460750114E9,42.3931488,-71.4185152,2463.2283464566904,227.6607722963592,90.30616363169028,10.85,-0.3,1.8,2.6
1.759689462150117E9,42.3927712,-71.4191104,2453.389107611546,230.32984989005465,90.55910643781166,11.09,-0.29,1.8,2.6
1.759689462951118E9,42.3925568,-71.4194624,2455.0295275590524,232.0948232206249,90.586277513861,12.22,-0.08,1.8,2.6
1.759689464349899E9,42.3922112,-71.4201152,2445.190288713908,235.57545502932953,90.84471282265223,12.94,0.18,1.8,2.6
1.759689464949944E9,42.3920736,-71.4203968,2440.2690288713884,237.05116589258978,90.85024248360463,12.55,0.09,1.8,2.6
1.759689466350846E9,42.3917696,-71.4210688,2435.3510498687638,240.24752784731083,90.99273923847154,10.43,-0.37,1.8,2.6
1.759689466949953E9,42.391648,-71.421376,2430.429790026244,241.55348747750452,91.08363290847069,9.24,-0.49,1.8,2.6
1.759689467550016E9,42.3915296,-71.4216704,2436.99146981627,242.55505801679084,91.14090043350004,7.930000000000001,-0.39,1.8,2.6
1.759689468949928E9,42.3912736,-71.4224,2425.5118110236194,244.28719278281585,91.17501201898781,7.6000000000000005,-0.67,1.8,2.6
1.75968946954994E9,42.3911584,-71.4227008,2432.073490813646,244.9639297472068,91.22348492733919,7.08,-0.48,1.8,2.6
1.759689470949945E9,42.3909248,-71.4234368,2438.638451443567,246.91689267706386,91.1767629528817,7.23,1.45,1.8,2.6
1.7596894715500069E9,42.3908224,-71.4237504,2445.2001312335933,247.69292592748056,91.20803787808062,5.07,1.12,1.8,2.6
1.7596894729499412E9,42.3906112,-71.4244928,2453.405511811021,248.64870879150152,90.97627698705594,2.14,1.71,1.8,2.6
1.759689473549664E9,42.3905184,-71.4248192,2455.045931758528,248.93871662024728,90.81861343704715,2.98,2.13,1.8,2.6
1.759689474949977E9,42.3903136,-71.4255616,2469.8129921259815,249.29968046617228,90.35124897953692,5.69,2.69,1.8,2.6
1.7596894755499601E9,42.390224,-71.4258752,2471.453412073488,249.91777322814917,90.23801811751984,7.42,2.66,1.8,2.6
1.759689476949823E9,42.3900288,-71.4266048,2478.018372703409,251.76875471744495,89.90623927057733,10.52,3.2600000000000002,1.8,2.6
1.7596894783499E9,42.3898496,-71.4273664,2479.662073490811,254.79941752596363,89.55656740838013,12.32,3.48,1.8,2.6
1.759689478949874E9,42.3897888,-71.4276864,2482.9429133858243,256.2234215459343,89.46356266774218,12.57,3.33,1.8,2.6
1.7596894803498368E9,42.3896832,-71.4284544,2486.2237532808376,259.99926127977193,89.09895306763158,14.86,3.36,1.8,2.6
1.759689480949888E9,42.3896384,-71.4287744,2496.0695538057716,261.8008815442821,89.00480151790784,15.15,3.5100000000000002,1.8,2.6
1.7596894823500152E9,42.3895744,-71.4295552,2500.9908136482914,266.04016860184106,88.94884770076258,15.36,2.56,1.8,2.6
1.7596894829499269E9,42.3895712,-71.4298944,2499.350393700785,267.9603961474575,89.02616348634587,15.99,2.54,1.8,2.6
1.759689483749933E9,42.3895616,-71.4303424,2500.9908136482914,270.29977897545893,89.16536721276776,14.97,2.09,1.8,2.6
1.759689485349925E9,42.3895936,-71.4312256,2509.196194225719,275.15045498345523,89.42802928516663,13.68,1.8900000000000001,1.8,2.6
1.7596894859499059E9,42.3896224,-71.4315648,2505.915354330706,276.6052255779725,89.564264927928,11.52,1.2,1.8,2.6
1.759689487349876E9,42.389712,-71.432352,2507.5557742782125,279.7777795853997,89.96560238038339,10.81,1.11,1.8,2.6
1.759689487949981E9,42.3897568,-71.432672,2507.5557742782125,280.8785257048879,90.12278976687523,10.3,1.26,1.8,2.6
1.7596894893499398E9,42.3898816,-71.4334464,2509.199475065614,283.7490489834193,90.29353293822685,9.77,1.2,1.8,2.6
1.759689489949938E9,42.3899456,-71.4337792,2514.1207349081337,284.79249068533966,90.37098817462517,10.02,1.52,1.8,2.6
1.75968949134987E9,42.3901152,-71.4345408,2515.76115485564,287.3694292906557,90.57291201510685,9.75,1.01,1.8,2.6
1.759689491950835E9,42.3901984,-71.4348608,2515.76115485564,288.4427103752334,90.75395457890971,9.1,0.62,1.8,2.6
1.759689493349772E9,42.3903936,-71.4356096,2515.76115485564,290.5203851343695,91.38614977770729,9.02,-0.31,1.8,2.6
1.75968949394982E9,42.3904768,-71.4359296,2514.1207349081337,291.74728454345336,91.70626511326728,9.41,-0.23,1.8,2.6
1.759689495349852E9,42.3907264,-71.4366656,2515.76115485564,293.9979117770209,92.57919319485472,7.8,-0.85,1.8,2.6
1.7596894959498239E9,42.3908224,-71.4369792,2519.0419947506534,295.00531009052173,92.93798804458592,8.370000000000001,-0.78,1.8,2.6
1.759689497349864E9,42.3910976,-71.4377216,2509.199475065614,297.32301384790236,93.97233873881251,10.8,-0.56,1.8,2.6
1.759689497949851E9,42.3912192,-71.4380352,2507.5590551181076,298.58033867408886,94.43110103368684,11.6,-0.53,1.8,2.6
1.7596894993498778E9,42.3915328,-71.438752,2504.2782152230943,301.75005721185886,95.71189054973733,11.73,-0.72,1.8,2.6
1.759689499949844E9,42.3916704,-71.4390464,2507.5590551181076,302.9344424523534,96.06972891329917,11.72,-0.52,1.8,2.6
1.759689501349664E9,42.3920352,-71.4397504,2497.716535433068,306.0687226745971,97.03454021552469,11.97,-0.12,1.8,2.6
1.759689502549808E9,42.3923616,-71.4403136,2500.9973753280815,308.88793507452783,97.59487037672099,13.4,0.38,1.7,2.5
1.7596895033498158E9,42.3926016,-71.4406976,2492.7952755905485,310.7888617311116,97.8954302559235,12.16,0.42,1.7,2.5
1.759689503949786E9,42.3927808,-71.4409728,2497.716535433068,312.40800138003124,98.171415684425,12.33,0.7000000000000001,1.7,2.5
1.759689505349875E9,42.3932352,-71.4416,2496.0728346456667,315.67215428633403,98.42137489494472,10.71,0.37,1.7,2.5
1.759689505949798E9,42.3934304,-71.4418432,2496.0728346456667,316.9032922802061,98.49643211629848,11.11,0.9,1.7,2.5
1.759689507349714E9,42.3939168,-71.4424128,2497.713254593173,319.9349062780407,98.90494134899323,11.32,0.25,1.7,2.5
1.759689507949707E9,42.394128,-71.442656,2497.713254593173,321.11889224498464,99.0337928807811,10.41,0.37,1.7,2.5
1.759689508549808E9,42.3943456,-71.44288,2502.6312335957978,322.3834146767549,99.0433995820375,9.68,0.61,1.7,2.5
1.759689510149729E9,42.3949408,-71.4434688,2507.5524934383175,325.1883398119045,99.153386750668,8.41,0.84,1.7,2.5
1.759689510749706E9,42.3951648,-71.4436864,2502.6312335957978,326.19462428909077,99.1184165481176,9.28,1.34,1.7,2.5
1.75968951215011E9,42.3957088,-71.4441472,2520.672572178475,328.8185656299614,99.15393740888479,11.81,1.77,1.7,2.5
1.759689512749764E9,42.3959456,-71.4443328,2522.312992125982,330.0131310736229,99.33100882158735,11.870000000000001,1.47,1.7,2.5
1.7596895133607311E9,42.3961856,-71.4445056,2530.5150918635145,331.3064395751827,99.47465354621264,13.09,1.1,1.7,2.5
1.759689514749712E9,42.3967712,-71.4449024,2527.230971128606,334.7460757608728,99.9189957037039,12.9,0.89,1.7,2.5
1.759689516150145E9,42.3973664,-71.4452544,2533.7926509186323,338.2850622126847,100.45246869297922,14.41,1.01,1.7,2.5
1.759689516749761E9,42.3976256,-71.4453824,2540.3510498687638,339.90350212714316,100.6990716280457,15.44,0.93,1.7,2.5
1.7596895173605719E9,42.397888,-71.4455104,2541.99146981627,341.5162235219162,100.98255848879458,15.97,0.62,1.7,2.5
1.7596895181496391E9,42.3982432,-71.4456576,2545.2723097112835,343.88283480185345,101.5327568818226,17.35,0.08,1.7,2.5
1.759689518750249E9,42.3985216,-71.4457728,2541.988188976375,345.8763347058916,101.96565740669247,18.34,0.02,1.7,2.5
1.7596895201500921E9,42.3991712,-71.4459392,2540.3477690288687,350.7119312469712,102.97424955859537,20.32,-0.44,1.7,2.5
1.7596895207497149E9,42.3994624,-71.4459904,2541.9849081364805,353.05799395858475,103.41254513721351,21.92,-0.1,1.7,2.5
1.759689522150032E9,42.400128,-71.4460352,2548.5433070866115,358.76710861050464,104.79747899751277,22.76,-1.53,1.7,2.5
1.7596895227496948E9,42.400432,-71.4460608,2533.7795275590524,1.3943481086577414,105.44590975298061,23.48,-1.73,1.7,2.5
1.759689524150162E9,42.4011104,-71.4459712,2533.7762467191574,7.527910003642897,106.97818304223235,25.060000000000002,-1.78,1.7,2.5
1.75968952474985E9,42.401408,-71.4459008,2538.697506561677,10.298375085409797,107.75317038024251,25.01,-2.33,1.7,2.5
1.7596895261554651E9,42.4020992,-71.4456704,2525.5708661417298,16.89093619620153,110.1876697826345,20.38,-5.5600000000000005,1.7,2.5
1.759689526749755E9,42.4023872,-71.4455488,2520.646325459315,19.26829473381719,111.15523018605603,17.75,-4.64,1.7,2.5
1.759689528152508E9,42.4030656,-71.445184,2507.5196850393677,23.60380940551858,112.23917826799118,11.13,-1.69,1.7,2.5
1.759689529360677E9,42.403632,-71.4448192,2514.0780839894987,25.975308157099054,112.3299713859506,8.15,-0.6,1.7,2.5
1.759689530153223E9,42.4040064,-71.4445632,2514.0780839894987,27.329186551127293,112.11666339842229,11.78,0.4,1.7,2.5
1.759689531360693E9,42.4045536,-71.4441536,2528.838582677163,30.049913620987454,111.40861287698215,12.05,1.94,1.7,2.5
1.759689532150042E9,42.4049024,-71.443872,2538.677821522307,32.27699103518897,110.40333919449374,12.85,3.33,1.7,2.5
1.759689533360548E9,42.4054112,-71.4434048,2561.6404199475037,35.517431513498806,108.71063056196566,12.99,4.51,1.7,2.5
1.7596895341496391E9,42.4057248,-71.443072,2582.9658792650894,37.62162086458889,107.56606116141053,13.370000000000001,5.47,1.7,2.5
1.75968953514957E9,42.4061088,-71.4426432,2602.647637795273,40.32379135219012,106.21798806646154,17.05,4.93,1.7,2.5
1.7596895363609982E9,42.4065472,-71.4421184,2609.2060367454037,43.79670394629767,105.37909431462046,19.150000000000002,3.08,1.7,2.5
1.759689537150048E9,42.4068224,-71.441728,2620.68897637795,46.39243555152266,105.208237362894,17.47,1.62,1.7,2.5
1.759689538360406E9,42.4072064,-71.4411328,2632.1686351706007,50.31506569129937,105.20340850900809,11.43,0.22,1.7,2.5
1.75968953914996E9,42.4074432,-71.4407168,2635.446194225719,52.074840044163714,105.12538883585884,8.120000000000001,0.13,1.7,2.5
1.759689540360594E9,42.4078016,-71.440096,2635.442913385824,53.9796531316707,104.88193935592008,3.5100000000000002,0.14,1.7,2.5
1.759689541349516E9,42.4080768,-71.4395584,2642.0045931758505,55.04024780987162,104.62141784870511,0.96,-0.25,1.7,2.5
1.759689542549609E9,42.4084064,-71.438912,2650.203412073488,55.479359081832726,104.13763294848609,1.7,-1.2,1.7,2.5
1.7596895433497438E9,42.408624,-71.4384768,2643.641732283462,55.866318851211396,103.75241331185974,3.71,-0.96,1.7,2.5
1.759689544549715E9,42.4089408,-71.4378368,2641.99803149606,56.45398944439679,102.92476689351989,4.08,-1.26,1.7,2.5
1.759689545349628E9,42.4091424,-71.4374016,2638.713910761152,57.12429513385272,102.417226026556,5.19,-1.71,1.7,2.5
1.7596895465495481E9,42.4094464,-71.4367552,2635.4330708661387,58.02477185213378,101.78934386873681,2.97,-1.35,1.7,2.5
1.7596895473495932E9,42.4096416,-71.43632,2633.789370078737,58.304623069671436,101.29835993992961,2.17,-1.6,1.7,2.5
1.7596895485496001E9,42.409936,-71.4356736,2625.5839895013096,58.25484788950967,100.71274220565344,0.9400000000000001,-2.16,1.7,2.5
1.7596895493495479E9,42.4101376,-71.4352512,2623.943569553803,58.46155417803006,100.37505892785113,2.2600000000000002,-2.08,1.7,2.5
1.759689550549501E9,42.4104224,-71.4346112,2617.378608923882,58.64068472032601,99.95568367195187,-0.31,-2.34,1.7,2.5
1.759689551349567E9,42.4106176,-71.4341824,2609.176509186349,58.75467987387638,99.72114911160799,2.27,-2.0100000000000002,1.7,2.5
1.759689552549537E9,42.4108992,-71.4335488,2597.6902887139076,59.02473675108163,99.5966013812024,4.01,-2.3000000000000003,1.7,2.5
1.759689553349148E9,42.4110944,-71.43312,2589.488188976375,59.225856085822855,99.72715843891295,2.54,-3.21,1.7,2.5
1.7596895545495691E9,42.4113728,-71.4324736,2576.361548556428,59.93141717813755,100.28890725250895,2.87,-3.45,1.7,2.5
1.759689555349438E9,42.4115552,-71.4320192,2577.998687664039,59.9077176922448,100.60500255344914,0.98,-3.18,1.7,2.5
1.759689556549614E9,42.4118304,-71.4313664,2569.7965879265066,59.76501359737058,100.9082252632374,2.0,-2.82,1.7,2.5
1.759689557349546E9,42.4120256,-71.4309376,2556.669947506559,60.18959259651734,101.1939248167886,3.25,-2.33,1.7,2.5
1.759689558549562E9,42.4122976,-71.4302656,2558.3070866141707,60.644044423113726,101.22994543054419,2.48,-2.52,1.7,2.5
1.759689559349479E9,42.4124832,-71.4298432,2548.4645669291313,61.02014434080865,101.30415262156227,1.9000000000000001,-3.11,1.7,2.5
1.759689559949514E9,42.4126272,-71.4295104,2545.1837270341184,61.168061953341336,101.53706069379996,-0.38,-4.13,1.7,2.5
1.759689561360542E9,42.412896,-71.4288384,2533.697506561677,61.1196558126273,102.42791720900534,2.3000000000000003,-4.79,1.7,2.5
1.759689562149924E9,42.4131328,-71.4282752,2522.211286089236,61.27150257932367,103.16544565646288,2.97,-4.61,1.7,2.5
1.7596895627495542E9,42.4132704,-71.4279296,2523.8517060367426,61.25564185258273,103.55800278441114,0.91,-4.93,1.7,2.5
1.759689564150079E9,42.4135936,-71.4271424,2512.3654855643017,61.24721733092931,104.29803896151667,-0.34,-3.5,1.7,2.5
1.759689564749473E9,42.413728,-71.4267968,2509.084645669289,61.236382103823075,104.46408559066415,0.08,-3.39,1.7,2.5
1.759689566149565E9,42.4140544,-71.4259968,2504.160104986874,61.17251830139434,105.26031348539108,-1.86,-3.93,1.7,2.5
1.759689566749439E9,42.4141984,-71.4256448,2497.598425196848,60.92383413340183,105.35767143047248,-3.44,-3.36,1.7,2.5
1.759689568149791E9,42.4145312,-71.4248448,2482.831364829394,59.88571871790754,105.45877331535708,-5.48,-3.2,1.7,2.5
1.759689569149477E9,42.4147744,-71.4242752,2477.906824146979,58.87496983784344,105.40759642216375,-5.6000000000000005,-2.6,1.7,2.5
1.759689569749465E9,42.4149312,-71.4239424,2477.906824146979,58.24908366663873,105.313773902784,-5.7,-2.31,1.7,2.5
1.759689571349457E9,42.4153472,-71.42304,2482.8248031496037,56.318777600206275,104.76825189356084,-7.37,-2.17,1.7,2.5
1.7596895719494128E9,42.4155168,-71.4227264,2471.338582677163,55.522157773727855,104.69727777279688,-6.8,-2.2600000000000002,1.7,2.5
1.759689573349482E9,42.4159104,-71.4219904,2468.0577427821495,53.970275021900484,104.46177064493132,-1.31,-1.36,1.7,2.5
1.7596895739494638E9,42.4160832,-71.421664,2472.9757217847746,53.60163556825553,104.39964763970855,2.04,-1.11,1.7,2.5
1.759689575349431E9,42.41648,-71.420928,2477.8937007873988,54.506985662286496,104.35626499272891,9.89,-0.46,1.7,2.5
1.7596895759494371E9,42.4166528,-71.420608,2472.972440944879,55.323754629057944,104.30927091366325,9.42,-0.79,1.7,2.5
1.759689577349516E9,42.4170304,-71.4198528,2464.7670603674514,57.83448748075173,103.95323034096063,11.1,0.34,1.7,2.5
1.759689577949482E9,42.417184,-71.41952,2463.1266404199446,59.00127896895059,103.79370393840432,11.32,-0.03,1.7,2.5
1.7596895793494282E9,42.4175104,-71.4187264,2459.8425196850367,61.45236934708807,103.2754351539922,6.5,-1.57,1.7,2.5
1.759689579949335E9,42.4176448,-71.4183872,2456.558398950129,62.30435320755756,103.0945940845053,3.97,-1.8,1.7,2.5
1.759689581349412E9,42.4179488,-71.4175872,2446.7158792650894,62.98354275332986,102.61697195458022,0.79,-1.98,1.7,2.5
1.7596895819493651E9,42.41808,-71.4172416,2445.072178477688,63.02135589995918,102.36435319604291,0.31,-1.31,1.7,2.5
1.7596895833496199E9,42.4183744,-71.4164416,2438.5072178477662,62.73965770979049,101.72588414409725,-0.73,-1.51,1.7,2.5
1.75968958394941E9,42.4184992,-71.4161088,2441.7880577427795,62.551657750321255,101.50443425330566,-1.02,-1.19,1.7,2.5
1.7596895853493428E9,42.4188032,-71.4153216,2443.425196850391,62.48472585535311,100.64559277889909,0.18,-0.11,1.7,2.5
1.759689586149893E9,42.418976,-71.4148864,2435.2230971128583,62.16280194757774,100.23918836935414,0.71,-0.49,1.7,2.5
1.759689587360423E9,42.4192416,-71.4142208,2423.7368766404174,62.2134223555723,99.90684659227044,3.5,-1.09,1.7,2.5
1.759689588149837E9,42.4194144,-71.4137792,2428.658136482937,62.60745051176635,99.92064257460443,5.2,-1.33,1.7,2.5
1.759689589360388E9,42.4196576,-71.4131072,2418.8123359580027,63.261024614468276,100.23232950186248,4.33,-2.56,1.7,2.5
1.75968959014944E9,42.4198336,-71.4126528,2407.329396325457,63.85605159577629,100.53884288690246,3.85,-2.61,1.7,2.5
1.759689591360386E9,42.4200768,-71.4119808,2390.9219160104963,64.3554221443639,101.19247790049545,3.09,-3.12,1.7,2.5
1.7596895921498132E9,42.4202336,-71.4115264,2374.514435695535,64.5724765790928,101.59063188561743,2.27,-3.0300000000000002,1.7,2.5
1.7596895933603559E9,42.42048,-71.4108288,2367.952755905509,64.8509934192388,102.36686875681127,1.36,-3.41,1.7,2.5
1.759689594149651E9,42.42064,-71.410368,2354.826115485562,64.76660581117702,102.8675910736795,0.43,-3.48,1.7,2.5
1.759689595360282E9,42.4208832,-71.4096768,2331.8602362204697,64.66407650126733,103.34170941127678,0.4,-2.48,1.7,2.5
1.759689596149776E9,42.4210464,-71.4092032,2328.576115485562,64.55099044359926,103.54620948155613,-0.12,-2.11,1.7,2.5
1.759689597360395E9,42.4213024,-71.4084928,2318.7335958005224,64.17402242426459,103.78730205453502,-0.44,-2.22,1.7,2.5
1.759689598149343E9,42.4214624,-71.4080256,2315.4494750656145,64.14445781119666,103.89964447152452,0.3,-1.8800000000000001,1.7,2.5
1.759689599360579E9,42.4217184,-71.407328,2308.8845144356933,64.0595321600124,103.67181648694617,2.9,-0.61,1.7,2.5
1.759689600149692E9,42.4218912,-71.4068608,2305.60367454068,64.49032874934332,103.36154501780788,4.61,0.38,1.7,2.5
1.759689601360383E9,42.422128,-71.4061568,2297.398293963252,65.37643521383639,102.63793424866738,6.88,0.89,1.7,2.5
1.759689602149174E9,42.4222816,-71.405696,2292.4770341207322,66.39874212833628,102.05484401141916,7.01,0.8,1.7,2.5
1.759689603360321E9,42.4225088,-71.404992,2290.8333333333308,67.6695265830688,101.24717934648876,2.71,-0.05,1.7,2.5
1.75968960415434E9,42.4226464,-71.4045248,2285.912073490811,67.91134460753445,100.80014539177662,-0.03,-1.06,1.7,2.5
1.759689605360242E9,42.4228512,-71.4038208,2287.549212598423,67.8783094503727,100.08934557651723,1.74,-0.46,1.7,2.5
1.75968960615359E9,42.422992,-71.40336,2285.9087926509164,67.75520093368966,99.8200485571024,3.17,-1.07,1.7,2.5
1.7596896075493279E9,42.423232,-71.4025472,2285.9055118110214,68.37342452052373,99.3663186931075,1.24,-0.76,1.7,2.5
1.7596896083493152E9,42.4233664,-71.4020928,2284.265091863515,68.25915685421045,99.02660632160722,-1.72,-1.2,1.7,2.5
1.759689609549189E9,42.423568,-71.4014144,2277.7001312335938,67.4243420742792,98.83704541047695,-2.06,-1.61,1.7,2.5
1.759689610349324E9,42.4237152,-71.4009536,2277.6968503936982,66.82944718495983,99.10176944703558,1.1400000000000001,-2.47,1.7,2.5
1.75968961154937E9,42.4239296,-71.4002624,2274.416010498685,66.40189237824467,99.93116224378429,2.39,-3.66,1.7,2.5
1.759689612349287E9,42.4240768,-71.3998016,2267.8510498687638,66.71277712861996,100.64862807978842,5.0,-3.72,1.7,2.5
1.759689613549387E9,42.424304,-71.3991168,2258.008530183725,67.5292920001478,101.66490658668702,6.08,-2.9,1.7,2.5
1.759689614349215E9,42.4244416,-71.3986496,2253.08398950131,68.02885567323523,102.35146805235854,4.29,-3.45,1.7,2.5
1.759689615549366E9,42.4246592,-71.3979264,2243.2414698162706,68.5554939902187,103.14713838739227,1.47,-2.69,1.7,2.5
1.759689616349318E9,42.4247968,-71.3974528,2241.597769028869,68.59136435406204,103.2053162752582,0.05,-1.46,1.7,2.5
1.759689617549415E9,42.425008,-71.3967296,2235.036089238843,68.63113233659155,102.80154227958315,1.53,0.03,1.7,2.5
1.759689618349376E9,42.4251392,-71.3962432,2239.9540682414677,68.63731245725744,102.29626377065888,-0.9500000000000001,0.2,1.7,2.5
1.759689619549447E9,42.4253536,-71.39552,2248.1561679790007,68.08232240337672,101.39106648604805,-2.5,0.52,1.7,2.5
1.759689620361505E9,42.4254944,-71.3950592,2244.872047244092,67.58372455659722,100.57365356800753,-1.85,1.12,1.7,2.5
1.759689621149689E9,42.4256416,-71.3945984,2246.5124671915987,67.23939952479041,99.83465891254441,-0.53,1.25,1.7,2.5
1.759689621749439E9,42.4257408,-71.3942592,2248.14960629921,66.95902146012916,99.2808007184324,-0.62,2.09,1.7,2.5
1.759689623149352E9,42.4259936,-71.3934656,2261.2729658792628,66.40386063485647,97.85088810932619,-0.54,1.82,1.7,2.5
1.759689623749414E9,42.4260992,-71.39312,2264.550524934381,66.29786534686671,97.29331598675627,-0.85,1.53,1.7,2.5
1.759689625349392E9,42.4263904,-71.3922432,2259.625984251966,65.29609561703035,96.0924674841231,-3.49,0.63,1.7,2.5
1.759689625949388E9,42.4265152,-71.3919232,2261.2664041994726,64.89042679664828,95.82928588366948,-4.18,0.8300000000000001,1.7,2.5
1.7596896273494391E9,42.4267808,-71.391168,2254.7014435695514,63.976736735834386,95.61139345138855,2.61,-0.15,1.7,2.5
1.759689627949245E9,42.4268928,-71.390848,2246.4993438320184,63.75233047951503,95.7302915352833,5.05,-0.6900000000000001,1.7,2.5
1.7596896293493462E9,42.4271712,-71.3900992,2230.091863517058,64.82595229896548,96.3309572606977,7.7,-0.33,1.7,2.5
1.7596896301493301E9,42.4273216,-71.3896512,2226.811023622045,65.83310103450069,96.81332459851808,7.61,-0.84,1.7,2.5
1.759689631360414E9,42.4275328,-71.3889856,2212.043963254591,66.98291926849315,97.48913448726539,6.86,-1.1,1.7,2.5
1.759689632154292E9,42.4276704,-71.3885376,2203.841863517058,67.60252960725752,97.84788766245346,4.5,-1.6400000000000001,1.7,2.5
1.759689632949378E9,42.427808,-71.3880768,2200.55774278215,68.185959169163,98.23965434699844,3.1,-1.96,1.7,2.5
1.759689634349327E9,42.4280512,-71.3872832,2190.7152230971105,68.57816609197563,98.62082711738032,0.73,-0.96,1.7,2.5
1.759689635149432E9,42.4281792,-71.3868224,2177.5885826771632,68.18811558241218,98.71973421318954,-2.19,-1.57,1.7,2.5
1.759689636360563E9,42.4283776,-71.3861312,2175.948162729657,67.7700146472915,98.44454519839537,-1.59,-1.04,1.7,2.5
1.759689637149489E9,42.428528,-71.3856832,2171.0236220472416,67.20090960084667,98.47115783070379,-1.78,-2.2600000000000002,1.7,2.5
1.759689638360271E9,42.4287392,-71.3850112,2161.181102362202,66.30867881753429,98.83485863540439,-1.42,-2.87,1.7,2.5
1.759689639152771E9,42.4288896,-71.3845504,2164.4586614173204,66.0020953104215,98.98376994378891,-0.91,-2.19,1.7,2.5
1.759689640360384E9,42.4291168,-71.383872,2162.818241469814,65.07309946459687,99.43796669503908,-2.77,-2.95,1.7,2.5
1.7596896411495209E9,42.4292704,-71.3834176,2167.7362204724386,64.32512236966738,99.60059621005914,-3.37,-2.77,1.7,2.5
1.7596896423603249E9,42.42952,-71.382752,2157.890419947504,63.14520020639074,99.70286125097421,-4.44,-2.13,1.7,2.5
1.759689643149047E9,42.4296864,-71.3823168,2152.969160104985,62.31066659334913,99.68600472458284,-3.49,-1.73,1.7,2.5
1.759689644361792E9,42.4299456,-71.3816576,2151.3254593175834,61.02255091062447,99.54640197494685,-3.46,-1.78,1.7,2.5
1.759689645149561E9,42.4301248,-71.381216,2157.8871391076095,60.28290184041858,99.44345358198495,-2.9,-1.26,1.7,2.5
1.759689646360276E9,42.4304096,-71.380576,2149.6817585301815,59.433990350035764,98.92558254634228,-1.8,-0.36,1.7,2.5
1.7596896471493468E9,42.4305952,-71.3801472,2144.7604986876618,58.88501646386188,98.5168348118498,-1.02,-0.19,1.7,2.5
1.759689648360299E9,42.43088,-71.3795264,2141.4763779527534,58.37613369456542,98.0929589028569,0.44,-1.53,1.7,2.5
1.7596896491497831E9,42.431072,-71.379104,2134.911417322832,58.29771512280368,97.76453731802494,0.78,-3.22,1.7,2.5
1.7596896503603702E9,42.4313696,-71.3784896,2120.1476377952736,57.935512937254195,97.87448687256973,0.73,-3.73,1.7,2.5
1.7596896511490679E9,42.4315616,-71.3780672,2108.6614173228327,57.849348699012346,98.33423589969996,1.33,-4.39,1.7,2.5
1.759689652361249E9,42.4318496,-71.37744,2084.055118110234,57.95408211207629,99.02420241848965,1.73,-4.64,1.7,2.5
1.759689653149743E9,42.4320448,-71.377024,2070.928477690287,57.782547196616754,99.64712245890095,1.3,-5.07,1.7,2.5
1.759689654365463E9,42.4323392,-71.3763968,2044.6784776902864,58.09331338609948,100.47695879134622,3.66,-4.76,1.7,2.5
1.759689655149297E9,42.4325408,-71.3759552,2034.835958005247,58.59078219385294,101.19315001902403,5.3500000000000005,-4.7700000000000005,1.7,2.5
1.759689656361007E9,42.4328352,-71.3753152,2006.9455380577406,59.270087222540475,102.10103275266215,5.07,-4.98,1.7,2.5
1.759689657154584E9,42.4330208,-71.3748608,1995.4625984251948,59.92845523751194,102.76270633803028,6.07,-5.05,1.7,2.5
1.759689658359992E9,42.4333088,-71.3741824,1969.2125984251948,61.057002109694984,103.71149972445237,6.16,-4.94,1.7,2.5
1.7596896591496859E9,42.4334912,-71.373728,1956.0859580052474,61.84658953381909,104.43600798574869,6.390000000000001,-5.41,1.7,2.5
1.7596896603602529E9,42.43376,-71.3730368,1924.9179790026228,63.212414478968235,105.1964422857668,8.02,-4.69,1.7,2.5
1.759689661154161E9,42.4339296,-71.3725504,1921.6338582677147,64.20508321292229,105.42250049306871,7.63,-4.13,1.7,2.5
1.759689662360321E9,42.434176,-71.37184,1903.5892388451425,65.52462636420306,105.61360954360552,4.49,-4.01,1.7,2.5
1.759689663149565E9,42.4343424,-71.37136,1888.822178477688,66.18951725818746,105.63935506679412,2.21,-4.05,1.7,2.5
1.75968966436029E9,42.4345728,-71.3706304,1875.6955380577408,66.61033195468974,105.61860388585151,1.71,-3.46,1.7,2.5
1.759689665149585E9,42.4347232,-71.3701376,1872.4146981627277,66.79447681214695,105.47253093244738,2.12,-3.0,1.7,2.5
1.75968966636024E9,42.4349632,-71.3694208,1852.726377952754,67.17408013352482,104.77539083875752,1.7,-1.92,1.7,2.5
1.7596896671490989E9,42.4351072,-71.3689344,1849.4455380577408,67.25188506019212,104.20976417330586,-1.25,-1.58,1.7,2.5
1.7596896683600001E9,42.435328,-71.3682176,1837.9593175853,66.92333331474151,103.15263860167448,-1.08,-1.56,1.7,2.5
1.759689669149053E9,42.4354784,-71.3677312,1836.3188976377935,66.6058809940972,102.46640802973263,-0.46,-1.5,1.7,2.5
1.759689670360291E9,42.4357056,-71.36704,1821.551837270339,66.14445589331564,101.51023192572833,-0.93,-1.3800000000000001,1.7,2.5
1.759689671149087E9,42.4358592,-71.3665856,1813.3497375328063,66.13399491773635,100.79572764334813,1.9100000000000001,-0.61,1.7,2.5
1.7596896717490702E9,42.4359744,-71.3662336,1808.4251968503918,66.13337797122666,100.2648064902825,1.93,-0.66,1.7,2.5
1.759689673349056E9,42.4362688,-71.3653248,1796.938976377951,65.92059260841488,99.62145549144721,-3.7800000000000002,-3.09,1.7,2.5
1.759689673949353E9,42.4363904,-71.364992,1793.6581364829376,65.48375359178502,99.45220955531985,-3.5100000000000002,-2.66,1.7,2.5
1.7596896745489159E9,42.4365056,-71.3646528,1787.0964566929115,65.0007305691796,99.2605265036977,0.78,-1.92,1.7,2.5
1.759689675949267E9,42.4367776,-71.3638528,1775.6102362204706,64.62655334163901,99.07102605455306,0.8300000000000001,-3.15,1.7,2.5
1.75968967654909E9,42.436896,-71.3635264,1759.206036745405,64.84732513399719,99.10578994088051,1.28,-3.23,1.7,2.5
1.759689677949146E9,42.437168,-71.3627328,1741.1581364829378,64.6681606134916,99.76816072814806,-0.9400000000000001,-5.08,1.7,2.5
1.759689678549242E9,42.4372832,-71.3624064,1729.675196850392,64.61890632199442,100.13154106621782,1.32,-4.09,1.7,2.5
1.759689679949198E9,42.437568,-71.3616128,1700.1443569553787,64.72999162202865,101.54438959319904,3.7600000000000002,-4.03,1.7,2.5
1.7596896807492042E9,42.4377216,-71.3611392,1690.2985564304443,65.24691616036418,102.27373517519563,3.43,-4.14,1.7,2.5
1.7596896821494288E9,42.4380032,-71.36032,1672.253937007872,65.84937336754497,103.3836300669195,1.77,-3.68,1.7,2.5
1.759689682949229E9,42.43816,-71.3598464,1650.925196850392,65.93845504204528,103.88651510969773,1.2,-3.54,1.7,2.5
1.759689683549069E9,42.4382816,-71.3594944,1646.0039370078723,65.99950352023225,104.13506582280691,0.76,-3.14,1.7,2.5
1.759689684949331E9,42.4385568,-71.3586624,1629.5964566929117,66.10027480585362,104.50023549385469,2.6,-2.45,1.7,2.5
1.759689685549042E9,42.4386784,-71.358304,1623.0347769028856,66.22358831680177,104.52835549131612,2.69,-2.19,1.7,2.5
1.759689686948973E9,42.4389408,-71.3574656,1611.5485564304445,66.39440859785053,104.56141157883351,1.48,-2.35,1.7,2.5
1.7596896875490708E9,42.4390528,-71.3571008,1604.9868766404181,66.54263535639095,104.54963026660865,1.81,-2.07,1.7,2.5
1.759689688948989E9,42.4393248,-71.3562496,1596.7814960629905,67.0100929886929,104.41653209595623,4.61,-1.44,1.7,2.5
1.759689689749243E9,42.4394848,-71.3557824,1586.935695538056,67.39328118521054,104.27081171821301,1.5,-1.8900000000000001,1.7,2.5
1.759689691149679E9,42.439728,-71.354944,1583.651574803148,67.35208326496567,103.83868983609698,-3.06,-1.6300000000000001,1.7,2.5
1.759689692359978E9,42.439952,-71.3542272,1580.3707349081349,66.71506316858131,103.31332311974215,-1.28,-1.28,1.7,2.5
1.759689693149662E9,42.440112,-71.3537472,1577.0866141732267,66.37000343754703,103.05323050557705,-1.02,-1.05,1.7,2.5
1.759689694361062E9,42.4403424,-71.3530432,1582.0078740157464,66.09162197217721,102.40220188551335,1.92,0.02,1.7,2.5
1.759689695169519E9,42.4404992,-71.352576,1575.442913385825,66.19641245407368,101.76702422234338,1.11,0.18,1.7,2.5
1.759689696393742E9,42.44072,-71.3518784,1577.0833333333317,66.31808986575726,100.7592930472102,-0.91,0.14,1.7,2.5
1.7596896971633592E9,42.4408672,-71.351424,1575.4396325459302,66.2081311988248,100.0795844283332,-0.71,0.21,1.7,2.5
1.7596896985941E9,42.441136,-71.350624,1578.7171916010482,65.97908103657569,98.7035405023758,0.1,0.37,1.7,2.5
1.759689699365134E9,42.4412864,-71.3501824,1578.7171916010482,65.70179740923962,98.02228023120578,-1.67,-0.12,1.7,2.5
1.7596896999777489E9,42.4413952,-71.349856,1573.7959317585285,65.45301066866438,97.51054232527004,-1.16,-0.39,1.7,2.5
1.75968970136394E9,42.4416512,-71.3490752,1575.43307086614,65.15877436299562,96.52011397874521,-0.54,0.09,1.7,2.5
1.759689702588571E9,42.441888,-71.3484288,1565.5872703412056,64.44777867061497,95.90028254571126,-0.81,-1.26,1.7,2.5
1.759689703406826E9,42.4420352,-71.3479744,1567.2276902887122,63.97016500609685,95.85470883019944,-1.55,-2.5,1.7,2.5
1.759689704177556E9,42.4421952,-71.3475584,1562.3031496062977,63.626902454809574,96.00754199545466,-0.04,-3.58,1.7,2.5
1.759689705404479E9,42.442432,-71.3469248,1557.381889763778,63.24346332484549,96.24225537598595,1.71,-3.95,1.7,2.5
1.759689706173324E9,42.4425952,-71.3464896,1550.8169291338568,63.238784203190534,96.48569122262151,2.07,-4.0,1.7,2.5
1.7596897073601809E9,42.4428416,-71.3458432,1534.412729658791,63.69791356714312,96.59915390815708,4.07,-3.13,1.7,2.5
1.759689708171037E9,42.442992,-71.3454144,1522.9265091863501,64.0630200884427,96.75173278831048,2.77,-3.45,1.7,2.5
1.759689709398119E9,42.443232,-71.3447552,1504.881889763778,64.52528358896801,96.85038728919953,2.5300000000000002,-3.48,1.7,2.5
1.759689710165235E9,42.4433792,-71.3443136,1491.7552493438304,64.84968946774141,96.82759451639703,1.79,-3.17,1.7,2.5
1.759689710985172E9,42.4435392,-71.3438784,1480.2723097112846,64.98241212018978,96.89426821913085,-0.18,-3.66,1.7,2.5
1.7596897115987291E9,42.4436448,-71.3435456,1475.3477690288698,64.73841717666855,97.06660400935722,-1.12,-4.45,1.7,2.5
1.759689712983004E9,42.4439232,-71.3427712,1457.3031496062977,63.96109891224151,97.50633398681296,-4.76,-4.94,1.7,2.5
1.759689713595809E9,42.4440416,-71.3424448,1440.895669291337,63.654315440385936,97.63333537862938,-1.8800000000000001,-4.1,1.7,2.5
1.7596897149801621E9,42.4443232,-71.3416832,1419.5669291338568,63.06510765100506,98.31273262139875,2.96,-4.63,1.7,2.5
1.759689715592561E9,42.4444512,-71.3413632,1404.803149606298,63.334120454479276,98.79765310660693,4.21,-5.0600000000000005,1.7,2.5
1.759689716977333E9,42.4447328,-71.340576,1385.114829396324,64.46458239570393,99.65682548982979,3.24,-4.6000000000000005,1.7,2.5
1.759689717589988E9,42.4448512,-71.3402304,1378.5531496062977,64.7834798351566,100.10311640726216,2.57,-4.92,1.7,2.5
1.7596897189741302E9,42.4451296,-71.3394368,1360.5052493438307,65.16466670485447,100.79938631004433,0.58,-4.48,1.7,2.5
1.759689719587593E9,42.4452448,-71.3390976,1353.9435695538043,65.26490970673132,100.99621314194226,1.58,-4.28,1.7,2.5
1.759689720971266E9,42.4455232,-71.3382976,1344.0977690288698,65.46945859613074,101.13015871741354,-0.19,-3.24,1.7,2.5
1.759689721583249E9,42.4456416,-71.3379456,1332.614829396324,65.48035731180923,101.07865184228912,0.25,-2.83,1.7,2.5
1.759689722966953E9,42.4459104,-71.3371456,1319.4881889763765,65.38942431846681,100.68163130289838,-4.33,-3.21,1.7,2.5
1.759689723581142E9,42.4460224,-71.3368,1312.9265091863504,65.01522373699486,100.55698622650918,-6.97,-3.87,1.7,2.5
1.7596897243989E9,42.4461824,-71.3363392,1303.0807086614159,63.896041974775585,100.4611423645792,-8.540000000000001,-3.0700000000000003,1.7,2.5
1.759689725576682E9,42.4464384,-71.3356736,1294.8786089238831,61.313115199626964,100.0222668465995,-12.21,-2.22,1.7,2.5
1.759689726395992E9,42.4466176,-71.3352256,1294.875328083988,59.444848086544695,99.56912832481713,-11.41,-1.6600000000000001,1.7,2.5
1.759689727574888E9,42.4469056,-71.3346048,1288.3103674540669,56.99836247525877,98.71560613144977,-5.67,-0.56,1.7,2.5
1.759689728392593E9,42.4471136,-71.3341952,1276.827427821521,55.830903014978745,98.01643430135081,-2.36,-0.02,1.7,2.5
1.7596897295706658E9,42.4474176,-71.3335936,1271.9028871391063,55.45954055785453,96.9885703135452,1.6400000000000001,0.54,1.7,2.5
1.759689730389363E9,42.447616,-71.3331968,1270.2624671915996,55.535452854547536,96.52305783382914,0.66,0.21,1.7,2.5
1.7596897315685081E9,42.447936,-71.332608,1255.4954068241457,55.275546660779,96.1633052048284,-3.16,-0.26,1.7,2.5
1.7596897323858352E9,42.4481312,-71.3322048,1255.4954068241457,54.77794622020698,95.98785970504055,-2.48,-0.08,1.7,2.5
1.759689733000447E9,42.448288,-71.3319168,1253.851706036744,54.554129307146454,95.89613948013526,0.45,0.24,1.7,2.5
1.759689734383123E9,42.4486592,-71.3312384,1247.2867454068228,54.31126735096221,95.99577561582672,1.77,-0.68,1.7,2.5
1.759689734997355E9,42.4488096,-71.3309504,1237.4442257217834,54.412456442101636,96.06552825632862,2.2800000000000002,-0.37,1.7,2.5
1.759689736379674E9,42.449168,-71.3302528,1232.5196850393688,54.863004268388934,96.29155409866729,2.34,-0.78,1.7,2.5
1.7596897369942431E9,42.4493184,-71.3299648,1227.5984251968491,55.06951383373471,96.38047916213449,1.12,-0.93,1.7,2.5
1.759689738377419E9,42.4496736,-71.3292608,1211.1909448818885,55.12295571626885,96.81535994171163,-0.3,-0.8300000000000001,1.7,2.5
1.759689738991039E9,42.44984,-71.3289728,1206.2696850393688,55.07069837438381,97.46972424233955,1.48,-1.11,1.7,2.5
1.759689740373357E9,42.450208,-71.3282688,1194.783464566928,54.7775406430868,98.98648784130324,1.8800000000000001,-0.72,1.7,2.5
1.759689740987838E9,42.4503616,-71.3279744,1189.8589238845132,54.96854516846171,99.49052045860863,2.71,0.12,1.7,2.5
1.759689742371266E9,42.4507456,-71.3272384,1184.9343832020986,55.41118830501958,100.02007765115435,0.04,1.26,1.7,2.5
1.759689742984703E9,42.450896,-71.326944,1181.6535433070853,55.43360713730396,100.11113341974087,-1.12,0.24,1.7,2.5
1.7596897435986562E9,42.4510528,-71.3266304,1183.293963254592,55.25078790174201,100.33221641556435,-0.39,0.0,1.7,2.5
1.759689744368022E9,42.4512672,-71.326208,1186.57152230971,54.91544735219676,100.57668540464913,-1.1500000000000001,1.16,1.7,2.5
1.7596897455958471E9,42.4515872,-71.3255936,1186.5682414698151,54.36341023708694,100.78835930035852,-1.79,1.26,1.7,2.5
1.7596897463645759E9,42.4518016,-71.3251776,1186.5682414698151,54.17080523572716,100.81663011241693,1.8800000000000001,2.13,1.7,2.5
1.7596897475925388E9,42.4521344,-71.3245632,1184.9245406824134,54.09120248440512,100.82195952050536,1.96,1.8,1.7,2.5
1.7596897489751759E9,42.4525184,-71.3238464,1189.842519685038,54.46103729000397,100.76109305872038,2.58,1.93,1.7,2.5
1.7596897497936249E9,42.452736,-71.3234432,1193.123359580051,54.617769018739835,100.77954132306314,0.67,1.75,1.7,2.5
1.759689750563314E9,42.4529536,-71.3230208,1194.760498687663,54.76334356554275,101.07432290340687,2.61,1.29,1.7,2.5
1.759689751995642E9,42.4533312,-71.3222976,1193.1167979002612,55.13638908509099,101.60872314973433,4.0600000000000005,0.9400000000000001,1.7,2.5
1.7596897525608392E9,42.4534912,-71.3219904,1189.835958005248,55.43727473213146,101.593802598992,3.92,1.69,1.7,2.5
1.759689753378408E9,42.453712,-71.3215616,1189.832677165353,56.26738987175178,101.65213350760368,6.890000000000001,1.62,1.7,2.5
1.759689753993407E9,42.4538656,-71.3212608,1186.55183727034,56.823605010313024,101.62923347128658,8.19,2.22,1.7,2.5
1.759689755377346E9,42.4542176,-71.3205056,1188.1889763779516,59.30264566723808,101.0945080817725,10.370000000000001,2.7800000000000002,1.7,2.5
1.759689755990907E9,42.454352,-71.3201728,1188.1889763779516,60.49321118133518,100.95603710791451,10.52,2.65,1.7,2.5
1.75968975736008E9,42.4546592,-71.3194048,1196.3877952755893,63.26117532776241,100.31926047003907,9.950000000000001,2.81,1.7,2.5
1.759689758191091E9,42.4548192,-71.3189376,1202.9494750656156,64.79175296713771,99.85998161805584,9.83,3.27,1.7,2.5
1.75968975876073E9,42.4549344,-71.3186112,1199.6653543307075,65.88969529190884,99.45381666478067,9.53,3.12,1.7,2.5
1.759689760188566E9,42.455184,-71.3178112,1204.5866141732272,68.20278892937404,98.52120325492639,9.07,2.36,1.7,2.5
1.759689760758524E9,42.45528,-71.3174528,1214.4258530183713,69.28734042418596,98.21406775963703,9.200000000000001,1.94,1.7,2.5
1.759689762185581E9,42.4554944,-71.3166592,1214.4258530183713,71.88703581407158,97.35119621722647,11.83,2.2,1.7,2.5
1.759689762799104E9,42.4555744,-71.3163008,1214.4225721784765,73.15125348613151,97.0426141023128,12.23,2.05,1.7,2.5
1.759689764386454E9,42.45576,-71.3153664,1211.1417322834634,76.68079167336255,96.44296431882408,11.36,0.51,1.7,2.5
1.759689765000545E9,42.4558208,-71.3150208,1212.7788713910747,77.99574474185468,96.26493356896665,11.38,0.34,1.7,2.5
1.759689766383368E9,42.4559296,-71.3141888,1212.7788713910747,80.91246553190571,96.24257534957353,11.08,-0.15,1.7,2.5
1.7596897669975638E9,42.4559616,-71.3138304,1209.4947506561666,82.11509919959532,96.35372633983815,11.32,-0.42,1.7,2.5
1.7596897683799028E9,42.4560288,-71.3129856,1196.3713910761142,85.00881698812952,96.74264842732366,10.38,-1.1300000000000001,1.7,2.5
1.759689769199121E9,42.4560544,-71.3124992,1193.090551181101,86.58580014884004,97.26767275326638,9.28,-1.51,1.7,2.5
1.759689769968772E9,42.4560704,-71.3120128,1183.2447506561668,87.90377576993727,97.78249793263106,7.7700000000000005,-1.85,1.7,2.5
1.759689770786419E9,42.4560736,-71.3115264,1175.042650918634,88.94642932423581,98.31683726500748,5.91,-2.21,1.7,2.5
1.759689772170799E9,42.4560736,-71.3106624,1166.840551181101,90.60616313873979,99.21937536748666,3.21,-2.04,1.7,2.5
1.759689772783753E9,42.4560672,-71.3102784,1166.837270341206,90.90547741860878,99.63447183675062,1.7,-1.94,1.7,2.5
1.759689774167931E9,42.4560544,-71.3094208,1155.3543307086602,91.06584502756158,100.31973316548303,-0.15,-1.1,1.7,2.5
1.7596897749845219E9,42.456048,-71.3089152,1153.7139107611536,91.20920076037166,100.40248833712731,2.62,-0.05,1.7,2.5
1.759689775598998E9,42.4560384,-71.3085312,1153.7139107611536,91.54995213611045,100.61132525865229,5.23,0.45,1.7,2.5
1.759689776982318E9,42.4560192,-71.3076608,1150.4297900262454,92.67770780314487,100.27579498586405,3.39,1.37,1.7,2.5
1.759689777595653E9,42.456,-71.3072832,1152.070209973752,93.25080945061208,100.09410971311537,2.13,0.97,1.7,2.5
1.7596897789785461E9,42.4559584,-71.3064064,1158.6318897637784,93.94787723658781,99.66413910793095,3.37,0.8,1.7,2.5
1.759689779592485E9,42.4559456,-71.3060288,1163.5498687664028,94.25374426277627,99.58533874317632,0.99,0.24,1.7,2.5
1.759689780975062E9,42.4558912,-71.3051584,1173.3923884514422,94.20371439928213,99.4424732601321,-2.36,1.56,1.7,2.5
1.75968978158951E9,42.4558688,-71.3047872,1183.2349081364816,93.77376039988182,99.23460723676627,-2.68,1.03,1.7,2.5
1.759689782973095E9,42.4558304,-71.3039296,1186.5124671915999,92.95667946165395,99.11249802626332,0.14,0.68,1.7,2.5
1.759689783587305E9,42.4558144,-71.3035584,1188.1528871391063,92.86015687798516,98.94831401248479,1.3800000000000001,1.54,1.7,2.5
1.759689784968957E9,42.455792,-71.302688,1188.1528871391063,92.71452879160013,98.9166099706255,-0.8300000000000001,0.78,1.7,2.5
1.759689785584162E9,42.455776,-71.3023232,1179.9507874015735,92.64704450960166,98.91115498017722,0.87,1.1300000000000001,1.7,2.5
1.759689786354783E9,42.4557536,-71.3018176,1184.8687664041984,92.5110673204365,98.93949625964432,-0.04,0.8300000000000001,1.7,2.5
1.759689787580137E9,42.4557376,-71.3010816,1184.8687664041984,92.26272144471375,98.96052925436406,-0.44,0.89,1.7,2.5
1.7596897883992429E9,42.455728,-71.300576,1186.5091863517048,91.99434525374062,98.86550157095286,-1.22,0.89,1.7,2.5
1.7596897895778952E9,42.4557184,-71.2998336,1181.58464566929,91.54359217696742,98.86092857297946,-0.14,1.1400000000000001,1.7,2.5
1.759689790396013E9,42.4556992,-71.2993344,1183.2250656167967,91.32855547020895,98.92940204213022,-0.31,1.08,1.7,2.5
1.759689791573639E9,42.4556832,-71.2986048,1189.7867454068228,91.17051710501417,98.96233525627014,0.97,0.87,1.7,2.5
1.759689792392729E9,42.4556736,-71.2981056,1191.4271653543294,91.13497779268845,99.11663816951426,0.87,0.75,1.7,2.5
1.7596897935709329E9,42.4556608,-71.2973632,1193.064304461941,90.96154848530318,99.61661944036781,1.08,-0.1,1.7,2.5
1.7596897943895059E9,42.4556544,-71.2968576,1197.9855643044607,90.96819315245769,100.08340330069896,-1.3,-0.37,1.7,2.5
1.7596897955686421E9,42.4556544,-71.2961152,1209.4685039370067,90.38900513478245,100.20749304442614,0.36,1.37,1.7,2.5
1.759689796388435E9,42.4556512,-71.2956096,1211.105643044618,90.56803830038146,99.9962748495028,4.15,2.73,1.7,2.5
1.759689797000828E9,42.4556384,-71.2952448,1211.105643044618,91.13906424121342,99.73893165442448,4.19,3.3200000000000003,1.7,2.5
1.7596897983833442E9,42.4556288,-71.2943744,1224.2290026246706,91.62497635752477,98.70924238493878,2.0100000000000002,3.41,1.7,2.5
1.759689798997735E9,42.4556192,-71.2939968,1229.1502624671903,91.86915538573213,98.33309850156704,1.58,3.16,1.7,2.5
1.759689800380331E9,42.4555968,-71.2931456,1245.551181102361,91.96582366156953,96.89936102019917,-1.54,3.3000000000000003,1.7,2.5
1.759689800994494E9,42.4555808,-71.2927808,1260.31496062992,91.89989151130555,96.15653087694983,-1.78,4.26,1.7,2.5
1.759689802378199E9,42.4555712,-71.2919552,1273.4383202099725,90.76831079851682,94.2266140351724,-2.0300000000000002,2.95,1.7,2.5
1.759689802991372E9,42.4555712,-71.2916032,1273.4350393700772,90.63090662372187,93.56290753895219,2.47,2.2800000000000002,1.7,2.5
1.759689804349145E9,42.4555616,-71.290784,1293.120078740156,91.0633726377549,92.17354138542731,2.83,3.22,1.7,2.5
1.759689804989228E9,42.4555552,-71.2904448,1294.7604986876627,91.2411332589198,91.5376741472483,2.74,3.09,1.7,2.5
1.7596898063713078E9,42.4555488,-71.2896576,1294.7572178477676,92.03135043912819,90.48450781226155,4.97,1.9000000000000001,1.7,2.5
1.7596898069855828E9,42.4555328,-71.2893056,1296.3976377952742,92.46918089952646,90.23929104601297,3.41,0.45,1.7,2.5
1.759689807599138E9,42.45552,-71.2889728,1289.835958005248,92.89826377088029,89.95956051571778,5.24,0.89,1.7,2.5
1.759689808981364E9,42.455472,-71.2881792,1276.7125984251954,95.13982224509904,90.48044875840752,11.78,-0.81,1.7,2.5
1.759689809595835E9,42.4554528,-71.2878464,1266.870078740156,96.28617226489709,91.07241903962748,2.08,-2.85,1.7,2.5
1.759689810978956E9,42.455376,-71.2870464,1250.4625984251957,97.08644632476293,93.12170993814367,0.65,-3.92,1.7,2.5
1.759689811548986E9,42.4553504,-71.2866944,1247.1817585301824,96.54397888483614,94.15122306379462,0.39,-4.28,1.7,2.5
1.759689812974999E9,42.45528,-71.2858688,1222.575459317584,96.38865884671083,96.43036943185523,3.16,-2.15,1.7,2.5
1.7596898135904999E9,42.4552448,-71.2855104,1217.6541994750644,96.46010210889372,97.44160499540288,3.5100000000000002,-1.8900000000000001,1.7,2.5
1.759689814971922E9,42.4551776,-71.2846592,1202.8871391076102,97.11528186544915,99.33735746080636,5.2700000000000005,-1.6500000000000001,1.7,2.5
1.759689815586654E9,42.4551392,-71.2842816,1199.6062992125972,97.98971433081488,99.85263504292374,3.47,-1.12,1.7,2.5
1.759689816969311E9,42.4550432,-71.2834176,1184.842519685038,98.74024458708247,100.16315479864824,0.77,-0.15,1.7,2.5
1.759689817584083E9,42.4549984,-71.28304,1186.4829396325447,98.54448573198191,100.34703272752675,1.12,0.64,1.7,2.5
1.759689818356101E9,42.454944,-71.2825472,1184.8392388451432,98.55265302346204,100.64403848920192,1.21,1.8900000000000001,1.7,2.5
1.759689819549078E9,42.4548608,-71.2817984,1173.3562992125972,98.77733423692322,100.5075146197757,-1.37,2.85,1.7,2.5
1.759689820399344E9,42.4548032,-71.2812928,1183.1988188976366,98.4237149430362,100.31548635959814,-1.04,2.72,1.7,2.5
1.759689821782525E9,42.4547072,-71.2804288,1194.6817585301826,97.85141173350038,100.03495341466709,-0.91,2.34,1.7,2.5
1.75968982239624E9,42.4546752,-71.2800576,1194.6817585301826,97.59096031577566,99.91448794119262,-0.12,2.52,1.7,2.5
1.759689823164434E9,42.454624,-71.2795648,1202.88057742782,97.23024263925159,99.77392295676763,1.33,3.22,1.7,2.5
1.759689824394481E9,42.45456,-71.2788096,1212.7230971128595,97.6406783783808,99.12196558560105,4.89,4.53,1.7,2.5
1.7596898251622891E9,42.4545056,-71.278336,1211.082677165353,98.17953236902393,98.78025767941087,3.34,4.15,1.7,2.5
1.7596898263898969E9,42.4544224,-71.2775936,1219.2847769028858,98.52459796071477,98.21900172165775,0.66,3.98,1.7,2.5
1.759689827159326E9,42.454368,-71.2771072,1229.1240157480302,98.59826568712052,97.903805582932,0.37,3.36,1.7,2.5
1.759689827775797E9,42.4543296,-71.2767488,1234.0452755905499,98.48507025675276,97.61926259258927,0.06,3.5500000000000003,1.7,2.5
1.7596898283883572E9,42.4543008,-71.2763904,1230.7644356955368,98.27568702548719,97.37029248018592,-1.08,3.42,1.7,2.5
1.759689829771707E9,42.4542016,-71.275552,1245.528215223096,97.88401737797953,96.64787962507953,-0.66,4.12,1.7,2.5
1.759689830385174E9,42.45416,-71.2751936,1253.7303149606287,97.58547274252226,96.30496361532649,-0.76,3.7800000000000002,1.7,2.5
1.7596898317662249E9,42.4540832,-71.2743552,1268.4908136482927,97.35088553172133,95.41050940130836,0.23,4.49,1.7,2.5
1.759689832380959E9,42.4540512,-71.2740032,1271.7716535433058,97.2893580417027,94.98581530987876,2.29,5.13,1.7,2.5
1.7596898331994061E9,42.4540064,-71.2735296,1278.3333333333321,97.27575200506895,94.39504586870811,3.12,5.26,1.7,2.5
1.759689834359671E9,42.4539456,-71.2728448,1284.8950131233582,98.27974324925536,93.67837555149872,4.91,4.47,1.7,2.5
1.7596898351960878E9,42.453888,-71.2723712,1299.6587926509173,98.52958691484729,93.44391238684744,0.24,2.7800000000000002,1.7,2.5
1.7596898363737478E9,42.4538112,-71.27168,1302.9363517060353,98.32075576530009,93.35418955931866,-0.87,1.82,1.7,2.5
1.759689837192884E9,42.4537664,-71.2712256,1306.2171916010484,98.2096069424096,93.11184938310876,2.44,1.86,1.7,2.5
1.759689838372943E9,42.4536832,-71.270528,1311.138451443568,98.47265872540416,92.87975378707966,4.64,1.69,1.7,2.5
1.759689839189719E9,42.4536352,-71.27008,1307.857611548555,99.188313859948,92.88293913074664,8.05,1.61,1.7,2.5
1.759689840368864E9,42.453552,-71.2693888,1309.4980314960617,100.33588774516927,93.065259355239,5.61,0.22,1.7,2.5
1.759689841186751E9,42.4534848,-71.268928,1311.1351706036733,101.08063827210013,93.35372206935206,2.69,-0.6,1.7,2.5
1.759689842369323E9,42.453376,-71.2682368,1299.6522309711272,101.92112648177988,93.63277968447412,4.15,0.05,1.7,2.5
1.759689843183439E9,42.4533088,-71.2677824,1291.4501312335944,102.3115942776709,93.98872447792512,4.09,-0.21,1.7,2.5
1.7596898437979279E9,42.4532544,-71.2674432,1288.1692913385814,102.62104248448199,94.30021376192747,2.42,-1.07,1.7,2.5
1.759689845180877E9,42.4531136,-71.2666368,1273.4055118110223,103.22100454625502,94.76663743456625,1.41,-0.56,1.7,2.5
1.7596898457948089E9,42.4530496,-71.2662784,1273.4055118110223,103.19150268910884,94.97480556943391,0.59,-0.68,1.7,2.5
1.7596898471773062E9,42.4529152,-71.265472,1258.638451443568,102.89909908576509,95.2614008945613,-0.45,0.07,1.7,2.5
1.759689847791494E9,42.4528576,-71.26512,1253.7171916010484,102.78613563759208,95.298323719343,-1.81,0.49,1.7,2.5
1.759689848405879E9,42.4527968,-71.264768,1248.7959317585287,102.47935249710115,95.26366374870963,-2.13,0.38,1.7,2.5
1.7596898497880468E9,42.452656,-71.2639488,1250.4363517060353,101.70322958823304,94.96776940833736,-0.43,1.0,1.7,2.5
1.759689850402631E9,42.4526144,-71.2636096,1237.3129921259829,101.41362470258248,94.79032639131401,-1.82,1.17,1.7,2.5
1.75968985178582E9,42.4525024,-71.2628032,1235.6725721784762,100.49190731912248,94.25844642548209,-3.16,0.55,1.7,2.5
1.7596898523994079E9,42.4524512,-71.2624512,1232.3884514435683,100.02577989965395,94.23819834853073,-1.3800000000000001,0.25,1.7,2.5
1.7596898537832952E9,42.4523424,-71.261632,1230.7480314960617,99.27639821103475,94.5409226118663,0.13,0.49,1.7,2.5
1.75968985439669E9,42.452304,-71.2612864,1227.4671916010486,99.46619027752273,94.6714471601388,2.08,1.02,1.7,2.5
1.7596898557795448E9,42.4522048,-71.2604672,1212.7034120734895,99.52590922493069,95.02302813472984,-0.55,0.49,1.7,2.5
1.759689856393462E9,42.45216,-71.2601024,1211.062992125983,99.34116526749642,95.20853079612515,-1.47,0.45,1.7,2.5
1.759689857776891E9,42.4520608,-71.2592768,1207.7788713910747,98.87814117649707,95.59676609997318,0.77,0.67,1.7,2.5
1.759689858390605E9,42.4520224,-71.2589312,1199.576771653542,98.82572863206212,95.77986166059631,0.47000000000000003,0.34,1.7,2.5
1.759689859776146E9,42.4519296,-71.2580928,1197.9363517060353,98.7329871847169,96.40491407921405,0.89,0.19,1.7,2.5
1.7596898603866858E9,42.4518944,-71.2577408,1194.6555118110223,98.72163308609001,96.6576374576753,1.04,0.12,1.7,2.5
1.7596898617710729E9,42.4517984,-71.2569024,1181.5288713910747,98.75139467417942,97.09803652921488,0.63,0.33,1.7,2.5
1.759689862383275E9,42.4517504,-71.256544,1176.6076115485553,98.84458158514262,97.22084339660309,0.6900000000000001,0.7000000000000001,1.7,2.5
1.759689863767582E9,42.4516576,-71.2557056,1170.045931758529,98.93284654411423,97.51974888549589,1.53,1.02,1.7,2.5
1.7596898643818312E9,42.4516128,-71.2553344,1168.4055118110223,99.11146335341255,97.58771917792389,1.1400000000000001,0.8300000000000001,1.7,2.5
1.7596898651995869E9,42.4515616,-71.2548608,1166.7650918635159,99.24270573007622,97.54506244564817,1.0,1.17,1.7,2.5
1.7596898663804789E9,42.4514688,-71.2541376,1170.042650918634,99.38151016074825,97.42620333661817,0.07,1.29,1.7,2.5
1.7596898671963282E9,42.451408,-71.2536576,1166.7618110236208,99.15943156380673,97.32520523238287,-0.62,1.33,1.7,2.5
1.759689868375924E9,42.4513248,-71.252928,1168.4022309711274,99.01016010828822,97.18626254609045,-0.35000000000000003,1.01,1.7,2.5
1.7596898693980942E9,42.4512544,-71.2523264,1170.042650918634,98.77840033822955,97.18376840861251,0.39,0.9400000000000001,1.7,2.5
1.75968987016588E9,42.4512,-71.2518528,1168.4022309711274,98.65475652019249,97.26959370528958,0.9500000000000001,1.36,1.7,2.5
1.7596898707813668E9,42.4511552,-71.251488,1168.3989501312324,98.61838846177369,97.41749992529661,0.96,1.0,1.7,2.5
1.7596898721639318E9,42.4510624,-71.2506496,1171.6797900262454,98.47210485992508,97.635622595278,1.41,0.98,1.7,2.5
1.759689873186795E9,42.4509952,-71.250048,1179.8818897637782,99.12050858621157,97.491754525814,5.62,2.23,1.7,2.5
1.759689874159597E9,42.450928,-71.2494528,1183.1627296587912,99.29495062986139,97.36260863001789,0.21,1.56,1.7,2.5
1.759689874775756E9,42.4508768,-71.2490816,1193.0052493438307,99.33980288072773,97.13871905964324,0.38,1.82,1.7,2.5
1.759689876157862E9,42.4507776,-71.2482432,1211.046587926508,99.1411185251988,96.90673652823114,-2.46,1.17,1.7,2.5
1.759689876772753E9,42.450736,-71.2478912,1207.765748031495,98.9618773859802,96.9568470443669,-1.8,0.93,1.7,2.5
1.759689878361452E9,42.4506304,-71.2469248,1225.810367454067,97.58481458172432,97.34414744770216,-2.5300000000000002,-0.17,1.7,2.5
1.759689878973565E9,42.4505952,-71.24656,1234.0124671915999,97.37029880424208,97.43352539062312,-2.2800000000000002,0.44,1.7,2.5
1.759689879586782E9,42.45056,-71.2462016,1230.7316272965866,96.9562788021838,97.42341088294066,-3.7600000000000002,1.2,1.7,2.5
1.7596898804058409E9,42.4505152,-71.2457152,1240.570866141731,96.24671163474706,97.3620963517787,-3.42,1.0,1.7,2.5
1.759689881583633E9,42.4504672,-71.2449856,1250.4133858267703,95.2422394734546,97.01485401520512,-1.4000000000000001,2.17,1.7,2.5
1.759689882357743E9,42.4504352,-71.2445056,1247.1325459317572,94.98071358672948,96.72159411363185,2.18,2.1,1.7,2.5
1.759689883581218E9,42.4503904,-71.243776,1255.331364829395,95.13908884304197,96.56961713373335,4.47,1.24,1.7,2.5
1.759689884399166E9,42.4503584,-71.243296,1256.9717847769016,95.64054943215682,96.51266194425214,1.67,0.31,1.7,2.5
1.759689885577626E9,42.4503008,-71.2425856,1248.7696850393688,95.90296450049736,96.20559467112076,0.14,-0.64,1.7,2.5
1.759689886396296E9,42.4502624,-71.2420928,1252.0505249343819,96.00477454232042,96.43842729290765,-1.7,-2.15,1.7,2.5
1.7596898875737538E9,42.4502144,-71.241376,1248.7664041994738,94.42786081228589,96.68381767164855,-15.21,-3.0300000000000002,1.7,2.5
1.759689888393283E9,42.450192,-71.2409088,1250.4068241469804,91.83835079105774,96.95054713400391,-20.73,-3.44,1.7,2.5
1.7596898899810061E9,42.450208,-71.2399296,1250.4068241469804,84.02037710599213,97.21577521039146,-26.29,-2.95,1.7,2.5
1.759689890594823E9,42.4502496,-71.2395776,1243.841863517059,80.57909415240623,97.25995748592491,-26.87,-2.9,1.7,2.5
1.7596898919772391E9,42.4504,-71.2387456,1245.4822834645656,71.15212882399999,97.23539158766717,-29.26,-1.1300000000000001,1.7,2.5
1.7596898925923262E9,42.4504992,-71.2384128,1238.9206036745393,67.34911309928101,96.65842906555613,-29.2,-1.46,1.7,2.5
1.759689894178858E9,42.4508224,-71.2375616,1247.1194225721772,56.07951290927001,93.84093641928159,-31.28,1.9000000000000001,1.7,2.5
1.75968989479298E9,42.4509824,-71.2372736,1245.4757217847755,51.60465789765067,92.73480880589003,-30.310000000000002,1.53,1.7,2.5
1.759689895562097E9,42.4512096,-71.236928,1248.7565616797885,46.24199035442311,91.31611648722976,-32.34,-0.65,1.7,2.5
1.759689896387897E9,42.4514592,-71.2366208,1243.832020997374,40.94189619726846,89.7327843011159,-34.6,0.53,1.7,2.5
1.759689897558306E9,42.451856,-71.236224,1240.551181102361,31.79438710834785,87.84465742906428,-33.27,-0.75,1.7,2.5
1.759689898376961E9,42.452144,-71.2360128,1232.345800524933,26.140560777762417,86.8294337123649,-29.77,-1.7,1.7,2.5
1.759689899761129E9,42.452672,-71.2357312,1220.8595800524922,17.35870961917599,85.08915871626779,-23.37,-1.31,1.7,2.5
1.759689900373907E9,42.4529024,-71.235648,1211.0170603674528,13.918121172360369,84.61158740047496,-22.46,-2.13,1.7,2.5
1.7596899011934881E9,42.4532128,-71.2355584,1201.1712598425186,10.42924777966992,84.08021764867307,-14.88,-0.64,1.7,2.5
1.759689902371714E9,42.4536736,-71.2354816,1179.845800524933,6.634059117316538,83.28769370155668,-10.870000000000001,-0.24,1.7,2.5
1.759689903190407E9,42.4539872,-71.2354432,1174.9212598425183,4.768098165293821,83.01731987030666,-9.92,-0.55,1.7,2.5
1.7596899043683748E9,42.454448,-71.2354304,1158.5170603674528,2.35751244601772,83.16974613982627,-9.120000000000001,-2.48,1.7,2.5
1.7596899051878939E9,42.4547584,-71.2354048,1151.9520997375316,1.291366372381239,83.66487789328939,-4.86,-3.59,1.7,2.5
1.759689906570829E9,42.4553056,-71.2354304,1130.6233595800513,359.7628608548365,84.5385209479542,-1.6600000000000001,-4.07,1.7,2.5
1.759689907348864E9,42.4556192,-71.2354176,1125.7020997375316,359.5404882475188,84.83210174159476,-0.35000000000000003,-2.24,1.7,2.5
1.7596899079550118E9,42.4558624,-71.2354304,1119.1404199475053,359.5689181380081,85.25943248312362,1.7,-2.75,1.7,2.5
1.759689909385189E9,42.456416,-71.2354368,1096.1712598425186,0.07807732552476151,85.58755236139221,0.42,-2.61,1.7,2.5
1.759689909999566E9,42.4566496,-71.2354368,1092.8904199475055,0.2601379605639454,85.62723234271675,-0.74,-2.5100000000000002,1.7,2.5
1.759689911383086E9,42.4572128,-71.2354368,1079.763779527558,0.6622743917909365,85.76814846661158,0.47000000000000003,-3.24,1.7,2.5
1.759689912764488E9,42.457776,-71.2354304,1069.9179790026235,1.0148997009668492,85.60090171841394,-0.46,-2.89,1.7,2.5
1.7596899141991239E9,42.4583232,-71.2354176,1061.7125984251957,1.224194995524679,84.61542561481387,0.48,-1.86,1.7,2.5
1.759689914762691E9,42.45856,-71.2354112,1058.4317585301826,1.5213547477849485,84.19814633807493,2.35,-2.0300000000000002,1.7,2.5
1.759689915376293E9,42.4587904,-71.2354048,1051.8700787401565,1.767089391556545,83.8390066287284,2.31,-2.65,1.7,2.5
1.759689916759204E9,42.459328,-71.2353664,1038.7434383202087,2.753911042396682,82.53376230833197,3.65,-4.34,1.7,2.5
1.759689918191756E9,42.4598624,-71.235328,1027.257217847768,3.030074340310723,81.26912769250968,-6.79,-5.15,1.7,2.5
1.75968991875766E9,42.4600832,-71.2353216,1019.0551181102352,2.238165155190254,80.63386772763282,-11.4,-4.7700000000000005,1.7,2.5
1.759689919576497E9,42.460368,-71.2353088,1007.5688976377943,359.88839404519575,79.83384466026463,-15.33,-4.07,1.7,2.5
1.759689920393033E9,42.4606784,-71.235328,997.7263779527549,356.8719623063869,78.72636658901294,-17.72,-3.89,1.7,2.5
1.759689921981561E9,42.4612416,-71.2354048,984.5997375328074,349.9219527569571,76.42544191784324,-15.120000000000001,-3.56,1.7,2.5
1.759689922594892E9,42.4614528,-71.2354688,976.3976377952746,347.519158608243,75.55437476520845,-16.1,-3.04,1.7,2.5
1.759689923979425E9,42.4619232,-71.2356416,968.1955380577417,341.6463488649211,73.64699365989765,-17.45,-3.0300000000000002,1.7,2.5
1.759689924592128E9,42.4621056,-71.2357504,955.0688976377943,339.18434316909696,72.80615498165733,-15.93,-2.2800000000000002,1.7,2.5
1.759689925975398E9,42.4625312,-71.2359936,950.1476377952747,333.4978497510087,71.2663787165932,-13.72,-2.75,1.7,2.5
1.759689926589373E9,42.4627072,-71.236128,935.3838582677156,331.31646545036205,70.54955889384172,-13.540000000000001,-2.16,1.7,2.5
1.759689927973228E9,42.4631008,-71.2364416,927.1784776902877,326.6401895800918,69.21407635701034,-12.74,-1.2,1.7,2.5
1.759689928586014E9,42.4632576,-71.2365952,915.6955380577417,324.5453267034466,68.63087010857379,-11.13,-2.11,1.7,2.5
1.759689930176155E9,42.4636544,-71.2370048,899.2913385826762,319.5945604533766,68.4642146382741,-4.7,-4.93,1.7,2.5
1.7596899307881231E9,42.463792,-71.237184,891.0892388451433,318.4834702615114,68.76987201297494,-3.06,-5.34,1.7,2.5
1.7596899321709352E9,42.464128,-71.2376,864.8425196850384,316.4566455910201,69.75121048785537,-3.6,-5.2700000000000005,1.7,2.5
1.759689932785013E9,42.4642624,-71.2377856,853.3562992125976,315.55079590191116,70.06178878236612,-3.92,-4.8,1.7,2.5
1.759689933398674E9,42.4644,-71.2379776,840.232939632545,314.4307444756644,70.55685586760862,-3.8000000000000003,-4.76,1.7,2.5
1.759689934782254E9,42.4647136,-71.2384256,820.5479002624663,311.48577077781084,71.98076094076877,-7.92,-4.9,1.7,2.5
1.759689935396774E9,42.4648448,-71.2386304,813.9862204724401,309.7878257466191,72.32314213760438,-9.36,-3.8200000000000003,1.7,2.5
1.759689936779876E9,42.4651296,-71.2391424,799.2224409448811,305.05217717312064,72.8025090196157,-10.57,-2.66,1.7,2.5
1.759689937359545E9,42.4652416,-71.23936,795.9416010498679,303.38385784301215,72.63201923836849,-6.99,-0.81,1.7,2.5
1.75968993918436E9,42.4655488,-71.2400576,787.7395013123352,299.2807942843506,71.73809642464188,-5.75,-0.05,1.7,2.5
1.759689940148571E9,42.4657056,-71.2404544,786.0990813648286,297.67038883427114,71.20134673151126,-7.140000000000001,-0.04,1.7,2.5
1.7596899407717881E9,42.4657952,-71.2406912,786.0990813648286,296.63552565508326,70.6752559290659,-6.78,0.3,1.7,2.5
1.759689941386962E9,42.4658816,-71.240928,776.2565616797892,295.6908626126902,70.08353325111422,-6.6000000000000005,0.88,1.7,2.5
1.759689942769645E9,42.4660672,-71.2414848,769.694881889763,293.2836179492089,68.79727290821123,-7.62,-0.5700000000000001,1.7,2.5
1.75968994415314E9,42.4662272,-71.2420416,754.931102362204,290.1612895714119,68.3546633937508,-5.47,-0.81,1.7,2.5
1.759689944764494E9,42.4662944,-71.2422848,751.6502624671908,289.00323818902893,68.1733172191726,-5.17,-0.59,1.7,2.5
1.759689946197733E9,42.4664224,-71.2428608,735.2460629921252,286.2305485103842,67.59914503941559,-8.42,-0.09,1.7,2.5
1.759689946765264E9,42.4664768,-71.243104,731.9652230971121,284.8791808737002,67.29756101203365,-9.47,-0.02,1.7,2.5
1.7596899481947021E9,42.4665728,-71.2436672,727.0439632545924,281.9692258909384,66.92366097021069,-3.5500000000000003,-0.61,1.7,2.5
1.759689948761252E9,42.4666016,-71.2439168,717.2014435695531,280.89057469622026,66.66941145070282,-1.24,-0.43,1.7,2.5
1.759689950396333E9,42.4666912,-71.2445824,700.8005249343825,280.0864525232196,66.59512781551538,-1.27,-0.03,1.7,2.5
1.7596899519841661E9,42.4667744,-71.2452224,690.9580052493432,279.41495421552384,65.71239253303933,-1.58,-1.56,1.7,2.5
1.7596899529587831E9,42.4668192,-71.2456384,681.1154855643038,278.73966039250377,65.1167653037287,-0.33,-0.9500000000000001,1.7,2.5
1.759689953571727E9,42.466848,-71.2458752,676.1942257217842,278.50012433794996,64.70207782856711,0.27,-1.18,1.7,2.5
1.7596899543902102E9,42.46688,-71.2461952,667.9921259842513,278.28496207870995,64.07693706124635,-0.92,-0.96,1.7,2.5
1.759689955365059E9,42.4669184,-71.2465792,666.3517060367448,278.011231612856,63.60126094959405,-2.64,-1.85,1.7,2.5
1.75968995638621E9,42.46696,-71.2469888,653.2316272965872,277.0571796481813,63.12836620121612,-2.5500000000000003,-1.97,1.7,2.5
1.7596899573483071E9,42.4669888,-71.2473728,645.0295275590544,275.98765499319063,62.79832638411337,-1.6400000000000001,-2.29,1.7,2.5
1.7596899585884829E9,42.4670304,-71.2478464,635.1870078740151,275.4807606459498,62.68397882635019,-1.1,-2.44,1.7,2.5
1.75968995935642E9,42.4670464,-71.24816,626.9849081364822,275.291065313846,62.60585066951893,-2.05,-2.44,1.7,2.5
1.759689960585235E9,42.4670784,-71.2486208,618.7828083989494,274.8464048309739,62.58227788303718,-1.28,-2.31,1.7,2.5
1.759689961355266E9,42.4671072,-71.2489344,605.659448818897,274.8403981507515,62.659754018574255,0.27,-1.8800000000000001,1.7,2.5
1.759689962787157E9,42.4671392,-71.2494784,594.1797900262461,275.71414086378076,62.474581292737604,0.33,-1.22,1.7,2.5
1.7596899634030771E9,42.467152,-71.2497088,592.5393700787395,275.9893895542997,62.407623073722284,-0.9400000000000001,-1.29,1.7,2.5
1.759689964374161E9,42.4671776,-71.2500992,584.3372703412067,276.4591529830503,62.03307567072938,-0.54,-0.8,1.7,2.5
1.7596899649887152E9,42.4672,-71.2503296,579.416010498687,276.66665989090137,61.784937344308766,-0.22,-1.04,1.7,2.5
1.759689966372219E9,42.4672544,-71.2508672,564.652230971128,276.96085839687106,61.431200274940466,-0.46,-1.09,1.7,2.4
1.759689966986203E9,42.4672736,-71.2510976,563.0118110236215,277.2329263451684,61.44793441612529,-0.03,-1.12,1.7,2.4
1.759689967601285E9,42.4672928,-71.251328,559.7309711286083,277.5119465095959,61.40823799400837,0.22,-1.97,1.7,2.4
1.759689968981838E9,42.4673472,-71.2518592,536.7683727034115,278.24994115573236,61.77316671422793,2.42,-5.0,1.7,2.4
1.75968996959652E9,42.4673696,-71.2520832,535.127952755905,278.6609530786599,62.60592007690907,1.3900000000000001,-5.24,1.7,2.4
1.759689970978736E9,42.46744,-71.25264,499.03871391076063,279.1105598084687,65.06487718450542,-1.9000000000000001,-4.39,1.7,2.4
1.759689971593299E9,42.467472,-71.2528832,489.1961942257213,278.8936826943049,66.00962174852988,-2.98,-4.47,1.7,2.5
1.759689972978199E9,42.4675328,-71.2534592,476.07283464566876,277.93584838256595,67.29893097591355,-3.54,-3.52,1.7,2.5
1.759689973590337E9,42.4675552,-71.2537088,469.51115485564253,277.73480495267677,67.73724910000769,-3.8200000000000003,-2.9,1.7,2.5
1.759689974973105E9,42.467616,-71.2542976,459.6719160104982,277.06501031793834,69.06434610666068,-3.06,-3.1,1.7,2.5
1.759689975586903E9,42.4676384,-71.2545536,454.75065616797855,276.8586834264152,69.50386883965082,-2.65,-2.58,1.7,2.5
1.75968997696917E9,42.4676928,-71.2551744,438.3464566929129,276.324509071942,70.58292065432546,-2.97,-2.74,1.7,2.5
1.759689977583348E9,42.4677152,-71.2554368,435.0656167978998,276.22072832290655,71.03815525670977,-1.27,-2.59,1.7,2.5
1.759689978966337E9,42.4677664,-71.2560576,420.3018372703408,275.8821646416676,71.6971565892292,-3.73,-2.11,1.7,2.4
1.7596899795805922E9,42.4677856,-71.2563264,421.9422572178473,275.8678716463369,71.8711836980948,-3.2800000000000002,-2.38,1.7,2.5
1.759689980399369E9,42.467808,-71.2566912,415.3838582677161,275.6890342675201,71.96569369211802,-1.52,-2.69,1.7,2.5
1.759689981577311E9,42.4678464,-71.257216,418.6646981627292,276.08484947870926,72.25155701538866,2.22,-1.6400000000000001,1.7,2.5
1.759689982396549E9,42.4678752,-71.2575936,410.4625984251964,276.7376952236946,72.40284517419205,2.59,-1.62,1.7,2.5
1.759689983574168E9,42.4679296,-71.2581184,412.10301837270293,277.5407901476942,72.43203043127167,-1.3900000000000001,-2.34,1.7,2.5
1.759689984393406E9,42.4679616,-71.2584832,415.3838582677161,277.371075011886,72.42355808297133,-5.05,-3.7,1.7,2.5
1.7596899855482821E9,42.4680224,-71.2590272,408.8221784776898,277.46879074173575,71.9299212793936,0.49,-2.38,1.7,2.5
1.759689986390257E9,42.4680544,-71.2593856,408.8254593175849,277.57303785031627,71.53540256292837,-0.44,-2.68,1.7,2.5
1.759689987567573E9,42.4681024,-71.2599104,403.9041994750652,277.3069629986116,70.61014240345513,-5.17,-2.31,1.7,2.5
1.759689988387721E9,42.468144,-71.2602688,402.26377952755865,276.7893531617318,69.55253234473909,-3.85,-1.8,1.7,2.5
1.759689989567276E9,42.4681824,-71.2607744,405.54461942257177,276.2555865217478,68.32475127431321,-1.1400000000000001,-2.17,1.7,2.5
1.7596899903837109E9,42.468208,-71.2611136,407.1850393700783,276.1559733080034,67.43203259973232,-0.75,0.06,1.7,2.5
1.7596899915614982E9,42.4682464,-71.2616064,405.5479002624668,276.43511693454036,66.07940595024648,2.16,-0.48,1.7,2.5
1.759689992380321E9,42.468272,-71.2619392,403.9074803149602,276.3101191705252,65.43748575160332,-0.11,-1.4000000000000001,1.7,2.5
1.7596899935581698E9,42.4683072,-71.2624192,398.98622047244055,275.8643335680273,64.87515389392237,-1.77,-2.84,1.7,2.4
1.759689994348197E9,42.4683328,-71.2627456,387.5032808398946,275.64711608942224,64.59643553879923,0.27,-2.2,1.7,2.4
1.7596899951965852E9,42.4683616,-71.2630784,382.5820209973749,275.43788066492164,64.61260137524943,-0.7000000000000001,-3.0,1.7,2.4
1.759689996359422E9,42.4684064,-71.2635392,374.37992125984215,275.4794801853186,64.73425055402535,2.2,-2.82,1.7,2.5
1.7596899971932712E9,42.4684128,-71.2638656,374.37992125984215,276.01170587170685,64.7752365931911,2.7,-2.94,1.7,2.5
1.759689998371243E9,42.468464,-71.2643584,366.18110236220434,276.6967920062578,64.84197303938927,0.25,-2.49,1.7,2.5
1.759689999189941E9,42.4684832,-71.2646784,366.18110236220434,276.8434563914905,64.7637906548251,-1.74,-3.09,1.7,2.5
1.759690000369916E9,42.4685312,-71.2651584,351.4173228346453,276.6784922803911,64.35026355710623,-3.5100000000000002,-2.88,1.7,2.5
1.759690001148221E9,42.4685568,-71.265472,356.33858267716494,276.2176832499631,64.2526909548421,-3.88,-3.85,1.7,2.5
1.759690002365353E9,42.4685984,-71.2659584,344.85564304461906,275.288799821923,64.10878107267173,-0.37,-3.5,1.7,2.5
1.7596900031482139E9,42.468624,-71.266272,343.21522309711247,275.76263288659845,63.88657174289338,2.72,-2.61,1.7,2.5
1.759690004361928E9,42.4686496,-71.2667392,336.65682414698125,275.86585168991206,63.527017880513185,1.11,-2.7600000000000002,1.7,2.5
1.759690005180632E9,42.4686784,-71.2670528,336.65682414698125,275.8156265294912,63.30639249548508,1.87,-2.92,1.7,2.5
1.759690006409481E9,42.4687104,-71.2675264,323.5334645669288,276.39682161758503,62.98392411720868,3.8000000000000003,-2.9,1.7,2.5
1.7596900071774E9,42.4687424,-71.2678464,315.33136482939597,277.4062095890571,62.883152934585,3.88,-2.83,1.7,2.5
1.75969000779185E9,42.4687648,-71.2680832,308.76968503936973,277.9320387059854,62.82352925542134,3.35,-2.77,1.7,2.5
1.7596900091741672E9,42.4688256,-71.2686144,295.64632545931727,278.6012368374388,62.51737818085228,1.6300000000000001,-3.0500000000000003,1.7,2.5
1.759690009993609E9,42.4688608,-71.268928,287.4475065616795,279.3395645149487,62.64467962900537,3.89,-3.5500000000000003,1.7,2.5
1.75969001137563E9,42.468928,-71.2694656,275.9645669291336,279.8513273428081,62.6012394322667,0.66,-4.14,1.7,2.5
1.759690011989965E9,42.4689664,-71.2697088,267.76246719160076,279.86959684779595,62.94012672984508,-0.05,-3.8000000000000003,1.7,2.5
1.7596900133726258E9,42.4690336,-71.2702464,262.8412073490811,279.24651449698854,63.632446363493415,-1.1500000000000001,-3.58,1.7,2.5
1.759690013987204E9,42.4690656,-71.2705024,254.6391076115483,278.61144306650317,63.482407743837086,-1.71,-2.7,1.7,2.5
1.759690015371121E9,42.4691168,-71.27104,249.71784776902862,277.4329260618805,63.25943171494792,-2.47,-1.96,1.7,2.5
1.759690015984352E9,42.4691424,-71.2712768,243.1561679790024,277.1228188350183,62.86310734203804,-2.97,-1.87,1.7,2.5
1.75969001659823E9,42.4691648,-71.2715072,239.87532808398927,276.93482725903334,62.46562944858632,-2.08,-1.62,1.7,2.5
1.7596900179813151E9,42.4692032,-71.2720512,233.316929133858,276.8814152124087,61.81245150373291,0.5700000000000001,-2.0,1.7,2.5
1.759690018594965E9,42.469232,-71.2722752,226.75524934383176,277.14740188381006,61.71063376057724,1.83,-0.99,1.7,2.5
1.7596900199782438E9,42.4692832,-71.2728192,213.6318897637793,277.9289581517638,61.86138115933495,-0.33,-1.31,1.7,2.5
1.759690020591529E9,42.4693024,-71.2730496,211.9914698162727,277.9521657227456,61.96301217478506,-0.85,-3.22,1.7,2.5
1.7596900219757218E9,42.46936,-71.2735808,203.78937007873995,277.6691932781791,62.19564270754121,-1.12,-4.5,1.7,2.5
1.759690022589093E9,42.469376,-71.2738176,197.22769028871372,277.3238825058246,62.518704818128,-1.08,-4.22,1.7,2.5
1.759690023975687E9,42.469424,-71.2743616,174.2650918635169,276.92984259558443,62.99366906328433,-0.45,-4.26,1.7,2.5
1.759690024585526E9,42.469456,-71.2745984,167.70341207349063,276.7498980332736,63.3418512151552,-0.74,-4.19,1.7,2.5
1.759690025969496E9,42.4694976,-71.2751552,156.22047244094472,276.48692038969256,65.38187908616193,1.34,-0.88,1.7,2.5
1.7596900265832849E9,42.4695136,-71.2753984,154.58005249343816,276.8515302182349,65.66548656298725,1.9000000000000001,-0.48,1.7,2.5
1.759690027966716E9,42.4695712,-71.2759808,144.73753280839878,277.17838423539894,64.71240485324739,-0.45,-2.5,1.7,2.5
1.7596900285806088E9,42.4695936,-71.2762176,146.37795275590537,277.1400975870506,64.11926258343274,-0.54,-2.89,1.7,2.5
1.759690029398411E9,42.4696192,-71.2765248,141.45669291338567,277.16450646484327,62.966797072943905,-0.06,-0.2,1.7,2.5
1.759690030577322E9,42.4696608,-71.276992,141.45997375328068,277.3880576173296,60.920449158221,1.7,0.63,1.7,2.5
1.7596900313947601E9,42.4696992,-71.2772992,134.89829396325445,277.3499864772805,59.562849457649776,0.25,0.54,1.7,2.5
1.759690032574048E9,42.4697408,-71.277728,141.45997375328068,277.146639209986,57.49854215272118,0.26,0.02,1.7,2.5
1.759690033391969E9,42.4697728,-71.2780096,139.81955380577412,277.11765784307556,56.31953881152567,-0.09,1.77,1.7,2.5
1.759690034571702E9,42.469808,-71.2784192,143.10039370078724,276.9732062925491,54.598245754279965,1.41,2.9,1.7,2.5
1.7596900353892732E9,42.4698304,-71.278688,138.17913385826756,277.12760224859375,53.42146549195186,0.58,2.94,1.7,2.5
1.759690036568112E9,42.4698592,-71.2790656,141.45997375328068,277.07416291194704,51.613204001519314,0.11,4.63,1.7,2.5
1.759690037348331E9,42.4698912,-71.2793344,133.2611548556429,277.1250163489018,50.46311646918761,-0.13,4.39,1.7,2.5
1.759690038566862E9,42.4699264,-71.2796992,136.54199475065604,276.8563559756748,48.84825509935411,0.35000000000000003,4.49,1.7,2.5
1.7596900393827791E9,42.4699488,-71.279936,139.82283464566916,276.7455796474828,47.32979926352424,1.24,1.45,1.7,2.4
1.759690039996733E9,42.4699616,-71.2801152,139.82283464566916,276.7827339457538,46.41339351578558,1.19,2.77,1.7,2.4
1.759690041381531E9,42.4699968,-71.2804992,131.62073490813634,277.34364270468836,44.86259167891085,1.42,0.98,1.7,2.4
1.759690042198451E9,42.4700192,-71.2807296,136.54199475065604,277.87580632151366,43.976365954969765,1.45,0.81,1.7,2.4
1.759690043378086E9,42.4700544,-71.2810432,138.1824146981626,276.9826427616332,42.69245876805598,1.45,0.96,1.7,2.4
1.759690044195173E9,42.4700704,-71.2812672,133.2611548556429,276.50168713503365,41.88710654108952,1.16,1.12,1.7,2.4
1.759690045375634E9,42.470096,-71.2815616,139.82283464566916,276.8264798476978,40.720647072475494,1.03,0.71,1.7,2.5
1.7596900461921191E9,42.4701152,-71.28176,136.54527559055103,277.11810949829174,40.001603985832936,0.99,0.61,1.7,2.4
1.759690047359034E9,42.4701344,-71.282048,139.82611548556415,277.7456275943595,38.509016466765864,1.33,-0.21,1.7,2.4
1.759690048188768E9,42.4701504,-71.2822336,143.1069553805773,277.74208149932264,36.939311119282834,1.48,-0.36,1.7,2.4
1.759690049369225E9,42.4701792,-71.2825088,136.54527559055103,276.3834828442173,34.09258306689716,1.27,-0.18,1.7,2.4
1.759690050185985E9,42.4701888,-71.2826624,141.4665354330707,275.5838933773697,32.36307269335373,1.1500000000000001,0.54,1.7,2.4
1.759690051366668E9,42.4702112,-71.2828992,139.82611548556415,276.94196336305833,29.431744223584765,0.38,-0.65,1.7,2.5
1.759690052182893E9,42.470224,-71.2830336,138.1856955380576,276.81642447012734,26.859401396681346,0.89,-1.2,1.7,2.4
1.759690053364286E9,42.47024,-71.2832256,138.1856955380576,276.53068310743026,23.243698799544788,0.8,-1.86,1.7,2.4
1.7596900541806579E9,42.4702496,-71.2833408,131.62401574803135,275.2631605471541,19.071769462494174,1.1500000000000001,-2.16,1.7,2.4
1.759690054998498E9,42.4702528,-71.2834176,141.4665354330707,271.7875845373025,14.955442294005575,1.0,-2.22,1.7,2.4
1.7596900563814569E9,42.4702496,-71.2835328,136.54527559055103,264.6140005177147,12.63244697876246,0.71,-1.19,1.7,2.4
1.759690056995182E9,42.4702496,-71.2835776,136.54527559055103,259.5833258587633,12.4711978567028,0.53,-1.32,1.7,2.4
1.759690058378374E9,42.4702272,-71.2836736,136.54527559055103,248.00549885047036,11.781894654473106,0.53,-0.75,1.7,2.4
1.759690058992002E9,42.4702112,-71.283712,138.1856955380576,240.6370053504256,11.575671462974423,0.49,-0.89,1.7,2.5
1.7596900603755178E9,42.4701696,-71.2837888,134.90813648293948,224.21906499881558,11.093290762589273,0.37,-0.47000000000000003,1.7,2.5
1.75969006098947E9,42.4701408,-71.2838144,134.90813648293948,218.64388833799157,10.925754881757873,0.24,-0.54,1.7,2.5
1.759690062372202E9,42.47008,-71.2838656,143.11023622047227,214.85746408717065,10.84945618356528,-0.16,-1.18,1.7,2.5
1.759690062985931E9,42.4700544,-71.2838848,138.1889763779526,215.52565853905375,10.77186295572517,0.02,-1.24,1.7,2.5
1.759690063599674E9,42.470032,-71.2839104,133.26771653543292,216.0119899032574,10.645685787149276,-0.34,-0.67,1.7,2.5
1.759690064983078E9,42.4699808,-71.283968,134.90813648293948,217.25892374269898,10.306501056087887,-0.31,-0.55,1.7,2.5
1.75969006559677E9,42.469952,-71.2839872,143.11023622047227,217.29588072248717,10.458172399713396,-0.24,-0.75,1.7,2.5
1.759690066980645E9,42.4699008,-71.2840512,131.62729658792637,217.3039482779834,11.803362438596748,-0.31,-0.7000000000000001,1.7,2.5
1.759690067593349E9,42.4698752,-71.284064,138.1889763779526,217.33439955748418,12.46822829296781,-0.08,-0.6900000000000001,1.7,2.5
1.759690068977004E9,42.4698112,-71.2841344,138.1889763779526,217.29771573373378,13.537310403592471,-0.17,-0.32,1.7,2.5
1.759690069590379E9,42.469776,-71.2841664,141.46981627296572,217.33208347954226,13.494607501521296,-0.14,-0.31,1.7,2.5
1.759690070974969E9,42.4696992,-71.2842432,139.82939632545916,217.77737594396757,13.009839101354132,0.15,-0.52,1.7,2.5
1.759690071588182E9,42.4696768,-71.2842624,138.1889763779526,218.3703684814984,12.61987797221254,0.19,0.14,1.7,2.5
1.759690072971853E9,42.4696128,-71.2843328,141.47309711286076,216.88833851405602,12.079050286493873,0.05,-0.19,1.7,2.5
1.759690073584883E9,42.469584,-71.2843648,138.19225721784764,216.70010492075212,11.806963276533299,0.26,0.09,1.7,2.5
1.759690074968667E9,42.4695232,-71.284416,143.11351706036731,217.22539947161331,11.278402828378537,0.32,-0.06,1.7,2.5
1.759690075581744E9,42.4694976,-71.284448,141.47309711286076,216.84974436510177,11.052700453870013,0.37,-0.25,1.7,2.5
1.759690076400131E9,42.4694656,-71.2844864,138.19225721784764,216.91173464425952,10.64838295498485,0.38,-0.02,1.7,2.5
1.7596900775787E9,42.469424,-71.2845312,139.8326771653542,217.67147996225356,10.559996691657876,0.26,-0.34,1.7,2.5
1.759690078396821E9,42.469392,-71.2845504,143.11351706036731,217.43988107042472,10.55171000946979,0.54,0.02,1.7,2.5
1.759690079576747E9,42.4693536,-71.2845888,144.75393700787387,216.70285503016314,10.667863898504477,0.64,0.1,1.7,2.5
1.759690080393536E9,42.4693184,-71.2846208,151.3156167979001,216.21402926180656,10.528551555978465,0.26,-0.22,1.7,2.5
1.759690081572598E9,42.4692672,-71.2846784,144.75393700787387,217.17864789562503,10.10036261775139,0.2,0.11,1.7,2.5
1.759690082390332E9,42.4692416,-71.2847168,148.034776902887,217.56859202882748,9.883240227878357,0.32,-0.35000000000000003,1.7,2.5
